temperature,heart_rate,blood_oxygen,status
36.70000076293945,60.0,94.0,healthy
35.10000228881836,65.0,99.0,healthy
36.20000076293945,74.0,100.0,healthy
35.20000076293945,50.0,98.0,healthy
35.79999923706055,68.0,99.0,healthy
35.70000076293945,69.0,98.0,healthy
36.5,74.0,100.0,healthy
36.20000076293945,57.0,98.0,healthy
36.5,61.0,100.0,healthy
35.70000076293945,105.0,90.0,dangerous
35.79999923706055,82.0,100.0,risky
36.400001525878906,68.0,97.0,healthy
36.29999923706055,88.0,98.0,healthy
36.20000076293945,84.0,99.0,healthy
33.900001525878906,57.0,100.0,risky
35.79999923706055,51.0,99.0,healthy
35.20000076293945,57.0,100.0,healthy
35.70000076293945,61.0,100.0,healthy
29.0,62.0,90.0,dangerous
35.79999923706055,73.0,97.0,healthy
29.5,88.0,100.0,dangerous
35.10000228881836,75.0,99.0,risky
35.60000228881836,48.0,98.0,healthy
35.60000228881836,61.0,91.0,risky
35.79999923706055,57.0,100.0,healthy
35.900001525878906,61.0,100.0,healthy
35.5,43.0,97.0,healthy
35.60000228881836,84.0,99.0,healthy
37.20000076293945,160.0,99.0,dangerous
35.79999923706055,57.0,98.0,healthy
35.5,64.0,97.0,risky
36.29999923706055,64.0,97.0,risky
35.900001525878906,63.0,99.0,healthy
28.200000762939453,88.0,99.0,dangerous
33.79999923706055,138.0,99.0,dangerous
37.0,65.0,99.0,healthy
36.29999923706055,45.0,97.0,healthy
36.20000076293945,62.0,100.0,healthy
36.0,56.0,99.0,healthy
36.400001525878906,65.0,93.0,healthy
35.900001525878906,64.0,100.0,healthy
36.0,72.0,100.0,healthy
36.5,62.0,96.0,healthy
36.29999923706055,80.0,98.0,healthy
32.70000076293945,66.0,100.0,risky
35.0,65.0,98.0,healthy
35.5,73.0,100.0,healthy
35.79999923706055,69.0,98.0,healthy
36.900001525878906,58.0,99.0,healthy
34.10000228881836,78.0,98.0,dangerous
36.10000228881836,82.0,99.0,healthy
36.900001525878906,58.0,99.0,healthy
37.10000228881836,81.0,99.0,healthy
35.0,90.0,100.0,healthy
36.29999923706055,68.0,100.0,healthy
36.29999923706055,53.0,98.0,healthy
35.10000228881836,76.0,95.0,healthy
35.29999923706055,69.0,98.0,healthy
36.70000076293945,70.0,97.0,healthy
36.5,79.0,97.0,healthy
29.600000381469727,65.0,100.0,risky
36.400001525878906,65.0,99.0,healthy
36.10000228881836,69.0,100.0,healthy
36.29999923706055,101.0,94.0,healthy
36.10000228881836,65.0,100.0,healthy
36.5,59.0,100.0,healthy
36.20000076293945,63.0,98.0,healthy
36.20000076293945,71.0,100.0,healthy
35.900001525878906,59.0,99.0,healthy
35.10000228881836,90.0,99.0,healthy
37.0,54.0,99.0,healthy
34.60000228881836,121.0,100.0,risky
36.0,86.0,100.0,healthy
35.60000228881836,75.0,100.0,healthy
36.5,72.0,100.0,healthy
35.900001525878906,106.0,100.0,risky
35.20000076293945,73.0,99.0,healthy
36.0,65.0,97.0,healthy
35.60000228881836,75.0,99.0,healthy
36.0,58.0,100.0,healthy
35.5,81.0,98.0,healthy
36.20000076293945,74.0,100.0,healthy
35.70000076293945,96.0,98.0,healthy
35.5,80.0,97.0,healthy
36.5,71.0,97.0,healthy
31.600000381469727,93.0,100.0,dangerous
36.20000076293945,57.0,97.0,healthy
35.400001525878906,56.0,100.0,healthy
36.5,56.0,100.0,risky
36.0,97.0,97.0,healthy
36.0,112.0,99.0,risky
36.10000228881836,58.0,100.0,risky
36.0,71.0,99.0,risky
36.29999923706055,73.0,100.0,healthy
35.400001525878906,75.0,97.0,risky
35.400001525878906,72.0,99.0,healthy
35.70000076293945,59.0,99.0,healthy
36.79999923706055,65.0,99.0,healthy
36.10000228881836,86.0,100.0,risky
35.900001525878906,73.0,99.0,healthy
35.79999923706055,98.0,95.0,healthy
36.400001525878906,106.0,98.0,risky
35.60000228881836,63.0,99.0,healthy
29.0,74.0,98.0,risky
35.400001525878906,70.0,98.0,healthy
37.0,52.0,100.0,healthy
36.10000228881836,72.0,99.0,healthy
35.79999923706055,83.0,98.0,healthy
36.400001525878906,56.0,98.0,healthy
35.20000076293945,67.0,98.0,healthy
36.10000228881836,57.0,99.0,healthy
34.20000076293945,108.0,100.0,risky
35.5,78.0,100.0,healthy
34.20000076293945,87.0,99.0,dangerous
35.70000076293945,55.0,99.0,healthy
37.0,76.0,100.0,healthy
35.79999923706055,64.0,98.0,risky
36.0,49.0,99.0,healthy
36.20000076293945,69.0,99.0,healthy
35.60000228881836,74.0,98.0,healthy
36.400001525878906,69.0,99.0,healthy
35.5,65.0,99.0,healthy
36.60000228881836,57.0,98.0,healthy
35.60000228881836,76.0,99.0,risky
33.60000228881836,77.0,98.0,dangerous
35.60000228881836,68.0,100.0,healthy
35.5,69.0,100.0,healthy
36.0,95.0,98.0,healthy
36.70000076293945,52.0,100.0,healthy
35.400001525878906,57.0,100.0,healthy
35.5,63.0,97.0,healthy
36.400001525878906,69.0,98.0,healthy
36.29999923706055,67.0,98.0,healthy
36.900001525878906,83.0,99.0,healthy
36.400001525878906,63.0,99.0,healthy
36.79999923706055,52.0,100.0,risky
35.900001525878906,82.0,99.0,healthy
35.70000076293945,90.0,100.0,healthy
36.20000076293945,65.0,100.0,healthy
36.29999923706055,86.0,95.0,healthy
36.60000228881836,68.0,100.0,risky
35.79999923706055,92.0,100.0,healthy
35.79999923706055,52.0,98.0,healthy
36.400001525878906,100.0,96.0,healthy
36.400001525878906,135.0,99.0,risky
36.5,63.0,99.0,healthy
37.10000228881836,87.0,100.0,risky
34.400001525878906,46.0,100.0,risky
36.29999923706055,64.0,100.0,healthy
35.60000228881836,67.0,100.0,healthy
36.0,66.0,100.0,healthy
35.900001525878906,59.0,98.0,healthy
36.5,58.0,100.0,healthy
35.70000076293945,68.0,100.0,healthy
35.29999923706055,66.0,100.0,healthy
35.60000228881836,59.0,100.0,healthy
35.20000076293945,92.0,97.0,healthy
36.0,72.0,99.0,healthy
36.20000076293945,101.0,99.0,healthy
36.10000228881836,57.0,100.0,healthy
35.900001525878906,65.0,97.0,healthy
36.0,54.0,100.0,healthy
36.20000076293945,60.0,100.0,healthy
35.79999923706055,86.0,99.0,healthy
36.0,102.0,98.0,healthy
35.5,90.0,100.0,healthy
35.60000228881836,48.0,97.0,healthy
36.29999923706055,54.0,98.0,healthy
36.0,88.0,99.0,healthy
36.29999923706055,88.0,100.0,healthy
35.900001525878906,54.0,100.0,healthy
35.5,108.0,97.0,healthy
36.70000076293945,68.0,97.0,risky
35.79999923706055,63.0,100.0,risky
36.0,50.0,99.0,healthy
35.79999923706055,82.0,98.0,risky
34.79999923706055,74.0,100.0,dangerous
35.60000228881836,69.0,99.0,healthy
34.5,66.0,100.0,risky
35.10000228881836,53.0,98.0,risky
35.400001525878906,85.0,100.0,healthy
35.5,62.0,100.0,healthy
36.79999923706055,69.0,98.0,healthy
35.70000076293945,80.0,99.0,healthy
36.60000228881836,80.0,100.0,healthy
35.70000076293945,82.0,100.0,healthy
36.10000228881836,53.0,100.0,healthy
35.400001525878906,72.0,100.0,healthy
36.0,77.0,96.0,risky
36.400001525878906,73.0,96.0,healthy
35.900001525878906,62.0,92.0,healthy
36.5,54.0,97.0,healthy
35.79999923706055,64.0,99.0,healthy
36.29999923706055,62.0,99.0,healthy
36.10000228881836,69.0,100.0,healthy
36.20000076293945,48.0,98.0,healthy
36.70000076293945,78.0,97.0,healthy
36.10000228881836,55.0,100.0,healthy
35.60000228881836,72.0,97.0,healthy
36.10000228881836,85.0,99.0,healthy
36.60000228881836,53.0,98.0,healthy
37.0,77.0,98.0,risky
35.5,92.0,95.0,risky
35.400001525878906,72.0,99.0,healthy
35.70000076293945,48.0,98.0,risky
35.70000076293945,60.0,96.0,healthy
36.0,81.0,100.0,healthy
36.0,64.0,100.0,healthy
36.79999923706055,74.0,100.0,healthy
35.60000228881836,61.0,96.0,healthy
36.20000076293945,64.0,99.0,healthy
35.60000228881836,68.0,100.0,healthy
36.10000228881836,72.0,99.0,healthy
35.70000076293945,57.0,98.0,healthy
36.60000228881836,79.0,100.0,healthy
34.400001525878906,61.0,99.0,risky
36.400001525878906,63.0,100.0,healthy
36.900001525878906,72.0,96.0,healthy
35.70000076293945,53.0,99.0,risky
36.5,53.0,99.0,healthy
36.29999923706055,58.0,100.0,healthy
35.900001525878906,62.0,99.0,healthy
34.60000228881836,72.0,100.0,dangerous
35.900001525878906,65.0,100.0,healthy
36.60000228881836,79.0,99.0,healthy
36.79999923706055,49.0,97.0,healthy
36.10000228881836,84.0,100.0,risky
35.70000076293945,66.0,96.0,healthy
35.900001525878906,63.0,100.0,healthy
36.0,74.0,98.0,healthy
36.29999923706055,88.0,97.0,risky
36.400001525878906,57.0,98.0,healthy
35.70000076293945,70.0,100.0,healthy
35.79999923706055,64.0,98.0,healthy
36.400001525878906,48.0,99.0,healthy
34.900001525878906,79.0,95.0,dangerous
36.60000228881836,87.0,99.0,risky
35.10000228881836,85.0,99.0,healthy
36.10000228881836,62.0,99.0,healthy
35.5,70.0,100.0,healthy
34.60000228881836,70.0,99.0,risky
36.70000076293945,64.0,100.0,healthy
35.60000228881836,49.0,100.0,healthy
35.70000076293945,81.0,98.0,healthy
35.400001525878906,79.0,95.0,healthy
36.5,54.0,98.0,healthy
35.79999923706055,84.0,99.0,healthy
36.10000228881836,76.0,100.0,healthy
35.60000228881836,78.0,97.0,healthy
35.5,63.0,100.0,healthy
35.60000228881836,64.0,99.0,healthy
36.29999923706055,64.0,98.0,healthy
34.400001525878906,76.0,100.0,dangerous
35.400001525878906,76.0,99.0,risky
36.400001525878906,95.0,99.0,healthy
36.0,65.0,99.0,risky
36.79999923706055,86.0,99.0,healthy
36.60000228881836,66.0,98.0,healthy
35.70000076293945,77.0,99.0,risky
35.70000076293945,48.0,100.0,healthy
35.900001525878906,75.0,97.0,risky
30.200000762939453,76.0,100.0,dangerous
35.5,73.0,98.0,healthy
34.0,73.0,99.0,risky
35.70000076293945,70.0,93.0,healthy
34.79999923706055,63.0,100.0,dangerous
36.0,88.0,95.0,healthy
35.400001525878906,66.0,99.0,healthy
36.10000228881836,54.0,96.0,healthy
35.79999923706055,51.0,99.0,healthy
34.5,71.0,99.0,risky
35.70000076293945,63.0,100.0,healthy
36.20000076293945,69.0,100.0,healthy
35.29999923706055,60.0,99.0,healthy
36.29999923706055,72.0,100.0,healthy
35.70000076293945,60.0,99.0,healthy
36.400001525878906,53.0,100.0,healthy
35.10000228881836,53.0,99.0,healthy
36.0,62.0,99.0,healthy
36.10000228881836,69.0,100.0,risky
36.10000228881836,91.0,98.0,healthy
36.60000228881836,70.0,98.0,healthy
35.900001525878906,52.0,98.0,healthy
36.60000228881836,60.0,99.0,healthy
36.79999923706055,72.0,95.0,healthy
35.79999923706055,76.0,100.0,healthy
35.29999923706055,57.0,100.0,healthy
35.5,67.0,100.0,healthy
35.900001525878906,89.0,97.0,risky
36.10000228881836,62.0,100.0,healthy
34.5,62.0,98.0,dangerous
35.5,51.0,98.0,healthy
36.29999923706055,50.0,100.0,healthy
35.20000076293945,52.0,99.0,healthy
35.70000076293945,51.0,100.0,healthy
36.29999923706055,50.0,96.0,healthy
35.5,58.0,99.0,healthy
35.400001525878906,55.0,99.0,healthy
36.20000076293945,66.0,100.0,healthy
36.10000228881836,59.0,100.0,healthy
36.900001525878906,67.0,100.0,healthy
36.79999923706055,53.0,88.0,dangerous
36.20000076293945,60.0,99.0,healthy
36.400001525878906,72.0,97.0,healthy
36.400001525878906,92.0,100.0,healthy
36.29999923706055,75.0,99.0,healthy
35.70000076293945,57.0,98.0,healthy
36.5,85.0,98.0,healthy
35.60000228881836,91.0,97.0,healthy
36.60000228881836,94.0,98.0,healthy
33.20000076293945,88.0,93.0,risky
34.60000228881836,81.0,100.0,dangerous
35.900001525878906,90.0,98.0,healthy
33.900001525878906,53.0,100.0,risky
35.900001525878906,73.0,95.0,healthy
36.29999923706055,71.0,99.0,healthy
34.60000228881836,64.0,99.0,risky
36.79999923706055,80.0,100.0,healthy
36.29999923706055,59.0,98.0,healthy
36.60000228881836,75.0,99.0,healthy
35.70000076293945,77.0,100.0,risky
35.900001525878906,81.0,99.0,healthy
36.70000076293945,108.0,98.0,risky
34.79999923706055,64.0,97.0,dangerous
35.70000076293945,62.0,100.0,healthy
35.79999923706055,68.0,100.0,healthy
35.20000076293945,75.0,99.0,healthy
36.20000076293945,68.0,98.0,healthy
35.20000076293945,71.0,100.0,healthy
35.60000228881836,50.0,96.0,healthy
35.400001525878906,52.0,98.0,healthy
35.70000076293945,100.0,98.0,healthy
35.400001525878906,85.0,99.0,healthy
36.10000228881836,86.0,98.0,healthy
35.29999923706055,84.0,99.0,healthy
33.900001525878906,60.0,100.0,risky
35.400001525878906,171.0,91.0,dangerous
36.20000076293945,61.0,100.0,healthy
36.10000228881836,103.0,98.0,risky
35.29999923706055,55.0,99.0,healthy
36.0,62.0,100.0,healthy
36.29999923706055,52.0,100.0,healthy
35.900001525878906,76.0,100.0,healthy
36.400001525878906,58.0,97.0,healthy
35.60000228881836,54.0,98.0,healthy
36.400001525878906,91.0,97.0,risky
35.70000076293945,80.0,99.0,risky
35.29999923706055,69.0,98.0,healthy
36.0,45.0,98.0,healthy
36.10000228881836,57.0,98.0,healthy
34.60000228881836,62.0,98.0,dangerous
35.60000228881836,52.0,100.0,healthy
35.900001525878906,69.0,100.0,healthy
35.29999923706055,71.0,99.0,risky
36.0,90.0,100.0,healthy
35.400001525878906,62.0,99.0,healthy
36.20000076293945,77.0,98.0,healthy
36.0,64.0,98.0,healthy
34.400001525878906,79.0,99.0,dangerous
35.79999923706055,58.0,99.0,healthy
36.5,63.0,99.0,healthy
35.79999923706055,63.0,99.0,healthy
36.70000076293945,73.0,100.0,healthy
35.70000076293945,90.0,100.0,healthy
35.400001525878906,70.0,99.0,healthy
36.20000076293945,55.0,98.0,healthy
36.5,70.0,98.0,risky
35.70000076293945,53.0,99.0,healthy
35.70000076293945,52.0,100.0,healthy
35.900001525878906,66.0,99.0,healthy
36.5,75.0,100.0,healthy
36.70000076293945,58.0,100.0,healthy
35.900001525878906,73.0,99.0,healthy
36.20000076293945,78.0,98.0,risky
35.0,49.0,99.0,healthy
35.60000228881836,64.0,100.0,healthy
35.79999923706055,62.0,100.0,healthy
36.60000228881836,87.0,97.0,healthy
35.0,59.0,100.0,healthy
36.5,133.0,88.0,dangerous
35.60000228881836,57.0,100.0,healthy
36.20000076293945,79.0,74.0,dangerous
34.70000076293945,60.0,98.0,risky
35.79999923706055,68.0,100.0,healthy
35.79999923706055,88.0,97.0,healthy
36.900001525878906,119.0,99.0,healthy
36.20000076293945,114.0,100.0,healthy
36.20000076293945,79.0,99.0,risky
35.900001525878906,64.0,100.0,healthy
36.10000228881836,72.0,97.0,healthy
35.20000076293945,58.0,100.0,healthy
35.29999923706055,75.0,99.0,healthy
35.20000076293945,90.0,99.0,healthy
36.400001525878906,90.0,99.0,healthy
34.900001525878906,55.0,100.0,risky
35.900001525878906,67.0,97.0,healthy
35.900001525878906,69.0,99.0,healthy
35.70000076293945,65.0,100.0,healthy
35.70000076293945,73.0,98.0,healthy
35.29999923706055,56.0,100.0,healthy
36.60000228881836,72.0,96.0,healthy
37.0,78.0,99.0,healthy
35.5,65.0,99.0,healthy
35.900001525878906,56.0,98.0,healthy
36.10000228881836,72.0,100.0,healthy
37.29999923706055,81.0,97.0,healthy
36.10000228881836,97.0,100.0,healthy
35.79999923706055,58.0,97.0,healthy
35.5,69.0,100.0,healthy
35.60000228881836,71.0,99.0,healthy
35.70000076293945,68.0,98.0,healthy
36.0,53.0,98.0,healthy
35.10000228881836,73.0,100.0,healthy
36.20000076293945,57.0,99.0,risky
35.900001525878906,48.0,98.0,healthy
35.400001525878906,66.0,99.0,healthy
35.79999923706055,65.0,99.0,healthy
36.20000076293945,60.0,97.0,healthy
34.400001525878906,79.0,98.0,dangerous
36.400001525878906,62.0,100.0,healthy
35.5,65.0,97.0,healthy
35.60000228881836,51.0,99.0,healthy
35.79999923706055,46.0,97.0,risky
36.10000228881836,65.0,100.0,healthy
35.79999923706055,49.0,100.0,healthy
36.0,70.0,99.0,risky
35.900001525878906,50.0,98.0,healthy
36.900001525878906,85.0,99.0,healthy
33.29999923706055,52.0,99.0,risky
36.10000228881836,67.0,100.0,healthy
34.5,65.0,99.0,risky
35.70000076293945,84.0,98.0,healthy
35.79999923706055,46.0,99.0,healthy
35.79999923706055,67.0,100.0,healthy
35.900001525878906,79.0,99.0,healthy
35.900001525878906,59.0,99.0,healthy
35.79999923706055,59.0,98.0,healthy
35.900001525878906,71.0,96.0,risky
35.10000228881836,57.0,95.0,healthy
36.79999923706055,118.0,100.0,healthy
36.20000076293945,53.0,98.0,healthy
35.0,80.0,100.0,healthy
36.400001525878906,67.0,99.0,healthy
35.60000228881836,93.0,98.0,healthy
36.400001525878906,99.0,100.0,risky
36.400001525878906,60.0,99.0,healthy
36.900001525878906,90.0,100.0,healthy
35.900001525878906,73.0,99.0,healthy
36.0,68.0,99.0,healthy
35.60000228881836,67.0,100.0,healthy
36.10000228881836,58.0,99.0,healthy
36.0,70.0,99.0,healthy
35.60000228881836,60.0,100.0,healthy
37.10000228881836,78.0,99.0,healthy
34.79999923706055,51.0,99.0,risky
35.79999923706055,57.0,96.0,healthy
28.80000114440918,58.0,99.0,dangerous
36.29999923706055,63.0,98.0,healthy
35.20000076293945,83.0,97.0,risky
36.10000228881836,65.0,100.0,healthy
35.60000228881836,99.0,99.0,healthy
36.0,82.0,98.0,healthy
36.20000076293945,76.0,96.0,healthy
35.20000076293945,91.0,98.0,healthy
35.29999923706055,66.0,99.0,healthy
36.5,71.0,100.0,healthy
36.0,99.0,97.0,healthy
35.29999923706055,85.0,100.0,healthy
36.20000076293945,63.0,98.0,healthy
36.0,53.0,97.0,healthy
36.29999923706055,79.0,98.0,healthy
36.10000228881836,61.0,100.0,healthy
34.70000076293945,53.0,100.0,risky
35.400001525878906,62.0,98.0,healthy
34.900001525878906,58.0,99.0,risky
35.400001525878906,83.0,94.0,risky
35.900001525878906,71.0,100.0,risky
35.29999923706055,46.0,100.0,healthy
35.400001525878906,55.0,98.0,healthy
36.60000228881836,103.0,95.0,healthy
36.900001525878906,78.0,98.0,healthy
36.20000076293945,61.0,99.0,healthy
33.400001525878906,64.0,98.0,dangerous
35.5,91.0,97.0,healthy
36.0,64.0,99.0,healthy
35.70000076293945,56.0,100.0,healthy
36.29999923706055,61.0,97.0,healthy
35.400001525878906,80.0,98.0,healthy
36.10000228881836,63.0,99.0,healthy
35.60000228881836,86.0,100.0,healthy
35.900001525878906,59.0,99.0,healthy
36.20000076293945,91.0,98.0,risky
35.400001525878906,65.0,100.0,healthy
35.60000228881836,93.0,100.0,healthy
35.5,92.0,100.0,healthy
36.29999923706055,70.0,99.0,healthy
34.900001525878906,56.0,97.0,risky
30.200000762939453,51.0,99.0,risky
35.900001525878906,100.0,94.0,risky
35.70000076293945,82.0,98.0,healthy
36.0,55.0,100.0,healthy
35.79999923706055,56.0,98.0,healthy
36.20000076293945,59.0,95.0,healthy
36.79999923706055,65.0,99.0,healthy
35.20000076293945,71.0,98.0,healthy
36.0,77.0,99.0,healthy
36.79999923706055,66.0,99.0,healthy
35.900001525878906,79.0,100.0,healthy
35.29999923706055,58.0,98.0,risky
35.70000076293945,87.0,100.0,healthy
36.0,46.0,100.0,healthy
35.79999923706055,75.0,100.0,healthy
34.79999923706055,89.0,99.0,dangerous
35.60000228881836,70.0,95.0,healthy
36.20000076293945,58.0,99.0,healthy
35.900001525878906,70.0,100.0,risky
34.0,70.0,98.0,dangerous
35.79999923706055,60.0,96.0,healthy
35.900001525878906,65.0,99.0,healthy
35.5,75.0,99.0,healthy
35.400001525878906,71.0,82.0,dangerous
36.29999923706055,49.0,98.0,healthy
36.0,77.0,99.0,healthy
36.900001525878906,74.0,100.0,risky
35.60000228881836,47.0,99.0,risky
37.20000076293945,78.0,100.0,healthy
35.20000076293945,66.0,99.0,healthy
35.900001525878906,60.0,100.0,healthy
35.20000076293945,63.0,100.0,risky
36.5,82.0,99.0,risky
36.29999923706055,67.0,100.0,healthy
36.10000228881836,58.0,98.0,healthy
35.5,55.0,96.0,healthy
34.60000228881836,61.0,97.0,dangerous
35.20000076293945,93.0,95.0,healthy
36.10000228881836,85.0,99.0,risky
35.20000076293945,63.0,99.0,healthy
33.400001525878906,60.0,91.0,dangerous
36.5,72.0,99.0,healthy
35.5,72.0,95.0,healthy
35.60000228881836,56.0,100.0,healthy
35.70000076293945,65.0,97.0,healthy
35.20000076293945,76.0,99.0,healthy
35.900001525878906,45.0,100.0,healthy
37.20000076293945,104.0,96.0,healthy
36.10000228881836,44.0,100.0,healthy
36.60000228881836,48.0,100.0,healthy
36.60000228881836,56.0,100.0,healthy
36.0,56.0,100.0,healthy
35.900001525878906,62.0,99.0,healthy
35.79999923706055,62.0,98.0,healthy
36.29999923706055,70.0,99.0,healthy
36.10000228881836,70.0,96.0,healthy
36.20000076293945,61.0,99.0,healthy
36.70000076293945,66.0,99.0,healthy
38.0,101.0,98.0,healthy
35.10000228881836,44.0,99.0,healthy
36.0,98.0,100.0,healthy
36.70000076293945,116.0,97.0,healthy
35.70000076293945,66.0,97.0,healthy
36.70000076293945,57.0,99.0,healthy
36.70000076293945,54.0,91.0,dangerous
35.29999923706055,82.0,99.0,healthy
32.5,61.0,100.0,dangerous
35.29999923706055,70.0,99.0,risky
35.0,71.0,100.0,healthy
35.5,69.0,99.0,healthy
35.5,66.0,100.0,healthy
36.60000228881836,60.0,99.0,risky
36.0,70.0,99.0,healthy
36.10000228881836,62.0,99.0,healthy
35.29999923706055,81.0,94.0,healthy
36.20000076293945,69.0,100.0,healthy
36.10000228881836,73.0,96.0,healthy
35.70000076293945,58.0,99.0,healthy
37.0,81.0,100.0,healthy
30.399999618530273,70.0,100.0,risky
35.400001525878906,54.0,99.0,healthy
36.20000076293945,73.0,100.0,healthy
36.29999923706055,66.0,87.0,dangerous
36.60000228881836,59.0,96.0,healthy
36.900001525878906,69.0,96.0,risky
36.0,85.0,99.0,healthy
36.29999923706055,69.0,100.0,risky
35.79999923706055,68.0,98.0,healthy
36.0,69.0,99.0,healthy
35.900001525878906,50.0,99.0,healthy
36.79999923706055,65.0,97.0,healthy
36.5,64.0,96.0,healthy
35.60000228881836,65.0,99.0,healthy
35.10000228881836,112.0,96.0,healthy
35.60000228881836,74.0,95.0,healthy
35.900001525878906,74.0,99.0,healthy
36.400001525878906,62.0,95.0,healthy
36.79999923706055,67.0,100.0,healthy
35.5,72.0,100.0,healthy
36.79999923706055,61.0,99.0,healthy
35.70000076293945,88.0,89.0,risky
36.29999923706055,59.0,100.0,healthy
36.20000076293945,73.0,100.0,risky
35.79999923706055,75.0,98.0,risky
35.900001525878906,68.0,99.0,healthy
35.400001525878906,75.0,100.0,healthy
36.70000076293945,83.0,99.0,healthy
28.600000381469727,68.0,97.0,dangerous
35.900001525878906,69.0,100.0,healthy
36.10000228881836,54.0,98.0,healthy
30.0,116.0,99.0,risky
36.5,57.0,100.0,healthy
35.79999923706055,52.0,96.0,healthy
36.5,78.0,96.0,healthy
36.10000228881836,47.0,100.0,healthy
34.79999923706055,75.0,100.0,risky
35.70000076293945,86.0,99.0,healthy
34.70000076293945,75.0,99.0,risky
36.60000228881836,73.0,99.0,healthy
36.400001525878906,73.0,93.0,healthy
35.79999923706055,76.0,100.0,healthy
35.79999923706055,57.0,100.0,healthy
35.79999923706055,54.0,96.0,healthy
36.20000076293945,50.0,99.0,healthy
36.10000228881836,64.0,100.0,healthy
35.400001525878906,57.0,100.0,healthy
37.20000076293945,119.0,100.0,healthy
35.29999923706055,56.0,100.0,healthy
36.5,68.0,96.0,healthy
36.400001525878906,46.0,100.0,healthy
35.400001525878906,70.0,98.0,healthy
36.60000228881836,65.0,97.0,healthy
28.399999618530273,67.0,100.0,dangerous
36.29999923706055,51.0,100.0,healthy
36.29999923706055,63.0,97.0,healthy
35.70000076293945,66.0,99.0,healthy
35.5,48.0,99.0,healthy
35.60000228881836,49.0,98.0,healthy
36.79999923706055,70.0,100.0,healthy
35.900001525878906,64.0,99.0,healthy
35.79999923706055,58.0,96.0,healthy
36.20000076293945,58.0,100.0,healthy
36.900001525878906,64.0,98.0,healthy
35.10000228881836,65.0,100.0,healthy
35.900001525878906,79.0,99.0,healthy
35.20000076293945,83.0,100.0,healthy
35.5,53.0,99.0,risky
36.0,54.0,98.0,risky
36.10000228881836,69.0,98.0,healthy
35.400001525878906,64.0,99.0,healthy
36.0,53.0,99.0,healthy
35.60000228881836,58.0,100.0,healthy
33.79999923706055,100.0,95.0,dangerous
35.5,62.0,99.0,healthy
36.20000076293945,81.0,98.0,healthy
36.0,70.0,99.0,healthy
35.29999923706055,61.0,98.0,healthy
35.400001525878906,102.0,98.0,healthy
36.70000076293945,71.0,98.0,healthy
35.20000076293945,67.0,99.0,healthy
36.70000076293945,58.0,99.0,healthy
35.5,58.0,98.0,healthy
35.400001525878906,73.0,99.0,healthy
35.60000228881836,60.0,100.0,healthy
36.0,59.0,99.0,healthy
35.0,58.0,94.0,healthy
37.10000228881836,58.0,97.0,healthy
28.600000381469727,66.0,99.0,risky
35.70000076293945,75.0,100.0,healthy
36.10000228881836,55.0,99.0,healthy
35.79999923706055,70.0,100.0,healthy
35.29999923706055,56.0,99.0,healthy
35.79999923706055,68.0,96.0,healthy
36.0,88.0,99.0,healthy
35.29999923706055,74.0,100.0,healthy
36.20000076293945,65.0,99.0,healthy
36.29999923706055,69.0,99.0,risky
36.20000076293945,70.0,100.0,healthy
35.10000228881836,63.0,100.0,healthy
35.70000076293945,75.0,100.0,healthy
35.5,122.0,100.0,healthy
35.29999923706055,68.0,99.0,healthy
36.20000076293945,79.0,98.0,healthy
35.79999923706055,69.0,85.0,dangerous
35.0,81.0,97.0,healthy
35.60000228881836,70.0,100.0,healthy
36.400001525878906,69.0,99.0,healthy
36.900001525878906,67.0,97.0,risky
35.400001525878906,80.0,100.0,healthy
35.60000228881836,53.0,99.0,healthy
35.400001525878906,49.0,100.0,healthy
37.400001525878906,121.0,96.0,healthy
36.29999923706055,64.0,99.0,healthy
34.5,77.0,100.0,risky
35.70000076293945,68.0,100.0,healthy
36.10000228881836,64.0,98.0,healthy
35.0,48.0,99.0,risky
35.79999923706055,71.0,100.0,healthy
36.10000228881836,74.0,99.0,healthy
36.400001525878906,85.0,97.0,healthy
36.29999923706055,48.0,100.0,healthy
36.10000228881836,65.0,98.0,healthy
36.20000076293945,71.0,100.0,healthy
36.0,76.0,100.0,healthy
36.29999923706055,83.0,98.0,healthy
35.20000076293945,59.0,100.0,healthy
35.400001525878906,53.0,99.0,healthy
35.0,66.0,100.0,healthy
36.5,58.0,100.0,healthy
35.400001525878906,56.0,97.0,healthy
36.29999923706055,77.0,99.0,risky
35.900001525878906,45.0,99.0,healthy
35.20000076293945,72.0,99.0,healthy
35.60000228881836,78.0,100.0,risky
36.10000228881836,95.0,99.0,healthy
35.29999923706055,74.0,99.0,healthy
35.10000228881836,51.0,100.0,healthy
34.900001525878906,49.0,98.0,dangerous
35.29999923706055,90.0,100.0,healthy
37.0,53.0,100.0,healthy
36.60000228881836,68.0,97.0,risky
35.79999923706055,73.0,97.0,healthy
36.900001525878906,60.0,99.0,healthy
35.79999923706055,96.0,97.0,risky
36.60000228881836,66.0,96.0,healthy
35.60000228881836,55.0,99.0,healthy
35.900001525878906,77.0,96.0,healthy
35.400001525878906,73.0,98.0,risky
36.0,93.0,98.0,healthy
35.900001525878906,79.0,99.0,healthy
36.400001525878906,53.0,100.0,healthy
36.0,64.0,100.0,healthy
36.20000076293945,63.0,98.0,healthy
36.60000228881836,58.0,99.0,healthy
35.60000228881836,82.0,100.0,healthy
36.400001525878906,78.0,100.0,healthy
35.79999923706055,87.0,98.0,healthy
36.10000228881836,62.0,98.0,healthy
35.5,111.0,96.0,healthy
36.20000076293945,48.0,100.0,healthy
35.10000228881836,62.0,98.0,healthy
35.900001525878906,56.0,97.0,healthy
35.79999923706055,68.0,99.0,healthy
35.60000228881836,61.0,97.0,healthy
36.79999923706055,55.0,99.0,risky
36.400001525878906,99.0,100.0,healthy
36.400001525878906,50.0,87.0,dangerous
36.60000228881836,66.0,100.0,healthy
36.79999923706055,95.0,100.0,healthy
35.900001525878906,48.0,100.0,healthy
36.10000228881836,56.0,98.0,healthy
35.29999923706055,48.0,99.0,healthy
35.900001525878906,67.0,98.0,healthy
35.29999923706055,65.0,100.0,healthy
36.0,66.0,97.0,healthy
35.400001525878906,55.0,98.0,healthy
36.20000076293945,83.0,98.0,healthy
35.900001525878906,66.0,100.0,healthy
35.60000228881836,72.0,97.0,healthy
35.60000228881836,94.0,99.0,healthy
37.10000228881836,67.0,100.0,healthy
35.70000076293945,86.0,100.0,healthy
36.20000076293945,68.0,100.0,healthy
35.5,54.0,95.0,healthy
35.5,52.0,99.0,healthy
35.79999923706055,58.0,100.0,risky
36.20000076293945,63.0,99.0,healthy
36.20000076293945,76.0,100.0,healthy
35.79999923706055,73.0,99.0,healthy
36.20000076293945,103.0,100.0,healthy
35.400001525878906,85.0,97.0,healthy
36.900001525878906,88.0,98.0,healthy
35.900001525878906,71.0,100.0,healthy
34.70000076293945,77.0,99.0,risky
35.60000228881836,59.0,100.0,healthy
36.10000228881836,55.0,99.0,healthy
28.700000762939453,75.0,97.0,dangerous
36.20000076293945,93.0,97.0,healthy
36.400001525878906,68.0,98.0,healthy
35.70000076293945,66.0,99.0,healthy
35.70000076293945,90.0,100.0,healthy
35.79999923706055,88.0,99.0,healthy
35.29999923706055,64.0,99.0,healthy
36.20000076293945,67.0,98.0,healthy
35.70000076293945,72.0,100.0,healthy
35.70000076293945,60.0,99.0,healthy
36.79999923706055,71.0,99.0,healthy
34.60000228881836,65.0,93.0,risky
36.5,98.0,100.0,healthy
35.5,78.0,99.0,healthy
36.900001525878906,67.0,99.0,healthy
36.0,64.0,99.0,healthy
35.60000228881836,74.0,100.0,healthy
36.29999923706055,72.0,100.0,healthy
35.70000076293945,55.0,99.0,healthy
36.29999923706055,65.0,99.0,healthy
35.79999923706055,68.0,99.0,healthy
35.5,50.0,99.0,healthy
35.29999923706055,64.0,99.0,healthy
36.70000076293945,57.0,99.0,healthy
36.10000228881836,84.0,100.0,healthy
34.900001525878906,74.0,97.0,dangerous
36.400001525878906,68.0,94.0,healthy
35.60000228881836,83.0,100.0,healthy
36.10000228881836,72.0,98.0,risky
37.20000076293945,74.0,100.0,healthy
35.20000076293945,64.0,98.0,risky
35.900001525878906,64.0,100.0,healthy
36.79999923706055,110.0,100.0,healthy
34.0,71.0,99.0,dangerous
33.5,69.0,99.0,dangerous
35.0,93.0,99.0,healthy
36.0,88.0,99.0,healthy
35.0,108.0,91.0,risky
36.60000228881836,61.0,95.0,healthy
36.0,77.0,99.0,healthy
35.79999923706055,91.0,100.0,healthy
35.400001525878906,52.0,99.0,healthy
36.400001525878906,78.0,99.0,risky
36.29999923706055,70.0,98.0,healthy
35.29999923706055,83.0,100.0,healthy
36.10000228881836,53.0,95.0,healthy
35.79999923706055,57.0,98.0,healthy
35.5,65.0,98.0,healthy
36.10000228881836,66.0,98.0,healthy
36.20000076293945,80.0,100.0,healthy
35.70000076293945,69.0,98.0,risky
35.900001525878906,49.0,98.0,healthy
36.29999923706055,71.0,99.0,healthy
36.400001525878906,111.0,96.0,healthy
35.29999923706055,71.0,99.0,risky
28.700000762939453,94.0,99.0,risky
35.0,67.0,98.0,healthy
36.0,56.0,99.0,healthy
36.5,67.0,100.0,healthy
36.0,68.0,97.0,healthy
36.0,78.0,99.0,healthy
35.5,51.0,100.0,healthy
36.5,51.0,96.0,healthy
35.70000076293945,72.0,98.0,risky
36.29999923706055,53.0,99.0,healthy
35.29999923706055,75.0,98.0,healthy
35.79999923706055,52.0,100.0,healthy
36.29999923706055,51.0,97.0,healthy
35.79999923706055,55.0,98.0,healthy
36.29999923706055,78.0,98.0,healthy
35.20000076293945,64.0,96.0,healthy
36.60000228881836,78.0,95.0,risky
35.79999923706055,65.0,96.0,healthy
35.10000228881836,96.0,98.0,healthy
35.79999923706055,73.0,97.0,healthy
35.5,92.0,99.0,risky
35.60000228881836,99.0,98.0,healthy
36.400001525878906,79.0,97.0,healthy
36.400001525878906,74.0,99.0,healthy
35.29999923706055,56.0,100.0,healthy
35.60000228881836,59.0,100.0,healthy
35.5,53.0,100.0,healthy
35.29999923706055,58.0,99.0,healthy
35.29999923706055,53.0,98.0,risky
36.29999923706055,60.0,99.0,healthy
36.60000228881836,74.0,98.0,healthy
35.5,46.0,97.0,healthy
36.29999923706055,89.0,99.0,healthy
35.5,69.0,99.0,healthy
35.900001525878906,63.0,100.0,healthy
36.400001525878906,70.0,100.0,healthy
35.60000228881836,55.0,98.0,risky
35.900001525878906,68.0,100.0,healthy
35.70000076293945,55.0,98.0,healthy
35.0,95.0,98.0,healthy
36.29999923706055,91.0,100.0,risky
35.60000228881836,71.0,96.0,healthy
36.400001525878906,66.0,99.0,healthy
36.29999923706055,57.0,96.0,healthy
35.5,55.0,99.0,healthy
35.60000228881836,81.0,93.0,healthy
36.5,73.0,100.0,risky
35.400001525878906,84.0,100.0,healthy
35.900001525878906,49.0,100.0,risky
36.29999923706055,68.0,100.0,healthy
35.400001525878906,79.0,100.0,risky
36.20000076293945,61.0,97.0,healthy
35.60000228881836,92.0,98.0,risky
35.79999923706055,78.0,98.0,healthy
36.400001525878906,92.0,99.0,healthy
35.70000076293945,72.0,96.0,healthy
37.79999923706055,105.0,95.0,healthy
36.20000076293945,47.0,99.0,healthy
35.79999923706055,58.0,100.0,risky
35.400001525878906,53.0,97.0,healthy
35.70000076293945,57.0,98.0,healthy
35.400001525878906,63.0,99.0,healthy
36.0,65.0,97.0,healthy
36.20000076293945,62.0,95.0,healthy
36.60000228881836,71.0,99.0,healthy
36.20000076293945,70.0,99.0,healthy
36.900001525878906,56.0,100.0,healthy
35.5,54.0,100.0,healthy
36.0,59.0,100.0,healthy
35.79999923706055,100.0,99.0,healthy
35.900001525878906,77.0,99.0,risky
36.400001525878906,70.0,98.0,risky
34.60000228881836,48.0,100.0,risky
35.400001525878906,53.0,99.0,healthy
34.20000076293945,64.0,99.0,dangerous
37.0,86.0,99.0,risky
36.0,80.0,100.0,healthy
35.60000228881836,74.0,99.0,healthy
35.900001525878906,81.0,100.0,healthy
36.0,49.0,99.0,healthy
36.0,61.0,97.0,risky
36.60000228881836,87.0,98.0,healthy
35.20000076293945,75.0,100.0,healthy
35.70000076293945,58.0,96.0,healthy
35.60000228881836,60.0,100.0,healthy
36.29999923706055,83.0,100.0,healthy
35.70000076293945,73.0,99.0,risky
36.60000228881836,74.0,99.0,healthy
35.29999923706055,100.0,99.0,healthy
35.0,79.0,99.0,risky
35.900001525878906,66.0,97.0,healthy
36.79999923706055,57.0,97.0,healthy
35.5,79.0,100.0,healthy
36.900001525878906,57.0,99.0,healthy
36.900001525878906,79.0,98.0,risky
36.900001525878906,92.0,95.0,healthy
35.79999923706055,60.0,97.0,healthy
34.70000076293945,68.0,96.0,risky
36.10000228881836,69.0,99.0,healthy
35.70000076293945,68.0,100.0,risky
36.20000076293945,65.0,96.0,healthy
35.60000228881836,62.0,100.0,healthy
35.400001525878906,57.0,97.0,healthy
36.10000228881836,65.0,100.0,healthy
36.0,73.0,98.0,healthy
36.20000076293945,58.0,100.0,healthy
35.79999923706055,67.0,99.0,healthy
34.900001525878906,84.0,99.0,dangerous
37.10000228881836,106.0,99.0,healthy
36.10000228881836,66.0,98.0,healthy
35.20000076293945,85.0,96.0,healthy
35.20000076293945,60.0,99.0,healthy
35.79999923706055,65.0,96.0,healthy
36.79999923706055,76.0,95.0,healthy
36.29999923706055,58.0,100.0,healthy
35.900001525878906,61.0,100.0,healthy
35.900001525878906,67.0,99.0,healthy
36.5,114.0,98.0,healthy
34.900001525878906,78.0,99.0,risky
35.60000228881836,67.0,99.0,healthy
36.10000228881836,97.0,100.0,healthy
35.400001525878906,64.0,99.0,healthy
35.5,76.0,98.0,risky
34.79999923706055,81.0,100.0,risky
36.400001525878906,66.0,100.0,healthy
36.29999923706055,69.0,100.0,healthy
35.5,65.0,98.0,healthy
35.900001525878906,75.0,97.0,healthy
36.60000228881836,75.0,99.0,risky
36.20000076293945,66.0,99.0,healthy
36.5,80.0,100.0,healthy
37.400001525878906,92.0,96.0,risky
35.70000076293945,110.0,100.0,risky
36.900001525878906,92.0,99.0,risky
35.400001525878906,91.0,98.0,healthy
37.20000076293945,87.0,97.0,healthy
35.79999923706055,59.0,98.0,risky
35.5,89.0,100.0,healthy
34.900001525878906,56.0,98.0,risky
36.0,59.0,99.0,healthy
35.79999923706055,71.0,100.0,healthy
36.400001525878906,62.0,99.0,healthy
35.60000228881836,91.0,100.0,healthy
36.400001525878906,61.0,97.0,healthy
35.5,53.0,99.0,healthy
36.79999923706055,95.0,100.0,healthy
35.900001525878906,78.0,100.0,healthy
36.10000228881836,51.0,98.0,healthy
36.0,59.0,98.0,healthy
35.20000076293945,46.0,99.0,healthy
35.70000076293945,51.0,100.0,healthy
35.70000076293945,53.0,100.0,healthy
35.20000076293945,64.0,100.0,healthy
31.399999618530273,67.0,99.0,dangerous
35.79999923706055,62.0,98.0,healthy
35.60000228881836,102.0,98.0,healthy
36.79999923706055,63.0,100.0,healthy
35.400001525878906,68.0,97.0,healthy
36.29999923706055,104.0,99.0,healthy
35.10000228881836,66.0,97.0,healthy
36.20000076293945,63.0,100.0,healthy
35.60000228881836,57.0,96.0,healthy
35.70000076293945,62.0,100.0,healthy
36.20000076293945,69.0,99.0,healthy
34.900001525878906,85.0,94.0,dangerous
34.400001525878906,70.0,99.0,dangerous
35.79999923706055,80.0,100.0,healthy
36.10000228881836,57.0,98.0,healthy
35.900001525878906,57.0,99.0,healthy
38.29999923706055,60.0,96.0,healthy
35.900001525878906,48.0,100.0,healthy
35.400001525878906,78.0,100.0,healthy
36.60000228881836,82.0,99.0,healthy
36.29999923706055,79.0,99.0,healthy
36.60000228881836,100.0,100.0,healthy
36.10000228881836,58.0,98.0,healthy
36.20000076293945,78.0,100.0,healthy
36.20000076293945,96.0,99.0,healthy
35.0,72.0,100.0,healthy
35.79999923706055,69.0,99.0,healthy
36.60000228881836,57.0,100.0,healthy
35.70000076293945,92.0,99.0,risky
35.5,76.0,100.0,healthy
35.400001525878906,69.0,98.0,healthy
36.400001525878906,86.0,99.0,healthy
36.29999923706055,66.0,99.0,healthy
36.10000228881836,53.0,99.0,healthy
37.400001525878906,58.0,99.0,healthy
36.20000076293945,69.0,100.0,healthy
35.20000076293945,84.0,100.0,healthy
36.60000228881836,69.0,95.0,healthy
35.5,89.0,100.0,healthy
36.20000076293945,72.0,99.0,healthy
35.79999923706055,77.0,99.0,healthy
35.5,65.0,100.0,healthy
35.79999923706055,72.0,100.0,healthy
35.5,58.0,100.0,healthy
35.79999923706055,58.0,98.0,risky
36.400001525878906,65.0,99.0,healthy
35.20000076293945,62.0,99.0,healthy
36.79999923706055,44.0,99.0,healthy
35.5,53.0,99.0,risky
35.60000228881836,61.0,100.0,healthy
35.70000076293945,82.0,99.0,risky
35.400001525878906,85.0,98.0,risky
35.60000228881836,65.0,98.0,risky
35.900001525878906,77.0,95.0,healthy
36.20000076293945,64.0,100.0,healthy
35.70000076293945,90.0,100.0,risky
34.900001525878906,47.0,98.0,risky
36.10000228881836,72.0,98.0,healthy
35.900001525878906,68.0,98.0,healthy
36.29999923706055,75.0,100.0,healthy
35.5,64.0,98.0,healthy
34.20000076293945,70.0,98.0,dangerous
35.29999923706055,69.0,100.0,healthy
36.0,93.0,100.0,risky
35.900001525878906,78.0,98.0,healthy
35.79999923706055,52.0,99.0,healthy
35.5,64.0,98.0,healthy
35.29999923706055,58.0,97.0,healthy
36.79999923706055,58.0,98.0,healthy
35.400001525878906,60.0,99.0,healthy
35.79999923706055,61.0,99.0,risky
35.5,54.0,99.0,healthy
34.70000076293945,57.0,98.0,risky
36.400001525878906,110.0,99.0,healthy
35.70000076293945,80.0,99.0,risky
35.400001525878906,70.0,100.0,healthy
35.10000228881836,60.0,98.0,healthy
34.900001525878906,70.0,99.0,dangerous
35.20000076293945,100.0,100.0,healthy
35.20000076293945,93.0,97.0,healthy
36.29999923706055,68.0,97.0,healthy
35.60000228881836,81.0,97.0,healthy
36.79999923706055,82.0,98.0,healthy
34.400001525878906,85.0,99.0,dangerous
36.400001525878906,67.0,99.0,risky
36.10000228881836,92.0,99.0,healthy
28.5,55.0,100.0,dangerous
36.79999923706055,66.0,100.0,healthy
36.20000076293945,64.0,98.0,healthy
36.400001525878906,79.0,100.0,healthy
36.70000076293945,60.0,97.0,healthy
36.79999923706055,66.0,94.0,healthy
36.0,92.0,98.0,healthy
35.10000228881836,69.0,99.0,healthy
35.60000228881836,88.0,98.0,risky
36.10000228881836,70.0,99.0,healthy
35.400001525878906,58.0,99.0,healthy
28.80000114440918,58.0,100.0,risky
36.20000076293945,81.0,99.0,healthy
36.20000076293945,69.0,99.0,healthy
35.70000076293945,66.0,92.0,healthy
36.0,58.0,100.0,healthy
37.10000228881836,96.0,98.0,risky
35.70000076293945,59.0,99.0,risky
35.400001525878906,80.0,100.0,healthy
35.60000228881836,51.0,99.0,healthy
35.79999923706055,60.0,100.0,healthy
36.400001525878906,78.0,98.0,healthy
36.5,74.0,99.0,healthy
36.10000228881836,81.0,99.0,healthy
35.0,63.0,99.0,healthy
35.79999923706055,72.0,95.0,risky
35.10000228881836,106.0,98.0,risky
36.900001525878906,57.0,100.0,healthy
36.60000228881836,99.0,99.0,healthy
36.79999923706055,66.0,100.0,healthy
35.29999923706055,83.0,99.0,risky
36.20000076293945,67.0,100.0,healthy
35.0,63.0,98.0,healthy
34.29999923706055,50.0,98.0,risky
35.29999923706055,80.0,99.0,healthy
36.10000228881836,72.0,99.0,healthy
29.80000114440918,79.0,97.0,dangerous
35.29999923706055,68.0,99.0,healthy
36.70000076293945,68.0,99.0,healthy
35.5,65.0,99.0,healthy
36.20000076293945,92.0,98.0,healthy
35.79999923706055,83.0,96.0,healthy
35.79999923706055,80.0,97.0,healthy
37.0,65.0,100.0,healthy
35.400001525878906,55.0,99.0,healthy
35.79999923706055,72.0,98.0,risky
36.20000076293945,55.0,98.0,healthy
35.5,64.0,100.0,healthy
34.0,74.0,99.0,risky
35.20000076293945,73.0,99.0,healthy
35.79999923706055,62.0,100.0,healthy
34.400001525878906,65.0,100.0,risky
31.399999618530273,108.0,100.0,dangerous
35.900001525878906,62.0,99.0,risky
35.10000228881836,75.0,97.0,healthy
29.200000762939453,76.0,100.0,risky
34.60000228881836,77.0,99.0,dangerous
36.10000228881836,75.0,99.0,healthy
28.0,58.0,100.0,risky
35.900001525878906,57.0,98.0,healthy
34.79999923706055,74.0,99.0,dangerous
35.70000076293945,86.0,98.0,healthy
36.20000076293945,66.0,98.0,healthy
36.20000076293945,88.0,100.0,healthy
35.5,50.0,99.0,risky
29.700000762939453,90.0,98.0,risky
36.29999923706055,75.0,99.0,healthy
36.70000076293945,131.0,97.0,risky
35.29999923706055,56.0,99.0,healthy
35.70000076293945,60.0,98.0,healthy
36.60000228881836,70.0,97.0,risky
35.900001525878906,64.0,100.0,risky
35.900001525878906,112.0,98.0,healthy
35.60000228881836,56.0,98.0,healthy
36.20000076293945,55.0,98.0,healthy
36.29999923706055,57.0,98.0,risky
36.10000228881836,56.0,100.0,healthy
35.70000076293945,67.0,100.0,healthy
35.5,68.0,100.0,healthy
36.29999923706055,90.0,99.0,healthy
36.5,78.0,98.0,healthy
35.79999923706055,54.0,98.0,healthy
36.29999923706055,73.0,100.0,healthy
35.60000228881836,67.0,96.0,healthy
36.900001525878906,91.0,97.0,healthy
35.400001525878906,63.0,100.0,healthy
36.0,58.0,99.0,healthy
36.20000076293945,103.0,100.0,healthy
36.29999923706055,51.0,100.0,healthy
35.29999923706055,73.0,99.0,healthy
36.400001525878906,51.0,100.0,healthy
35.79999923706055,107.0,100.0,healthy
35.900001525878906,68.0,100.0,healthy
36.0,61.0,99.0,healthy
36.20000076293945,68.0,100.0,risky
36.60000228881836,61.0,98.0,healthy
35.29999923706055,58.0,99.0,healthy
35.900001525878906,52.0,99.0,healthy
35.900001525878906,69.0,97.0,healthy
35.29999923706055,60.0,98.0,healthy
35.400001525878906,75.0,100.0,risky
36.0,73.0,100.0,healthy
36.0,60.0,100.0,healthy
36.400001525878906,78.0,100.0,healthy
36.900001525878906,77.0,98.0,healthy
37.29999923706055,133.0,100.0,risky
35.900001525878906,85.0,98.0,healthy
35.79999923706055,100.0,96.0,healthy
35.400001525878906,68.0,100.0,healthy
37.29999923706055,83.0,94.0,healthy
35.60000228881836,117.0,99.0,healthy
36.29999923706055,51.0,100.0,healthy
36.10000228881836,65.0,98.0,healthy
36.60000228881836,104.0,99.0,healthy
35.10000228881836,56.0,99.0,healthy
36.0,76.0,96.0,healthy
36.10000228881836,91.0,98.0,healthy
36.29999923706055,93.0,100.0,healthy
35.70000076293945,58.0,99.0,risky
35.10000228881836,86.0,100.0,healthy
36.29999923706055,54.0,100.0,healthy
36.5,97.0,99.0,risky
36.20000076293945,58.0,98.0,healthy
36.400001525878906,68.0,99.0,healthy
36.0,80.0,98.0,healthy
35.70000076293945,53.0,100.0,healthy
35.5,88.0,100.0,healthy
36.29999923706055,63.0,98.0,healthy
35.60000228881836,74.0,99.0,healthy
36.5,70.0,97.0,healthy
35.79999923706055,65.0,94.0,healthy
36.10000228881836,65.0,100.0,healthy
35.0,56.0,96.0,healthy
35.10000228881836,69.0,99.0,healthy
36.10000228881836,80.0,99.0,risky
36.5,81.0,97.0,healthy
36.10000228881836,53.0,99.0,healthy
35.60000228881836,65.0,100.0,healthy
35.29999923706055,61.0,96.0,healthy
35.60000228881836,62.0,100.0,healthy
36.20000076293945,58.0,98.0,healthy
35.900001525878906,57.0,99.0,healthy
35.400001525878906,49.0,100.0,healthy
36.10000228881836,65.0,99.0,healthy
35.400001525878906,69.0,100.0,healthy
36.0,60.0,99.0,healthy
35.70000076293945,69.0,99.0,healthy
35.70000076293945,76.0,97.0,healthy
35.29999923706055,74.0,95.0,healthy
35.79999923706055,59.0,99.0,risky
36.60000228881836,65.0,94.0,healthy
37.10000228881836,65.0,95.0,risky
34.900001525878906,91.0,97.0,risky
35.900001525878906,78.0,100.0,healthy
35.900001525878906,70.0,97.0,risky
35.5,46.0,100.0,healthy
35.60000228881836,64.0,100.0,healthy
36.29999923706055,126.0,99.0,healthy
35.70000076293945,88.0,99.0,risky
35.5,50.0,99.0,healthy
35.900001525878906,64.0,96.0,healthy
36.0,62.0,99.0,healthy
35.900001525878906,111.0,97.0,healthy
35.70000076293945,84.0,99.0,healthy
35.900001525878906,58.0,97.0,healthy
36.60000228881836,93.0,99.0,healthy
35.0,71.0,98.0,healthy
35.79999923706055,66.0,100.0,healthy
35.79999923706055,76.0,98.0,healthy
36.400001525878906,70.0,100.0,risky
35.79999923706055,56.0,98.0,healthy
35.900001525878906,68.0,98.0,healthy
36.10000228881836,60.0,100.0,healthy
34.60000228881836,56.0,96.0,risky
36.70000076293945,67.0,100.0,healthy
36.10000228881836,76.0,97.0,healthy
35.5,48.0,99.0,healthy
35.29999923706055,45.0,98.0,healthy
36.20000076293945,69.0,85.0,dangerous
35.70000076293945,74.0,100.0,healthy
35.400001525878906,74.0,100.0,healthy
35.79999923706055,53.0,100.0,healthy
35.70000076293945,54.0,98.0,risky
35.5,77.0,99.0,healthy
35.70000076293945,49.0,99.0,healthy
35.79999923706055,58.0,99.0,risky
35.29999923706055,62.0,95.0,healthy
36.10000228881836,77.0,99.0,healthy
35.70000076293945,69.0,99.0,risky
36.0,79.0,99.0,healthy
36.400001525878906,47.0,99.0,healthy
35.70000076293945,79.0,97.0,healthy
35.70000076293945,70.0,100.0,healthy
36.400001525878906,79.0,98.0,healthy
35.29999923706055,71.0,96.0,healthy
34.0,65.0,100.0,risky
36.400001525878906,74.0,97.0,healthy
35.900001525878906,75.0,99.0,healthy
35.5,46.0,98.0,healthy
36.20000076293945,72.0,83.0,dangerous
35.5,86.0,98.0,healthy
36.0,59.0,99.0,healthy
35.900001525878906,91.0,97.0,healthy
35.400001525878906,64.0,99.0,healthy
35.900001525878906,70.0,100.0,healthy
29.399999618530273,78.0,99.0,risky
36.79999923706055,65.0,99.0,healthy
36.60000228881836,69.0,100.0,healthy
36.400001525878906,96.0,99.0,healthy
37.0,88.0,98.0,risky
36.70000076293945,49.0,97.0,healthy
35.900001525878906,70.0,99.0,healthy
35.5,86.0,100.0,healthy
35.70000076293945,58.0,100.0,healthy
35.60000228881836,83.0,99.0,healthy
36.60000228881836,114.0,84.0,dangerous
35.20000076293945,50.0,99.0,healthy
35.79999923706055,85.0,99.0,healthy
36.79999923706055,80.0,98.0,risky
35.79999923706055,50.0,100.0,healthy
35.60000228881836,69.0,99.0,healthy
36.0,57.0,100.0,healthy
35.60000228881836,68.0,98.0,healthy
36.10000228881836,72.0,99.0,healthy
35.70000076293945,78.0,99.0,healthy
35.400001525878906,101.0,100.0,healthy
36.29999923706055,63.0,96.0,healthy
36.10000228881836,56.0,100.0,healthy
32.5,62.0,100.0,risky
36.5,69.0,100.0,healthy
35.400001525878906,55.0,100.0,healthy
29.5,77.0,96.0,risky
36.400001525878906,59.0,100.0,healthy
36.0,77.0,99.0,healthy
35.20000076293945,83.0,98.0,healthy
35.900001525878906,71.0,95.0,healthy
34.70000076293945,58.0,97.0,risky
36.0,74.0,97.0,healthy
35.900001525878906,72.0,98.0,healthy
35.29999923706055,61.0,100.0,healthy
35.29999923706055,49.0,98.0,healthy
35.5,60.0,98.0,healthy
35.20000076293945,82.0,97.0,healthy
36.0,90.0,97.0,healthy
36.900001525878906,84.0,98.0,healthy
35.0,49.0,100.0,healthy
35.70000076293945,61.0,97.0,risky
36.10000228881836,55.0,99.0,healthy
35.900001525878906,105.0,98.0,healthy
36.10000228881836,65.0,100.0,healthy
35.5,56.0,99.0,healthy
35.5,62.0,100.0,healthy
35.5,52.0,94.0,healthy
35.79999923706055,70.0,98.0,healthy
35.60000228881836,53.0,97.0,healthy
35.900001525878906,78.0,100.0,healthy
35.79999923706055,96.0,98.0,risky
35.70000076293945,76.0,99.0,healthy
36.0,77.0,97.0,healthy
35.10000228881836,61.0,99.0,healthy
36.20000076293945,86.0,100.0,healthy
35.60000228881836,71.0,97.0,risky
37.20000076293945,85.0,97.0,risky
35.5,56.0,100.0,healthy
35.5,98.0,100.0,healthy
35.20000076293945,99.0,99.0,healthy
36.20000076293945,70.0,99.0,healthy
34.79999923706055,61.0,98.0,risky
36.10000228881836,76.0,98.0,healthy
35.400001525878906,42.0,100.0,healthy
36.79999923706055,63.0,100.0,healthy
35.70000076293945,49.0,100.0,healthy
35.900001525878906,66.0,99.0,healthy
35.70000076293945,62.0,97.0,healthy
35.900001525878906,64.0,99.0,healthy
35.60000228881836,101.0,100.0,healthy
29.100000381469727,75.0,99.0,risky
36.400001525878906,56.0,100.0,healthy
35.10000228881836,69.0,99.0,healthy
36.400001525878906,65.0,98.0,healthy
35.10000228881836,70.0,97.0,healthy
36.5,73.0,99.0,healthy
37.79999923706055,98.0,97.0,healthy
35.60000228881836,102.0,99.0,healthy
35.70000076293945,63.0,100.0,healthy
35.900001525878906,69.0,99.0,risky
35.60000228881836,71.0,97.0,healthy
37.70000076293945,137.0,99.0,dangerous
35.900001525878906,46.0,98.0,healthy
35.29999923706055,70.0,100.0,healthy
28.200000762939453,60.0,90.0,dangerous
35.900001525878906,66.0,99.0,healthy
35.60000228881836,59.0,100.0,healthy
36.10000228881836,73.0,100.0,healthy
36.400001525878906,64.0,99.0,healthy
35.79999923706055,77.0,99.0,healthy
29.399999618530273,69.0,99.0,risky
36.70000076293945,102.0,96.0,healthy
36.20000076293945,62.0,100.0,healthy
35.60000228881836,84.0,97.0,healthy
35.60000228881836,75.0,99.0,healthy
36.10000228881836,95.0,99.0,healthy
36.20000076293945,81.0,98.0,risky
30.0,75.0,100.0,dangerous
36.79999923706055,96.0,100.0,healthy
36.0,50.0,98.0,healthy
36.29999923706055,63.0,98.0,healthy
36.5,54.0,100.0,healthy
36.79999923706055,57.0,100.0,healthy
35.5,64.0,100.0,risky
35.5,57.0,97.0,healthy
35.29999923706055,52.0,99.0,healthy
35.0,48.0,100.0,healthy
36.60000228881836,91.0,100.0,healthy
36.29999923706055,55.0,98.0,healthy
35.60000228881836,91.0,99.0,healthy
35.10000228881836,61.0,98.0,healthy
36.0,61.0,99.0,healthy
35.70000076293945,80.0,98.0,healthy
34.900001525878906,60.0,99.0,dangerous
35.60000228881836,68.0,100.0,healthy
35.79999923706055,80.0,100.0,healthy
35.70000076293945,54.0,100.0,healthy
36.20000076293945,60.0,88.0,risky
28.399999618530273,68.0,100.0,dangerous
34.60000228881836,60.0,99.0,dangerous
35.5,80.0,99.0,healthy
35.79999923706055,67.0,99.0,healthy
36.0,96.0,98.0,risky
35.400001525878906,57.0,97.0,healthy
36.79999923706055,65.0,99.0,healthy
35.20000076293945,42.0,98.0,healthy
35.5,56.0,99.0,healthy
35.900001525878906,61.0,99.0,risky
35.5,66.0,98.0,healthy
36.20000076293945,81.0,99.0,healthy
37.10000228881836,75.0,100.0,healthy
32.60000228881836,64.0,98.0,dangerous
36.10000228881836,124.0,99.0,healthy
35.900001525878906,66.0,99.0,healthy
36.0,55.0,98.0,healthy
35.60000228881836,93.0,96.0,healthy
35.60000228881836,53.0,100.0,healthy
35.900001525878906,101.0,100.0,healthy
29.700000762939453,67.0,98.0,dangerous
35.0,61.0,99.0,healthy
36.400001525878906,87.0,98.0,risky
35.20000076293945,84.0,92.0,risky
32.5,69.0,99.0,dangerous
34.70000076293945,53.0,98.0,dangerous
36.20000076293945,57.0,98.0,healthy
36.10000228881836,62.0,100.0,healthy
36.400001525878906,100.0,100.0,healthy
35.60000228881836,83.0,99.0,healthy
36.60000228881836,78.0,99.0,healthy
35.400001525878906,85.0,100.0,healthy
31.600000381469727,109.0,100.0,dangerous
36.0,57.0,100.0,healthy
36.5,90.0,98.0,healthy
35.5,56.0,98.0,healthy
36.70000076293945,71.0,100.0,healthy
36.70000076293945,66.0,100.0,healthy
35.20000076293945,65.0,99.0,healthy
36.0,55.0,100.0,risky
34.60000228881836,53.0,100.0,risky
35.5,54.0,97.0,healthy
36.400001525878906,64.0,100.0,healthy
36.10000228881836,71.0,99.0,healthy
35.0,70.0,98.0,healthy
36.400001525878906,83.0,96.0,healthy
36.400001525878906,70.0,99.0,healthy
35.70000076293945,63.0,98.0,healthy
36.20000076293945,66.0,100.0,healthy
35.10000228881836,63.0,100.0,healthy
36.900001525878906,101.0,100.0,healthy
35.5,50.0,99.0,healthy
35.900001525878906,76.0,95.0,healthy
36.20000076293945,70.0,99.0,healthy
35.70000076293945,92.0,99.0,healthy
36.0,72.0,100.0,healthy
35.79999923706055,59.0,99.0,risky
36.70000076293945,74.0,99.0,healthy
35.10000228881836,74.0,96.0,healthy
35.70000076293945,82.0,98.0,risky
36.0,65.0,99.0,healthy
35.60000228881836,57.0,97.0,healthy
36.5,81.0,99.0,healthy
35.0,48.0,99.0,healthy
36.60000228881836,67.0,100.0,healthy
35.400001525878906,63.0,94.0,healthy
35.70000076293945,89.0,100.0,risky
35.400001525878906,87.0,99.0,healthy
36.29999923706055,52.0,100.0,healthy
35.70000076293945,55.0,100.0,healthy
37.60000228881836,89.0,95.0,healthy
34.5,49.0,97.0,risky
35.29999923706055,53.0,100.0,healthy
35.5,51.0,97.0,healthy
35.29999923706055,55.0,99.0,healthy
35.5,58.0,99.0,risky
36.60000228881836,103.0,98.0,healthy
31.100000381469727,80.0,97.0,dangerous
36.20000076293945,68.0,99.0,healthy
35.79999923706055,84.0,100.0,healthy
36.400001525878906,60.0,99.0,healthy
36.5,56.0,100.0,healthy
36.10000228881836,66.0,100.0,healthy
36.5,85.0,98.0,healthy
29.700000762939453,64.0,100.0,risky
35.400001525878906,76.0,99.0,healthy
35.60000228881836,90.0,99.0,healthy
36.10000228881836,140.0,99.0,risky
35.29999923706055,94.0,96.0,healthy
35.79999923706055,69.0,97.0,healthy
36.29999923706055,68.0,97.0,healthy
36.5,64.0,98.0,healthy
36.20000076293945,66.0,100.0,healthy
36.5,55.0,99.0,healthy
36.70000076293945,80.0,95.0,risky
35.70000076293945,59.0,100.0,healthy
35.79999923706055,73.0,100.0,healthy
36.20000076293945,66.0,99.0,healthy
36.0,76.0,95.0,healthy
35.70000076293945,56.0,99.0,healthy
36.20000076293945,64.0,98.0,healthy
36.400001525878906,49.0,100.0,healthy
36.20000076293945,125.0,100.0,healthy
35.29999923706055,56.0,95.0,healthy
36.10000228881836,54.0,100.0,healthy
35.70000076293945,54.0,96.0,healthy
36.0,63.0,99.0,healthy
36.400001525878906,73.0,97.0,healthy
35.29999923706055,56.0,99.0,healthy
36.400001525878906,80.0,99.0,risky
36.10000228881836,66.0,100.0,healthy
35.900001525878906,57.0,99.0,healthy
35.20000076293945,58.0,96.0,healthy
37.0,86.0,98.0,healthy
35.70000076293945,56.0,98.0,healthy
35.400001525878906,77.0,100.0,healthy
36.70000076293945,75.0,99.0,healthy
35.70000076293945,80.0,98.0,healthy
36.60000228881836,65.0,99.0,healthy
35.900001525878906,48.0,98.0,healthy
31.600000381469727,87.0,100.0,dangerous
36.60000228881836,86.0,98.0,healthy
36.20000076293945,66.0,100.0,healthy
36.400001525878906,141.0,94.0,risky
35.60000228881836,73.0,98.0,healthy
36.10000228881836,91.0,99.0,healthy
36.10000228881836,78.0,100.0,healthy
36.10000228881836,82.0,95.0,healthy
36.0,60.0,99.0,healthy
36.60000228881836,67.0,100.0,healthy
35.0,91.0,100.0,healthy
36.400001525878906,50.0,100.0,healthy
35.79999923706055,77.0,97.0,healthy
36.900001525878906,62.0,99.0,healthy
35.900001525878906,82.0,96.0,healthy
36.10000228881836,73.0,100.0,healthy
36.20000076293945,81.0,98.0,healthy
35.20000076293945,56.0,100.0,healthy
35.20000076293945,85.0,98.0,healthy
35.10000228881836,71.0,97.0,healthy
36.400001525878906,72.0,96.0,healthy
35.60000228881836,54.0,98.0,healthy
36.79999923706055,62.0,96.0,healthy
36.0,67.0,99.0,healthy
36.10000228881836,58.0,99.0,healthy
35.70000076293945,88.0,100.0,healthy
36.20000076293945,71.0,100.0,healthy
36.900001525878906,63.0,99.0,healthy
35.79999923706055,72.0,99.0,healthy
35.5,57.0,99.0,risky
36.29999923706055,76.0,94.0,healthy
36.29999923706055,74.0,89.0,risky
35.70000076293945,57.0,100.0,healthy
37.20000076293945,81.0,95.0,healthy
35.60000228881836,65.0,100.0,risky
35.79999923706055,69.0,98.0,healthy
36.29999923706055,68.0,100.0,healthy
35.10000228881836,105.0,96.0,healthy
35.60000228881836,92.0,100.0,risky
36.29999923706055,72.0,98.0,healthy
36.10000228881836,61.0,99.0,healthy
36.5,74.0,99.0,healthy
35.29999923706055,65.0,100.0,healthy
35.70000076293945,55.0,97.0,healthy
35.60000228881836,50.0,98.0,healthy
35.60000228881836,59.0,100.0,healthy
36.0,78.0,98.0,healthy
35.79999923706055,73.0,100.0,healthy
34.70000076293945,66.0,99.0,risky
35.5,49.0,100.0,healthy
36.70000076293945,72.0,98.0,healthy
36.0,66.0,100.0,healthy
36.0,83.0,96.0,healthy
36.10000228881836,68.0,100.0,healthy
35.29999923706055,66.0,100.0,risky
35.400001525878906,51.0,98.0,risky
35.20000076293945,56.0,100.0,healthy
35.900001525878906,71.0,98.0,risky
35.79999923706055,73.0,100.0,healthy
36.10000228881836,76.0,98.0,healthy
35.29999923706055,53.0,99.0,healthy
35.70000076293945,81.0,98.0,healthy
36.20000076293945,69.0,99.0,risky
35.10000228881836,71.0,100.0,healthy
36.10000228881836,53.0,99.0,healthy
28.100000381469727,64.0,100.0,risky
36.29999923706055,65.0,98.0,healthy
36.10000228881836,79.0,99.0,healthy
35.900001525878906,64.0,100.0,healthy
36.10000228881836,100.0,99.0,healthy
35.70000076293945,81.0,100.0,healthy
37.10000228881836,85.0,99.0,healthy
35.900001525878906,79.0,99.0,healthy
36.70000076293945,88.0,98.0,healthy
34.60000228881836,68.0,99.0,risky
36.29999923706055,65.0,99.0,healthy
36.20000076293945,51.0,100.0,healthy
35.5,75.0,97.0,healthy
36.10000228881836,79.0,98.0,healthy
33.900001525878906,60.0,99.0,risky
35.400001525878906,92.0,96.0,healthy
35.29999923706055,73.0,98.0,healthy
36.900001525878906,84.0,99.0,risky
36.400001525878906,60.0,99.0,healthy
36.29999923706055,49.0,100.0,healthy
35.900001525878906,70.0,100.0,healthy
35.70000076293945,70.0,96.0,healthy
35.20000076293945,94.0,98.0,healthy
30.399999618530273,73.0,82.0,dangerous
28.0,66.0,99.0,risky
35.900001525878906,68.0,99.0,healthy
35.79999923706055,51.0,100.0,healthy
35.900001525878906,63.0,99.0,healthy
37.10000228881836,75.0,99.0,risky
36.29999923706055,75.0,95.0,healthy
35.79999923706055,76.0,98.0,healthy
36.10000228881836,55.0,99.0,healthy
35.5,87.0,100.0,healthy
35.400001525878906,57.0,96.0,healthy
35.29999923706055,65.0,98.0,healthy
35.79999923706055,46.0,100.0,healthy
36.0,67.0,99.0,risky
35.70000076293945,81.0,100.0,healthy
35.0,69.0,98.0,risky
36.0,67.0,99.0,healthy
35.400001525878906,74.0,95.0,healthy
30.30000114440918,80.0,97.0,dangerous
35.79999923706055,64.0,98.0,healthy
35.20000076293945,70.0,100.0,healthy
34.900001525878906,69.0,99.0,dangerous
36.60000228881836,56.0,92.0,healthy
34.900001525878906,88.0,93.0,dangerous
35.5,59.0,96.0,healthy
34.900001525878906,51.0,100.0,risky
35.29999923706055,55.0,100.0,healthy
35.79999923706055,56.0,100.0,healthy
34.79999923706055,53.0,99.0,dangerous
36.29999923706055,75.0,100.0,risky
37.0,66.0,100.0,risky
35.60000228881836,57.0,100.0,healthy
34.900001525878906,51.0,100.0,risky
35.900001525878906,53.0,99.0,healthy
37.20000076293945,57.0,100.0,healthy
36.5,96.0,98.0,healthy
33.79999923706055,77.0,100.0,dangerous
36.400001525878906,87.0,100.0,healthy
36.20000076293945,72.0,99.0,risky
35.5,68.0,99.0,healthy
36.20000076293945,80.0,100.0,healthy
35.900001525878906,60.0,97.0,healthy
36.60000228881836,62.0,100.0,healthy
36.10000228881836,61.0,99.0,healthy
35.10000228881836,45.0,99.0,healthy
36.400001525878906,51.0,99.0,healthy
35.20000076293945,69.0,99.0,healthy
36.0,50.0,99.0,healthy
35.5,103.0,98.0,healthy
35.0,95.0,98.0,risky
34.70000076293945,88.0,90.0,dangerous
36.5,68.0,94.0,risky
35.79999923706055,56.0,100.0,risky
36.20000076293945,63.0,99.0,healthy
35.79999923706055,61.0,100.0,healthy
35.900001525878906,78.0,98.0,healthy
36.29999923706055,104.0,99.0,healthy
35.20000076293945,82.0,96.0,healthy
35.5,62.0,97.0,healthy
36.10000228881836,57.0,100.0,healthy
35.60000228881836,58.0,100.0,healthy
36.29999923706055,67.0,100.0,healthy
36.10000228881836,71.0,100.0,healthy
36.400001525878906,67.0,96.0,risky
32.20000076293945,66.0,100.0,risky
36.20000076293945,88.0,99.0,healthy
29.5,102.0,94.0,dangerous
36.20000076293945,62.0,99.0,risky
36.10000228881836,54.0,99.0,healthy
35.79999923706055,74.0,99.0,risky
36.79999923706055,68.0,98.0,healthy
35.79999923706055,74.0,100.0,healthy
35.70000076293945,58.0,98.0,healthy
37.400001525878906,93.0,96.0,healthy
36.0,89.0,100.0,healthy
36.70000076293945,55.0,100.0,healthy
36.20000076293945,65.0,100.0,healthy
35.0,46.0,99.0,healthy
34.900001525878906,88.0,95.0,risky
36.29999923706055,71.0,99.0,healthy
36.70000076293945,73.0,99.0,healthy
35.60000228881836,49.0,97.0,healthy
36.79999923706055,64.0,98.0,risky
35.5,58.0,96.0,healthy
28.30000114440918,49.0,97.0,dangerous
35.400001525878906,89.0,100.0,healthy
36.29999923706055,76.0,100.0,healthy
35.70000076293945,70.0,99.0,healthy
35.900001525878906,65.0,98.0,healthy
35.79999923706055,60.0,99.0,healthy
35.900001525878906,61.0,98.0,healthy
35.79999923706055,73.0,99.0,healthy
36.29999923706055,65.0,99.0,healthy
35.60000228881836,52.0,98.0,healthy
28.30000114440918,74.0,98.0,dangerous
35.20000076293945,104.0,97.0,healthy
36.0,50.0,99.0,healthy
35.900001525878906,54.0,100.0,healthy
35.70000076293945,83.0,99.0,healthy
36.29999923706055,51.0,97.0,healthy
37.0,82.0,96.0,healthy
35.79999923706055,57.0,99.0,healthy
36.20000076293945,66.0,99.0,healthy
35.70000076293945,51.0,98.0,healthy
36.20000076293945,56.0,99.0,healthy
32.0,58.0,99.0,risky
35.79999923706055,68.0,99.0,healthy
36.400001525878906,57.0,100.0,healthy
35.79999923706055,73.0,99.0,healthy
34.79999923706055,88.0,99.0,dangerous
36.29999923706055,55.0,100.0,healthy
36.20000076293945,69.0,100.0,healthy
37.20000076293945,92.0,98.0,healthy
35.29999923706055,87.0,95.0,healthy
35.400001525878906,85.0,98.0,healthy
35.400001525878906,85.0,99.0,healthy
35.79999923706055,79.0,98.0,healthy
35.5,51.0,100.0,healthy
36.10000228881836,77.0,98.0,healthy
35.900001525878906,102.0,98.0,healthy
35.79999923706055,72.0,100.0,healthy
36.29999923706055,61.0,99.0,risky
35.0,64.0,97.0,healthy
32.400001525878906,60.0,90.0,dangerous
35.400001525878906,47.0,100.0,healthy
35.79999923706055,56.0,99.0,healthy
35.900001525878906,67.0,99.0,healthy
35.900001525878906,51.0,98.0,healthy
35.0,65.0,100.0,healthy
35.70000076293945,47.0,96.0,healthy
35.70000076293945,56.0,98.0,healthy
36.10000228881836,71.0,98.0,healthy
35.60000228881836,65.0,99.0,healthy
35.70000076293945,75.0,98.0,healthy
36.0,56.0,100.0,risky
35.5,58.0,100.0,healthy
36.5,55.0,96.0,healthy
36.5,69.0,99.0,healthy
36.5,78.0,100.0,healthy
37.0,62.0,98.0,healthy
32.20000076293945,82.0,100.0,dangerous
35.70000076293945,59.0,99.0,healthy
37.0,75.0,100.0,healthy
36.400001525878906,54.0,98.0,healthy
35.60000228881836,57.0,100.0,healthy
35.900001525878906,64.0,98.0,healthy
35.400001525878906,99.0,96.0,healthy
35.0,66.0,98.0,healthy
37.0,77.0,98.0,healthy
35.70000076293945,51.0,98.0,healthy
28.80000114440918,66.0,100.0,risky
35.900001525878906,61.0,100.0,risky
35.10000228881836,115.0,94.0,healthy
35.20000076293945,81.0,99.0,healthy
35.60000228881836,63.0,98.0,healthy
35.79999923706055,64.0,100.0,healthy
36.5,80.0,100.0,healthy
36.10000228881836,73.0,96.0,healthy
36.70000076293945,70.0,98.0,healthy
36.29999923706055,93.0,100.0,healthy
36.0,45.0,100.0,healthy
36.29999923706055,60.0,100.0,healthy
36.0,53.0,100.0,risky
34.10000228881836,102.0,97.0,dangerous
35.900001525878906,60.0,100.0,risky
36.20000076293945,67.0,98.0,healthy
35.29999923706055,51.0,100.0,healthy
35.900001525878906,48.0,98.0,healthy
33.5,62.0,100.0,dangerous
35.5,72.0,98.0,risky
35.5,78.0,100.0,risky
35.900001525878906,69.0,98.0,healthy
37.70000076293945,77.0,99.0,healthy
36.0,74.0,98.0,healthy
35.900001525878906,77.0,100.0,healthy
35.60000228881836,63.0,100.0,healthy
35.29999923706055,93.0,98.0,healthy
37.29999923706055,81.0,97.0,healthy
36.10000228881836,66.0,88.0,dangerous
35.900001525878906,66.0,100.0,risky
36.20000076293945,74.0,98.0,healthy
35.29999923706055,63.0,98.0,healthy
36.10000228881836,63.0,100.0,healthy
36.10000228881836,70.0,98.0,risky
35.900001525878906,65.0,100.0,healthy
37.0,77.0,99.0,risky
35.400001525878906,50.0,97.0,healthy
35.70000076293945,45.0,99.0,healthy
34.900001525878906,59.0,97.0,risky
36.10000228881836,56.0,97.0,healthy
35.70000076293945,53.0,97.0,healthy
35.20000076293945,103.0,99.0,risky
35.900001525878906,73.0,99.0,healthy
36.20000076293945,58.0,99.0,healthy
35.70000076293945,63.0,99.0,healthy
35.70000076293945,68.0,100.0,healthy
35.60000228881836,74.0,99.0,risky
36.29999923706055,115.0,100.0,healthy
36.20000076293945,72.0,98.0,healthy
36.5,71.0,100.0,healthy
35.5,90.0,100.0,healthy
37.20000076293945,128.0,100.0,healthy
36.0,61.0,100.0,healthy
35.70000076293945,58.0,100.0,healthy
37.10000228881836,68.0,100.0,healthy
35.60000228881836,64.0,99.0,healthy
35.400001525878906,75.0,98.0,healthy
36.79999923706055,48.0,99.0,healthy
35.5,47.0,98.0,healthy
35.29999923706055,69.0,98.0,healthy
36.60000228881836,75.0,100.0,healthy
36.0,68.0,95.0,healthy
35.79999923706055,54.0,97.0,healthy
36.60000228881836,58.0,99.0,healthy
36.0,72.0,99.0,healthy
35.70000076293945,83.0,98.0,healthy
35.60000228881836,68.0,99.0,healthy
36.20000076293945,59.0,100.0,risky
36.400001525878906,96.0,99.0,healthy
35.70000076293945,57.0,100.0,healthy
36.0,60.0,99.0,healthy
36.10000228881836,94.0,99.0,healthy
36.0,79.0,96.0,healthy
35.70000076293945,90.0,97.0,healthy
36.5,76.0,97.0,healthy
37.29999923706055,88.0,100.0,healthy
35.79999923706055,66.0,98.0,healthy
35.79999923706055,60.0,98.0,healthy
35.60000228881836,51.0,100.0,healthy
35.5,78.0,100.0,healthy
35.70000076293945,60.0,100.0,healthy
35.79999923706055,81.0,97.0,healthy
35.5,59.0,99.0,healthy
37.10000228881836,84.0,100.0,healthy
34.60000228881836,62.0,98.0,risky
35.10000228881836,56.0,94.0,healthy
36.0,51.0,100.0,healthy
35.5,64.0,100.0,healthy
36.10000228881836,55.0,92.0,healthy
36.400001525878906,53.0,100.0,healthy
36.10000228881836,74.0,98.0,healthy
35.70000076293945,61.0,99.0,healthy
35.79999923706055,97.0,99.0,risky
34.900001525878906,74.0,100.0,dangerous
35.0,76.0,99.0,healthy
35.79999923706055,59.0,98.0,healthy
37.10000228881836,80.0,85.0,dangerous
36.70000076293945,121.0,100.0,healthy
35.60000228881836,53.0,99.0,healthy
36.29999923706055,63.0,99.0,healthy
35.400001525878906,59.0,100.0,healthy
35.70000076293945,65.0,100.0,healthy
37.0,109.0,99.0,healthy
35.70000076293945,60.0,100.0,healthy
36.29999923706055,62.0,99.0,healthy
35.60000228881836,66.0,100.0,healthy
35.79999923706055,80.0,100.0,risky
35.79999923706055,69.0,100.0,healthy
36.10000228881836,103.0,99.0,healthy
36.400001525878906,94.0,100.0,healthy
35.900001525878906,45.0,97.0,healthy
35.400001525878906,68.0,100.0,healthy
36.400001525878906,78.0,100.0,healthy
35.70000076293945,51.0,98.0,healthy
35.20000076293945,70.0,97.0,healthy
35.70000076293945,74.0,100.0,healthy
35.900001525878906,82.0,100.0,healthy
34.79999923706055,68.0,98.0,risky
35.900001525878906,69.0,99.0,healthy
35.70000076293945,72.0,100.0,healthy
36.0,99.0,100.0,healthy
36.29999923706055,61.0,100.0,risky
32.79999923706055,48.0,97.0,risky
35.900001525878906,65.0,99.0,healthy
36.10000228881836,75.0,97.0,healthy
36.0,102.0,99.0,healthy
28.700000762939453,117.0,100.0,dangerous
36.29999923706055,59.0,98.0,healthy
35.900001525878906,80.0,98.0,healthy
36.20000076293945,48.0,100.0,healthy
36.10000228881836,51.0,100.0,healthy
36.20000076293945,72.0,98.0,healthy
33.70000076293945,64.0,100.0,dangerous
35.79999923706055,79.0,97.0,healthy
36.10000228881836,76.0,98.0,healthy
36.20000076293945,79.0,100.0,healthy
36.20000076293945,53.0,98.0,healthy
36.70000076293945,89.0,98.0,healthy
35.79999923706055,67.0,99.0,healthy
36.5,96.0,100.0,healthy
36.5,70.0,99.0,healthy
36.29999923706055,78.0,99.0,healthy
36.0,56.0,100.0,healthy
36.0,57.0,99.0,healthy
35.900001525878906,73.0,99.0,healthy
34.60000228881836,91.0,99.0,dangerous
35.79999923706055,56.0,98.0,healthy
36.0,59.0,99.0,healthy
35.10000228881836,72.0,100.0,healthy
35.0,67.0,99.0,healthy
35.29999923706055,66.0,100.0,healthy
35.29999923706055,64.0,100.0,healthy
35.60000228881836,81.0,99.0,healthy
36.0,72.0,100.0,risky
36.79999923706055,54.0,100.0,healthy
28.600000381469727,75.0,97.0,dangerous
35.29999923706055,65.0,99.0,healthy
35.60000228881836,77.0,98.0,healthy
35.10000228881836,71.0,97.0,healthy
35.20000076293945,94.0,100.0,healthy
35.79999923706055,77.0,99.0,healthy
36.0,55.0,99.0,healthy
35.79999923706055,80.0,99.0,healthy
37.10000228881836,79.0,96.0,healthy
35.29999923706055,59.0,100.0,healthy
35.60000228881836,64.0,100.0,healthy
36.900001525878906,77.0,99.0,healthy
35.400001525878906,57.0,98.0,healthy
36.60000228881836,73.0,99.0,healthy
36.29999923706055,97.0,99.0,risky
35.900001525878906,102.0,97.0,healthy
28.0,64.0,100.0,risky
35.29999923706055,56.0,100.0,healthy
36.5,63.0,99.0,healthy
36.29999923706055,71.0,99.0,risky
35.0,77.0,99.0,healthy
36.900001525878906,87.0,99.0,healthy
35.20000076293945,85.0,98.0,healthy
36.60000228881836,95.0,98.0,healthy
35.900001525878906,70.0,99.0,healthy
35.5,66.0,99.0,healthy
36.29999923706055,71.0,98.0,healthy
36.10000228881836,61.0,100.0,healthy
35.70000076293945,75.0,99.0,healthy
35.79999923706055,75.0,99.0,healthy
35.5,49.0,100.0,healthy
36.60000228881836,61.0,96.0,healthy
36.60000228881836,79.0,100.0,healthy
36.70000076293945,80.0,91.0,dangerous
36.20000076293945,60.0,100.0,risky
36.20000076293945,58.0,100.0,healthy
35.79999923706055,47.0,98.0,healthy
35.10000228881836,91.0,99.0,healthy
35.79999923706055,62.0,96.0,healthy
35.0,76.0,98.0,healthy
35.20000076293945,88.0,100.0,healthy
35.20000076293945,75.0,99.0,healthy
35.900001525878906,62.0,100.0,healthy
36.29999923706055,95.0,99.0,healthy
36.0,80.0,100.0,healthy
36.29999923706055,65.0,98.0,healthy
35.0,48.0,98.0,healthy
35.29999923706055,48.0,97.0,healthy
36.10000228881836,81.0,98.0,healthy
34.400001525878906,75.0,98.0,risky
35.20000076293945,90.0,100.0,healthy
35.79999923706055,61.0,99.0,healthy
35.60000228881836,67.0,99.0,healthy
35.10000228881836,87.0,85.0,dangerous
35.60000228881836,54.0,99.0,healthy
35.79999923706055,64.0,97.0,healthy
36.70000076293945,74.0,99.0,healthy
36.20000076293945,62.0,99.0,healthy
35.10000228881836,61.0,99.0,healthy
35.70000076293945,52.0,100.0,healthy
29.600000381469727,76.0,99.0,risky
36.60000228881836,72.0,100.0,healthy
36.20000076293945,63.0,100.0,healthy
36.0,50.0,100.0,healthy
36.10000228881836,81.0,99.0,healthy
36.10000228881836,56.0,87.0,dangerous
36.20000076293945,69.0,99.0,healthy
33.60000228881836,51.0,100.0,dangerous
36.400001525878906,57.0,99.0,healthy
35.29999923706055,57.0,99.0,healthy
35.400001525878906,53.0,100.0,healthy
34.60000228881836,87.0,99.0,dangerous
35.79999923706055,55.0,98.0,healthy
36.79999923706055,83.0,100.0,healthy
34.70000076293945,149.0,96.0,dangerous
36.79999923706055,55.0,99.0,risky
34.900001525878906,66.0,96.0,dangerous
35.60000228881836,50.0,98.0,healthy
36.29999923706055,74.0,100.0,healthy
28.0,56.0,100.0,risky
36.5,94.0,100.0,risky
35.70000076293945,54.0,98.0,healthy
32.900001525878906,75.0,97.0,dangerous
35.60000228881836,84.0,99.0,healthy
34.79999923706055,80.0,98.0,dangerous
36.5,47.0,95.0,healthy
36.0,52.0,99.0,healthy
36.70000076293945,68.0,100.0,healthy
36.5,64.0,96.0,healthy
35.70000076293945,66.0,97.0,healthy
36.400001525878906,105.0,98.0,healthy
36.900001525878906,71.0,100.0,healthy
35.900001525878906,52.0,98.0,healthy
36.0,59.0,97.0,healthy
35.900001525878906,75.0,100.0,healthy
35.79999923706055,72.0,99.0,healthy
35.60000228881836,65.0,98.0,healthy
35.70000076293945,70.0,98.0,healthy
35.400001525878906,62.0,100.0,healthy
36.79999923706055,65.0,100.0,healthy
30.600000381469727,63.0,91.0,dangerous
35.79999923706055,70.0,99.0,healthy
36.0,87.0,100.0,healthy
36.20000076293945,60.0,99.0,healthy
34.400001525878906,65.0,99.0,risky
33.400001525878906,81.0,100.0,dangerous
35.5,68.0,100.0,healthy
28.899999618530273,75.0,100.0,risky
35.0,83.0,85.0,dangerous
36.20000076293945,67.0,100.0,healthy
35.29999923706055,67.0,100.0,healthy
35.900001525878906,63.0,99.0,healthy
34.0,74.0,100.0,risky
35.400001525878906,59.0,100.0,healthy
37.29999923706055,75.0,100.0,healthy
35.60000228881836,57.0,97.0,risky
35.70000076293945,92.0,100.0,healthy
36.70000076293945,52.0,99.0,risky
35.400001525878906,79.0,99.0,healthy
36.10000228881836,63.0,100.0,risky
35.400001525878906,54.0,99.0,healthy
35.60000228881836,75.0,98.0,healthy
36.0,76.0,100.0,healthy
35.60000228881836,62.0,99.0,risky
35.10000228881836,89.0,100.0,healthy
35.900001525878906,94.0,99.0,healthy
36.29999923706055,63.0,100.0,risky
35.20000076293945,73.0,100.0,healthy
36.20000076293945,68.0,100.0,healthy
36.20000076293945,68.0,100.0,healthy
35.79999923706055,82.0,100.0,healthy
36.70000076293945,50.0,100.0,healthy
35.79999923706055,69.0,96.0,healthy
36.29999923706055,59.0,98.0,risky
35.29999923706055,83.0,96.0,healthy
35.79999923706055,66.0,99.0,healthy
35.400001525878906,70.0,98.0,healthy
35.29999923706055,59.0,98.0,healthy
36.5,74.0,100.0,healthy
36.70000076293945,71.0,100.0,healthy
36.400001525878906,64.0,99.0,healthy
35.5,76.0,99.0,healthy
35.60000228881836,73.0,99.0,healthy
35.79999923706055,87.0,89.0,dangerous
36.29999923706055,60.0,98.0,risky
35.900001525878906,58.0,100.0,healthy
37.29999923706055,82.0,94.0,healthy
36.70000076293945,66.0,99.0,healthy
36.0,64.0,99.0,healthy
36.20000076293945,84.0,100.0,healthy
36.5,86.0,96.0,healthy
36.60000228881836,69.0,100.0,healthy
35.29999923706055,57.0,100.0,healthy
36.0,55.0,100.0,healthy
37.0,73.0,100.0,healthy
36.79999923706055,50.0,100.0,healthy
36.10000228881836,71.0,99.0,healthy
35.0,94.0,99.0,healthy
35.70000076293945,55.0,99.0,healthy
35.79999923706055,57.0,99.0,healthy
36.20000076293945,93.0,97.0,healthy
36.20000076293945,53.0,98.0,healthy
35.400001525878906,62.0,100.0,healthy
35.5,50.0,98.0,risky
35.60000228881836,53.0,98.0,risky
36.20000076293945,57.0,98.0,healthy
36.29999923706055,67.0,98.0,healthy
36.10000228881836,90.0,98.0,healthy
36.400001525878906,58.0,97.0,healthy
36.70000076293945,65.0,95.0,healthy
35.900001525878906,68.0,98.0,healthy
36.10000228881836,89.0,100.0,healthy
35.79999923706055,76.0,100.0,healthy
36.10000228881836,78.0,100.0,healthy
36.70000076293945,81.0,100.0,healthy
36.10000228881836,60.0,99.0,healthy
35.70000076293945,51.0,97.0,healthy
36.0,74.0,98.0,healthy
35.5,54.0,99.0,healthy
36.0,85.0,96.0,healthy
36.20000076293945,49.0,99.0,risky
35.60000228881836,61.0,96.0,healthy
35.10000228881836,65.0,99.0,healthy
35.5,69.0,95.0,healthy
36.20000076293945,85.0,98.0,risky
36.10000228881836,76.0,96.0,healthy
35.5,85.0,99.0,healthy
33.900001525878906,67.0,99.0,dangerous
35.400001525878906,54.0,99.0,healthy
36.29999923706055,49.0,100.0,healthy
36.0,74.0,100.0,healthy
36.29999923706055,63.0,99.0,healthy
35.70000076293945,63.0,100.0,healthy
36.0,86.0,96.0,risky
35.60000228881836,72.0,97.0,risky
36.60000228881836,62.0,99.0,healthy
35.79999923706055,51.0,99.0,healthy
35.5,52.0,99.0,healthy
35.70000076293945,75.0,97.0,healthy
36.20000076293945,54.0,99.0,healthy
36.29999923706055,57.0,100.0,healthy
35.79999923706055,65.0,98.0,healthy
37.29999923706055,73.0,100.0,healthy
36.29999923706055,60.0,99.0,healthy
36.79999923706055,69.0,100.0,healthy
36.0,58.0,99.0,healthy
35.29999923706055,55.0,97.0,risky
35.20000076293945,65.0,100.0,healthy
35.900001525878906,54.0,99.0,healthy
36.20000076293945,75.0,99.0,risky
35.5,87.0,99.0,risky
34.900001525878906,70.0,99.0,risky
35.900001525878906,48.0,97.0,healthy
35.70000076293945,59.0,100.0,healthy
36.79999923706055,70.0,100.0,healthy
36.400001525878906,109.0,94.0,healthy
35.60000228881836,60.0,99.0,healthy
35.400001525878906,56.0,100.0,healthy
35.79999923706055,75.0,98.0,healthy
35.20000076293945,74.0,99.0,healthy
35.400001525878906,63.0,99.0,healthy
36.70000076293945,58.0,99.0,healthy
35.70000076293945,90.0,100.0,healthy
36.79999923706055,61.0,97.0,healthy
35.5,99.0,98.0,healthy
35.70000076293945,65.0,99.0,risky
35.60000228881836,61.0,97.0,healthy
36.0,77.0,100.0,risky
35.79999923706055,80.0,99.0,healthy
32.20000076293945,81.0,99.0,dangerous
36.70000076293945,70.0,99.0,healthy
35.70000076293945,52.0,98.0,healthy
35.20000076293945,71.0,100.0,healthy
36.0,64.0,93.0,healthy
36.10000228881836,77.0,96.0,healthy
36.0,68.0,98.0,healthy
36.10000228881836,81.0,100.0,healthy
36.60000228881836,72.0,97.0,healthy
34.900001525878906,39.0,100.0,dangerous
35.5,54.0,97.0,healthy
36.60000228881836,56.0,99.0,healthy
35.60000228881836,76.0,94.0,healthy
34.70000076293945,59.0,98.0,risky
37.0,77.0,79.0,dangerous
35.900001525878906,65.0,98.0,risky
36.0,64.0,87.0,dangerous
35.5,67.0,99.0,risky
36.0,54.0,98.0,healthy
36.400001525878906,54.0,100.0,healthy
35.60000228881836,85.0,93.0,healthy
35.5,64.0,100.0,healthy
34.79999923706055,52.0,100.0,risky
36.5,81.0,96.0,healthy
36.10000228881836,61.0,99.0,healthy
35.70000076293945,59.0,97.0,healthy
35.20000076293945,67.0,86.0,dangerous
34.900001525878906,95.0,98.0,risky
35.60000228881836,44.0,100.0,dangerous
35.20000076293945,56.0,98.0,healthy
36.20000076293945,62.0,100.0,healthy
32.5,75.0,98.0,risky
36.29999923706055,60.0,96.0,healthy
36.79999923706055,62.0,99.0,healthy
35.79999923706055,90.0,97.0,healthy
36.29999923706055,58.0,100.0,healthy
36.0,58.0,99.0,healthy
35.29999923706055,59.0,98.0,risky
35.20000076293945,55.0,100.0,healthy
34.400001525878906,80.0,99.0,dangerous
35.0,47.0,100.0,healthy
35.400001525878906,77.0,100.0,healthy
34.5,62.0,100.0,dangerous
37.0,79.0,85.0,dangerous
35.60000228881836,63.0,98.0,healthy
35.0,59.0,94.0,healthy
34.29999923706055,84.0,97.0,dangerous
36.20000076293945,83.0,99.0,healthy
36.70000076293945,77.0,99.0,healthy
36.10000228881836,63.0,100.0,healthy
34.79999923706055,81.0,100.0,risky
35.20000076293945,72.0,99.0,healthy
34.79999923706055,53.0,95.0,risky
36.400001525878906,52.0,99.0,risky
35.900001525878906,80.0,99.0,healthy
36.400001525878906,66.0,99.0,risky
35.70000076293945,50.0,100.0,healthy
35.79999923706055,69.0,100.0,healthy
36.0,57.0,98.0,healthy
35.900001525878906,62.0,99.0,healthy
36.60000228881836,76.0,99.0,healthy
35.60000228881836,126.0,98.0,healthy
35.400001525878906,72.0,99.0,healthy
36.29999923706055,87.0,96.0,healthy
36.29999923706055,57.0,100.0,healthy
36.0,61.0,100.0,healthy
36.400001525878906,77.0,98.0,healthy
35.900001525878906,67.0,98.0,healthy
33.79999923706055,63.0,99.0,risky
35.79999923706055,54.0,98.0,healthy
37.20000076293945,68.0,100.0,healthy
36.0,89.0,94.0,healthy
35.29999923706055,53.0,100.0,healthy
35.60000228881836,80.0,100.0,healthy
35.20000076293945,58.0,96.0,healthy
36.20000076293945,41.0,96.0,healthy
36.10000228881836,73.0,100.0,risky
36.10000228881836,54.0,99.0,healthy
36.70000076293945,42.0,100.0,healthy
35.60000228881836,75.0,99.0,healthy
36.10000228881836,76.0,99.0,healthy
34.900001525878906,74.0,100.0,dangerous
36.20000076293945,57.0,98.0,healthy
36.10000228881836,53.0,98.0,healthy
35.900001525878906,67.0,99.0,healthy
36.10000228881836,65.0,87.0,dangerous
35.900001525878906,65.0,99.0,healthy
36.10000228881836,50.0,99.0,risky
33.5,66.0,100.0,risky
35.900001525878906,72.0,100.0,healthy
36.10000228881836,55.0,99.0,healthy
35.400001525878906,61.0,99.0,healthy
35.60000228881836,64.0,99.0,healthy
35.20000076293945,53.0,99.0,healthy
34.70000076293945,93.0,99.0,dangerous
36.10000228881836,79.0,98.0,healthy
36.0,50.0,98.0,healthy
35.900001525878906,64.0,98.0,healthy
36.0,58.0,97.0,healthy
36.70000076293945,55.0,100.0,healthy
36.10000228881836,64.0,100.0,healthy
34.70000076293945,59.0,100.0,dangerous
35.70000076293945,53.0,98.0,healthy
36.29999923706055,77.0,99.0,healthy
35.400001525878906,64.0,99.0,healthy
36.0,56.0,98.0,healthy
36.0,64.0,100.0,healthy
36.0,94.0,100.0,healthy
28.600000381469727,79.0,100.0,dangerous
35.400001525878906,91.0,100.0,risky
35.900001525878906,69.0,96.0,healthy
36.20000076293945,48.0,98.0,healthy
35.10000228881836,87.0,97.0,healthy
36.20000076293945,64.0,98.0,healthy
36.60000228881836,58.0,100.0,healthy
35.5,60.0,100.0,healthy
36.29999923706055,78.0,98.0,risky
35.60000228881836,68.0,90.0,dangerous
37.20000076293945,77.0,99.0,healthy
36.79999923706055,72.0,98.0,healthy
36.0,69.0,97.0,healthy
35.29999923706055,105.0,100.0,healthy
35.70000076293945,92.0,99.0,healthy
35.29999923706055,65.0,100.0,healthy
36.70000076293945,70.0,100.0,healthy
36.5,68.0,99.0,healthy
35.900001525878906,63.0,98.0,healthy
35.60000228881836,55.0,100.0,healthy
36.5,68.0,96.0,healthy
35.5,81.0,99.0,healthy
36.0,71.0,98.0,healthy
36.10000228881836,65.0,98.0,healthy
35.29999923706055,73.0,99.0,healthy
35.29999923706055,54.0,99.0,healthy
34.900001525878906,74.0,99.0,dangerous
36.5,56.0,99.0,healthy
35.79999923706055,61.0,98.0,healthy
36.10000228881836,67.0,100.0,healthy
30.700000762939453,59.0,99.0,risky
36.0,79.0,97.0,healthy
35.70000076293945,76.0,99.0,healthy
36.10000228881836,58.0,100.0,healthy
35.5,62.0,97.0,healthy
35.400001525878906,79.0,100.0,healthy
35.20000076293945,71.0,89.0,risky
37.900001525878906,118.0,97.0,healthy
29.700000762939453,79.0,97.0,dangerous
35.900001525878906,78.0,99.0,healthy
35.900001525878906,59.0,96.0,healthy
35.5,78.0,98.0,risky
35.20000076293945,148.0,95.0,risky
36.5,92.0,96.0,risky
34.900001525878906,76.0,98.0,risky
36.0,64.0,100.0,healthy
36.20000076293945,67.0,100.0,healthy
35.70000076293945,90.0,100.0,healthy
35.70000076293945,65.0,100.0,healthy
36.10000228881836,91.0,90.0,dangerous
35.5,61.0,99.0,healthy
35.79999923706055,53.0,97.0,healthy
36.400001525878906,111.0,100.0,healthy
36.400001525878906,72.0,99.0,healthy
36.400001525878906,67.0,97.0,healthy
36.20000076293945,68.0,98.0,healthy
35.900001525878906,90.0,97.0,healthy
36.79999923706055,79.0,97.0,healthy
34.400001525878906,69.0,99.0,risky
36.0,56.0,97.0,healthy
36.5,67.0,99.0,healthy
35.29999923706055,47.0,99.0,healthy
35.29999923706055,72.0,100.0,healthy
35.70000076293945,59.0,98.0,risky
36.79999923706055,71.0,98.0,healthy
36.29999923706055,88.0,100.0,healthy
34.900001525878906,62.0,100.0,risky
35.900001525878906,123.0,100.0,healthy
35.900001525878906,73.0,99.0,healthy
35.79999923706055,84.0,80.0,dangerous
36.79999923706055,63.0,99.0,healthy
36.79999923706055,92.0,100.0,healthy
35.900001525878906,58.0,99.0,healthy
35.400001525878906,61.0,98.0,risky
35.5,52.0,98.0,healthy
35.0,61.0,96.0,healthy
36.0,76.0,99.0,healthy
36.29999923706055,65.0,99.0,risky
35.5,66.0,100.0,healthy
35.20000076293945,63.0,98.0,healthy
35.29999923706055,56.0,98.0,healthy
37.400001525878906,58.0,100.0,healthy
35.10000228881836,68.0,100.0,risky
36.0,56.0,99.0,healthy
35.20000076293945,63.0,98.0,healthy
35.10000228881836,67.0,100.0,risky
35.70000076293945,59.0,99.0,healthy
36.20000076293945,60.0,96.0,healthy
36.29999923706055,97.0,100.0,healthy
36.60000228881836,79.0,96.0,healthy
36.0,73.0,99.0,healthy
34.60000228881836,81.0,100.0,dangerous
36.20000076293945,79.0,96.0,healthy
29.30000114440918,63.0,99.0,dangerous
35.79999923706055,53.0,96.0,healthy
35.400001525878906,45.0,99.0,healthy
34.20000076293945,72.0,99.0,dangerous
36.60000228881836,69.0,98.0,healthy
35.900001525878906,54.0,97.0,risky
35.900001525878906,108.0,100.0,healthy
35.70000076293945,65.0,97.0,healthy
36.400001525878906,83.0,98.0,healthy
35.79999923706055,55.0,98.0,healthy
36.400001525878906,73.0,98.0,healthy
36.60000228881836,73.0,100.0,healthy
28.899999618530273,61.0,100.0,dangerous
36.10000228881836,61.0,99.0,healthy
35.5,117.0,99.0,healthy
35.900001525878906,73.0,99.0,healthy
36.29999923706055,89.0,100.0,risky
36.29999923706055,74.0,100.0,healthy
35.70000076293945,58.0,100.0,healthy
35.79999923706055,67.0,100.0,healthy
35.29999923706055,59.0,100.0,healthy
36.10000228881836,51.0,99.0,healthy
35.79999923706055,69.0,95.0,risky
35.900001525878906,65.0,99.0,healthy
36.5,61.0,95.0,healthy
35.900001525878906,74.0,97.0,healthy
35.20000076293945,61.0,98.0,healthy
37.29999923706055,91.0,99.0,healthy
35.400001525878906,56.0,99.0,healthy
36.20000076293945,70.0,99.0,healthy
36.0,55.0,100.0,healthy
35.900001525878906,68.0,98.0,healthy
36.10000228881836,63.0,99.0,risky
36.400001525878906,59.0,97.0,healthy
35.29999923706055,84.0,99.0,healthy
36.0,66.0,100.0,healthy
36.5,58.0,98.0,healthy
36.900001525878906,64.0,99.0,risky
35.400001525878906,62.0,100.0,healthy
35.5,64.0,98.0,healthy
36.10000228881836,46.0,97.0,risky
36.0,89.0,100.0,healthy
36.20000076293945,64.0,87.0,dangerous
36.400001525878906,67.0,99.0,healthy
36.400001525878906,63.0,97.0,healthy
36.10000228881836,95.0,99.0,risky
35.900001525878906,77.0,100.0,healthy
35.79999923706055,59.0,99.0,healthy
33.0,72.0,100.0,risky
36.10000228881836,67.0,97.0,healthy
35.900001525878906,60.0,99.0,healthy
36.400001525878906,77.0,98.0,healthy
35.29999923706055,84.0,100.0,healthy
35.60000228881836,82.0,99.0,healthy
35.5,54.0,95.0,healthy
36.79999923706055,54.0,100.0,healthy
36.400001525878906,60.0,100.0,healthy
35.900001525878906,67.0,99.0,healthy
36.60000228881836,84.0,97.0,healthy
35.5,75.0,92.0,healthy
36.400001525878906,80.0,98.0,healthy
36.60000228881836,66.0,96.0,healthy
34.0,68.0,98.0,risky
36.0,76.0,100.0,risky
35.70000076293945,90.0,97.0,healthy
36.20000076293945,77.0,99.0,healthy
36.400001525878906,70.0,98.0,risky
36.79999923706055,84.0,100.0,healthy
36.400001525878906,74.0,99.0,risky
35.29999923706055,59.0,100.0,healthy
36.20000076293945,72.0,100.0,healthy
35.70000076293945,66.0,100.0,healthy
35.29999923706055,82.0,97.0,healthy
35.79999923706055,78.0,99.0,healthy
36.29999923706055,48.0,98.0,healthy
36.10000228881836,86.0,100.0,healthy
34.5,95.0,100.0,dangerous
36.5,72.0,94.0,risky
35.70000076293945,67.0,98.0,healthy
36.5,65.0,100.0,healthy
35.60000228881836,70.0,98.0,risky
35.400001525878906,74.0,98.0,healthy
35.60000228881836,58.0,98.0,healthy
35.29999923706055,76.0,100.0,healthy
36.20000076293945,73.0,98.0,risky
35.400001525878906,61.0,99.0,healthy
35.900001525878906,69.0,99.0,healthy
35.20000076293945,56.0,99.0,healthy
36.0,72.0,99.0,risky
35.70000076293945,65.0,99.0,healthy
35.60000228881836,75.0,100.0,healthy
37.20000076293945,89.0,99.0,healthy
36.400001525878906,72.0,98.0,risky
37.29999923706055,90.0,99.0,healthy
35.0,59.0,100.0,healthy
35.79999923706055,110.0,98.0,risky
35.70000076293945,72.0,100.0,healthy
36.20000076293945,110.0,99.0,healthy
35.29999923706055,65.0,98.0,healthy
36.5,81.0,100.0,healthy
34.900001525878906,60.0,100.0,risky
35.70000076293945,89.0,96.0,healthy
35.5,101.0,99.0,risky
35.60000228881836,60.0,100.0,healthy
36.29999923706055,71.0,99.0,healthy
35.10000228881836,88.0,99.0,healthy
36.60000228881836,51.0,99.0,healthy
35.900001525878906,69.0,98.0,healthy
35.400001525878906,62.0,100.0,healthy
36.10000228881836,60.0,99.0,healthy
35.900001525878906,68.0,98.0,healthy
35.900001525878906,90.0,94.0,healthy
36.20000076293945,72.0,95.0,healthy
35.29999923706055,82.0,100.0,healthy
35.79999923706055,60.0,99.0,risky
35.900001525878906,49.0,99.0,healthy
35.60000228881836,68.0,100.0,healthy
35.400001525878906,57.0,100.0,healthy
35.60000228881836,82.0,95.0,healthy
35.900001525878906,70.0,97.0,healthy
36.29999923706055,47.0,100.0,healthy
35.5,97.0,99.0,healthy
36.20000076293945,63.0,98.0,healthy
35.900001525878906,53.0,97.0,healthy
35.5,63.0,97.0,healthy
35.29999923706055,75.0,100.0,healthy
35.400001525878906,50.0,99.0,healthy
35.900001525878906,67.0,95.0,healthy
36.10000228881836,57.0,99.0,risky
35.60000228881836,62.0,100.0,healthy
37.10000228881836,90.0,98.0,healthy
35.20000076293945,68.0,100.0,healthy
35.900001525878906,58.0,96.0,healthy
35.70000076293945,73.0,95.0,healthy
35.70000076293945,60.0,100.0,healthy
36.10000228881836,91.0,98.0,healthy
35.29999923706055,93.0,98.0,healthy
32.900001525878906,62.0,99.0,dangerous
35.5,58.0,95.0,healthy
35.10000228881836,71.0,100.0,healthy
35.60000228881836,61.0,98.0,healthy
35.79999923706055,56.0,94.0,healthy
29.5,78.0,100.0,risky
36.79999923706055,111.0,99.0,healthy
35.29999923706055,51.0,99.0,risky
36.0,61.0,99.0,healthy
38.10000228881836,104.0,98.0,risky
35.70000076293945,68.0,99.0,healthy
36.60000228881836,79.0,98.0,healthy
35.5,64.0,100.0,healthy
35.79999923706055,64.0,100.0,healthy
36.70000076293945,71.0,100.0,healthy
35.400001525878906,60.0,98.0,healthy
36.0,63.0,100.0,healthy
36.20000076293945,57.0,100.0,healthy
35.60000228881836,84.0,98.0,healthy
35.70000076293945,96.0,100.0,risky
36.20000076293945,78.0,100.0,healthy
36.10000228881836,78.0,100.0,healthy
37.20000076293945,63.0,100.0,healthy
35.60000228881836,77.0,99.0,healthy
36.5,60.0,97.0,healthy
36.400001525878906,58.0,99.0,healthy
35.79999923706055,70.0,100.0,healthy
35.5,52.0,100.0,healthy
35.900001525878906,64.0,97.0,risky
37.79999923706055,92.0,100.0,healthy
36.20000076293945,63.0,97.0,healthy
35.10000228881836,67.0,96.0,healthy
35.60000228881836,75.0,100.0,healthy
36.29999923706055,43.0,100.0,healthy
36.29999923706055,64.0,100.0,healthy
35.20000076293945,79.0,99.0,risky
37.10000228881836,88.0,98.0,healthy
28.399999618530273,71.0,98.0,dangerous
36.0,71.0,99.0,healthy
35.79999923706055,53.0,99.0,healthy
36.0,72.0,97.0,healthy
35.900001525878906,62.0,99.0,healthy
35.400001525878906,69.0,100.0,healthy
35.70000076293945,60.0,97.0,risky
36.20000076293945,64.0,99.0,healthy
35.400001525878906,59.0,98.0,healthy
35.400001525878906,67.0,94.0,healthy
36.5,75.0,99.0,risky
35.10000228881836,74.0,99.0,healthy
36.10000228881836,54.0,95.0,healthy
36.5,81.0,100.0,healthy
35.60000228881836,65.0,99.0,healthy
35.400001525878906,53.0,99.0,risky
35.5,63.0,99.0,healthy
35.60000228881836,74.0,98.0,healthy
35.29999923706055,99.0,100.0,healthy
36.10000228881836,101.0,100.0,healthy
36.20000076293945,65.0,99.0,healthy
35.5,69.0,96.0,healthy
36.400001525878906,49.0,99.0,healthy
36.79999923706055,66.0,99.0,risky
35.10000228881836,74.0,97.0,healthy
36.20000076293945,54.0,100.0,healthy
33.900001525878906,52.0,99.0,risky
36.10000228881836,73.0,87.0,dangerous
36.10000228881836,49.0,100.0,healthy
35.10000228881836,102.0,99.0,healthy
35.70000076293945,56.0,99.0,risky
36.400001525878906,57.0,99.0,healthy
36.400001525878906,69.0,100.0,healthy
36.29999923706055,63.0,96.0,healthy
36.0,58.0,98.0,healthy
35.29999923706055,51.0,100.0,healthy
37.29999923706055,156.0,100.0,dangerous
35.29999923706055,86.0,99.0,healthy
35.70000076293945,79.0,98.0,healthy
36.5,61.0,100.0,healthy
36.0,67.0,98.0,healthy
35.5,78.0,98.0,risky
35.70000076293945,57.0,100.0,healthy
38.20000076293945,103.0,97.0,risky
35.70000076293945,82.0,99.0,healthy
37.20000076293945,65.0,100.0,healthy
36.60000228881836,68.0,99.0,healthy
35.79999923706055,69.0,100.0,healthy
35.79999923706055,64.0,99.0,risky
36.60000228881836,70.0,100.0,healthy
36.400001525878906,85.0,100.0,healthy
35.900001525878906,69.0,100.0,healthy
35.29999923706055,84.0,98.0,healthy
36.60000228881836,74.0,98.0,healthy
36.0,76.0,98.0,healthy
35.900001525878906,71.0,97.0,healthy
35.70000076293945,60.0,100.0,healthy
35.20000076293945,76.0,98.0,risky
35.79999923706055,74.0,98.0,healthy
36.79999923706055,99.0,99.0,healthy
35.79999923706055,63.0,96.0,healthy
35.79999923706055,70.0,94.0,healthy
28.100000381469727,80.0,97.0,dangerous
35.10000228881836,64.0,99.0,healthy
35.0,97.0,99.0,risky
35.70000076293945,78.0,97.0,healthy
35.20000076293945,56.0,100.0,risky
35.5,121.0,97.0,dangerous
35.60000228881836,45.0,98.0,healthy
35.60000228881836,81.0,99.0,healthy
35.5,89.0,97.0,healthy
37.60000228881836,73.0,100.0,healthy
36.400001525878906,79.0,100.0,healthy
35.70000076293945,63.0,99.0,healthy
35.60000228881836,78.0,100.0,healthy
36.20000076293945,50.0,99.0,healthy
35.0,66.0,99.0,healthy
36.29999923706055,55.0,100.0,healthy
36.5,55.0,100.0,healthy
36.0,56.0,97.0,healthy
35.5,56.0,100.0,healthy
35.29999923706055,54.0,100.0,healthy
35.29999923706055,88.0,98.0,healthy
36.79999923706055,127.0,100.0,healthy
35.79999923706055,57.0,95.0,healthy
35.0,61.0,98.0,healthy
34.79999923706055,61.0,98.0,dangerous
35.29999923706055,68.0,100.0,healthy
35.79999923706055,53.0,99.0,healthy
36.20000076293945,50.0,97.0,healthy
36.0,76.0,96.0,healthy
36.5,67.0,100.0,healthy
35.70000076293945,86.0,100.0,healthy
36.10000228881836,71.0,97.0,healthy
36.70000076293945,85.0,99.0,healthy
35.400001525878906,64.0,98.0,healthy
37.20000076293945,91.0,97.0,healthy
34.79999923706055,67.0,100.0,risky
35.0,81.0,97.0,healthy
35.900001525878906,60.0,100.0,healthy
35.60000228881836,73.0,100.0,risky
35.70000076293945,48.0,98.0,healthy
35.900001525878906,59.0,100.0,healthy
35.29999923706055,69.0,100.0,healthy
35.400001525878906,69.0,99.0,healthy
35.900001525878906,95.0,100.0,healthy
36.0,72.0,100.0,healthy
35.79999923706055,77.0,100.0,healthy
35.0,84.0,100.0,healthy
36.29999923706055,72.0,99.0,healthy
36.29999923706055,82.0,100.0,healthy
35.10000228881836,73.0,97.0,healthy
36.79999923706055,97.0,94.0,healthy
35.60000228881836,66.0,100.0,healthy
35.5,69.0,100.0,healthy
35.0,77.0,100.0,healthy
35.900001525878906,64.0,99.0,healthy
36.400001525878906,46.0,100.0,healthy
35.10000228881836,78.0,100.0,healthy
35.60000228881836,66.0,99.0,healthy
33.60000228881836,70.0,100.0,risky
35.900001525878906,66.0,99.0,healthy
36.60000228881836,91.0,97.0,healthy
35.79999923706055,81.0,100.0,healthy
35.60000228881836,64.0,99.0,healthy
35.60000228881836,51.0,99.0,healthy
35.79999923706055,59.0,99.0,healthy
36.29999923706055,65.0,96.0,healthy
36.0,66.0,99.0,healthy
36.29999923706055,56.0,99.0,healthy
35.0,56.0,97.0,healthy
35.400001525878906,61.0,100.0,healthy
36.20000076293945,65.0,99.0,healthy
36.10000228881836,72.0,98.0,healthy
36.79999923706055,78.0,99.0,healthy
35.400001525878906,69.0,99.0,healthy
36.0,63.0,98.0,risky
35.10000228881836,67.0,99.0,healthy
36.20000076293945,82.0,99.0,healthy
35.400001525878906,85.0,99.0,healthy
35.900001525878906,57.0,99.0,healthy
36.29999923706055,68.0,99.0,healthy
35.79999923706055,73.0,99.0,risky
36.20000076293945,72.0,99.0,healthy
35.60000228881836,49.0,98.0,healthy
29.0,86.0,100.0,risky
34.70000076293945,77.0,99.0,dangerous
35.70000076293945,60.0,100.0,healthy
36.400001525878906,77.0,98.0,healthy
36.29999923706055,73.0,99.0,healthy
35.60000228881836,57.0,98.0,healthy
35.900001525878906,62.0,100.0,healthy
36.60000228881836,75.0,100.0,risky
36.29999923706055,49.0,100.0,healthy
36.0,69.0,99.0,healthy
36.0,49.0,100.0,healthy
31.399999618530273,87.0,100.0,risky
36.10000228881836,90.0,99.0,healthy
36.900001525878906,76.0,99.0,risky
35.60000228881836,76.0,90.0,dangerous
36.70000076293945,77.0,99.0,healthy
35.5,46.0,99.0,healthy
35.60000228881836,69.0,99.0,healthy
35.10000228881836,85.0,97.0,healthy
36.400001525878906,45.0,97.0,healthy
35.79999923706055,55.0,100.0,healthy
35.900001525878906,57.0,98.0,healthy
36.29999923706055,61.0,99.0,healthy
35.900001525878906,73.0,100.0,healthy
35.0,79.0,98.0,healthy
28.399999618530273,77.0,99.0,dangerous
34.79999923706055,63.0,96.0,risky
35.79999923706055,60.0,100.0,healthy
36.20000076293945,62.0,98.0,healthy
35.5,52.0,99.0,healthy
35.29999923706055,104.0,99.0,healthy
34.10000228881836,72.0,99.0,risky
35.400001525878906,59.0,98.0,healthy
35.900001525878906,67.0,99.0,risky
36.29999923706055,52.0,98.0,healthy
35.70000076293945,57.0,99.0,healthy
34.60000228881836,64.0,99.0,risky
36.10000228881836,62.0,100.0,healthy
36.10000228881836,118.0,99.0,healthy
36.60000228881836,77.0,99.0,risky
36.60000228881836,59.0,99.0,healthy
36.0,58.0,100.0,healthy
36.20000076293945,101.0,100.0,risky
35.400001525878906,62.0,99.0,healthy
36.20000076293945,65.0,99.0,healthy
36.10000228881836,52.0,95.0,healthy
35.900001525878906,60.0,99.0,healthy
36.79999923706055,78.0,100.0,healthy
36.400001525878906,72.0,99.0,healthy
35.79999923706055,60.0,99.0,healthy
35.900001525878906,61.0,97.0,healthy
36.5,93.0,95.0,healthy
35.900001525878906,59.0,100.0,healthy
35.5,55.0,99.0,healthy
36.10000228881836,68.0,97.0,healthy
36.20000076293945,78.0,100.0,healthy
35.900001525878906,73.0,98.0,healthy
36.400001525878906,75.0,99.0,healthy
35.20000076293945,65.0,99.0,healthy
36.0,61.0,100.0,healthy
29.30000114440918,72.0,85.0,dangerous
34.79999923706055,73.0,97.0,risky
35.29999923706055,72.0,98.0,healthy
36.79999923706055,140.0,95.0,dangerous
37.29999923706055,87.0,96.0,healthy
35.10000228881836,73.0,100.0,healthy
36.5,86.0,99.0,risky
36.0,62.0,99.0,healthy
36.20000076293945,60.0,99.0,healthy
36.20000076293945,76.0,100.0,healthy
35.900001525878906,57.0,99.0,healthy
35.400001525878906,72.0,98.0,healthy
35.900001525878906,54.0,100.0,healthy
36.5,58.0,97.0,healthy
35.60000228881836,69.0,98.0,healthy
35.60000228881836,62.0,99.0,healthy
36.900001525878906,97.0,99.0,risky
35.20000076293945,48.0,99.0,healthy
36.0,56.0,100.0,healthy
34.5,44.0,98.0,risky
35.400001525878906,59.0,100.0,healthy
34.400001525878906,59.0,99.0,risky
36.0,79.0,98.0,risky
35.70000076293945,47.0,99.0,healthy
36.60000228881836,55.0,99.0,healthy
29.899999618530273,64.0,98.0,risky
36.400001525878906,90.0,100.0,healthy
36.900001525878906,64.0,99.0,healthy
36.5,53.0,99.0,healthy
37.10000228881836,104.0,100.0,risky
36.60000228881836,74.0,99.0,risky
36.10000228881836,95.0,98.0,healthy
36.10000228881836,72.0,100.0,healthy
35.60000228881836,86.0,96.0,healthy
35.5,53.0,98.0,healthy
36.0,60.0,98.0,risky
35.79999923706055,69.0,98.0,healthy
34.79999923706055,61.0,98.0,dangerous
35.0,56.0,100.0,healthy
35.20000076293945,61.0,98.0,healthy
35.5,73.0,96.0,healthy
30.30000114440918,105.0,96.0,dangerous
36.20000076293945,56.0,97.0,healthy
36.79999923706055,46.0,98.0,healthy
36.79999923706055,81.0,92.0,healthy
36.0,65.0,100.0,healthy
36.20000076293945,100.0,100.0,healthy
35.70000076293945,56.0,99.0,healthy
33.900001525878906,61.0,98.0,risky
35.900001525878906,61.0,100.0,healthy
35.79999923706055,79.0,100.0,risky
35.29999923706055,56.0,100.0,healthy
36.70000076293945,64.0,99.0,healthy
37.29999923706055,66.0,100.0,healthy
36.0,65.0,99.0,healthy
35.60000228881836,53.0,100.0,healthy
36.60000228881836,78.0,100.0,healthy
34.10000228881836,73.0,99.0,dangerous
30.700000762939453,70.0,100.0,dangerous
36.900001525878906,75.0,99.0,healthy
36.5,73.0,93.0,healthy
30.0,57.0,99.0,dangerous
35.400001525878906,94.0,100.0,healthy
36.10000228881836,52.0,100.0,healthy
36.29999923706055,75.0,100.0,risky
35.10000228881836,54.0,94.0,healthy
36.0,52.0,98.0,healthy
36.10000228881836,92.0,98.0,healthy
29.200000762939453,82.0,99.0,dangerous
36.10000228881836,73.0,100.0,healthy
35.79999923706055,89.0,99.0,healthy
34.900001525878906,53.0,99.0,risky
34.400001525878906,117.0,97.0,risky
35.900001525878906,55.0,99.0,healthy
35.900001525878906,58.0,99.0,healthy
35.900001525878906,79.0,100.0,risky
36.20000076293945,65.0,100.0,healthy
36.60000228881836,88.0,100.0,healthy
35.0,68.0,99.0,healthy
35.20000076293945,60.0,99.0,healthy
35.70000076293945,93.0,98.0,healthy
35.900001525878906,60.0,99.0,healthy
35.400001525878906,55.0,98.0,healthy
35.79999923706055,61.0,95.0,healthy
35.29999923706055,77.0,96.0,healthy
35.29999923706055,57.0,94.0,healthy
35.0,58.0,97.0,healthy
36.5,68.0,98.0,healthy
35.70000076293945,56.0,98.0,healthy
35.29999923706055,97.0,98.0,risky
35.79999923706055,96.0,96.0,healthy
35.900001525878906,70.0,100.0,healthy
29.80000114440918,94.0,99.0,dangerous
36.79999923706055,91.0,97.0,healthy
36.10000228881836,71.0,97.0,healthy
36.400001525878906,77.0,97.0,healthy
35.400001525878906,68.0,100.0,healthy
35.5,64.0,99.0,healthy
36.20000076293945,59.0,99.0,healthy
35.20000076293945,97.0,100.0,healthy
36.60000228881836,76.0,98.0,healthy
35.79999923706055,78.0,100.0,healthy
36.20000076293945,59.0,99.0,healthy
36.400001525878906,107.0,98.0,healthy
36.20000076293945,75.0,100.0,healthy
35.400001525878906,78.0,100.0,healthy
36.900001525878906,73.0,100.0,healthy
36.20000076293945,61.0,98.0,healthy
35.70000076293945,69.0,100.0,healthy
36.29999923706055,49.0,98.0,healthy
36.5,67.0,100.0,healthy
36.20000076293945,56.0,98.0,healthy
36.0,83.0,99.0,healthy
36.10000228881836,54.0,99.0,healthy
35.0,72.0,99.0,healthy
35.900001525878906,67.0,99.0,risky
33.5,66.0,98.0,risky
36.29999923706055,63.0,96.0,healthy
37.10000228881836,79.0,99.0,healthy
35.5,55.0,99.0,healthy
36.10000228881836,79.0,100.0,healthy
35.20000076293945,57.0,99.0,healthy
35.60000228881836,67.0,98.0,risky
35.20000076293945,59.0,100.0,healthy
35.70000076293945,49.0,99.0,healthy
35.900001525878906,72.0,97.0,healthy
36.400001525878906,90.0,98.0,healthy
36.0,65.0,99.0,healthy
36.10000228881836,54.0,98.0,healthy
36.400001525878906,62.0,98.0,healthy
35.29999923706055,63.0,100.0,healthy
35.70000076293945,60.0,98.0,risky
35.900001525878906,53.0,97.0,healthy
35.70000076293945,83.0,98.0,healthy
35.70000076293945,72.0,99.0,healthy
35.5,91.0,97.0,healthy
35.10000228881836,70.0,100.0,healthy
35.70000076293945,64.0,95.0,healthy
35.60000228881836,68.0,98.0,healthy
35.900001525878906,75.0,100.0,healthy
33.70000076293945,68.0,97.0,risky
36.10000228881836,63.0,100.0,healthy
36.29999923706055,89.0,99.0,healthy
36.29999923706055,55.0,97.0,healthy
34.900001525878906,52.0,100.0,risky
35.29999923706055,68.0,97.0,healthy
29.700000762939453,65.0,100.0,risky
36.20000076293945,100.0,97.0,healthy
36.5,81.0,99.0,healthy
36.0,60.0,98.0,healthy
35.20000076293945,60.0,97.0,healthy
36.5,57.0,83.0,dangerous
35.70000076293945,73.0,100.0,risky
35.29999923706055,61.0,98.0,healthy
35.79999923706055,63.0,100.0,healthy
35.400001525878906,69.0,98.0,healthy
35.60000228881836,85.0,96.0,healthy
28.30000114440918,55.0,98.0,risky
35.20000076293945,73.0,98.0,healthy
35.900001525878906,55.0,100.0,healthy
35.79999923706055,81.0,98.0,healthy
36.60000228881836,82.0,98.0,risky
35.79999923706055,68.0,99.0,healthy
35.900001525878906,56.0,98.0,healthy
36.0,52.0,99.0,healthy
35.79999923706055,83.0,99.0,healthy
36.10000228881836,77.0,97.0,healthy
35.60000228881836,79.0,98.0,healthy
36.20000076293945,56.0,99.0,healthy
37.29999923706055,82.0,96.0,risky
30.0,47.0,100.0,risky
34.400001525878906,75.0,99.0,dangerous
36.70000076293945,64.0,100.0,risky
35.60000228881836,68.0,100.0,healthy
36.0,44.0,96.0,healthy
35.0,73.0,99.0,healthy
36.10000228881836,65.0,99.0,healthy
35.900001525878906,79.0,99.0,risky
36.29999923706055,83.0,96.0,risky
35.70000076293945,74.0,94.0,healthy
36.70000076293945,72.0,99.0,healthy
35.20000076293945,65.0,96.0,healthy
36.20000076293945,69.0,99.0,risky
35.29999923706055,79.0,99.0,risky
36.60000228881836,62.0,100.0,healthy
36.0,80.0,99.0,healthy
35.5,88.0,98.0,risky
35.29999923706055,71.0,99.0,healthy
35.400001525878906,101.0,99.0,healthy
35.900001525878906,69.0,99.0,risky
35.5,63.0,97.0,healthy
35.900001525878906,63.0,99.0,healthy
35.79999923706055,50.0,98.0,healthy
36.10000228881836,80.0,98.0,risky
34.79999923706055,58.0,100.0,risky
34.5,97.0,100.0,risky
36.10000228881836,87.0,100.0,healthy
35.5,87.0,100.0,healthy
33.60000228881836,53.0,96.0,dangerous
36.0,80.0,98.0,risky
35.29999923706055,65.0,100.0,healthy
35.5,63.0,99.0,healthy
35.20000076293945,67.0,99.0,healthy
36.0,52.0,98.0,healthy
35.70000076293945,79.0,99.0,healthy
36.10000228881836,75.0,98.0,healthy
28.899999618530273,74.0,97.0,dangerous
36.70000076293945,78.0,100.0,healthy
36.400001525878906,83.0,98.0,risky
36.5,69.0,96.0,risky
35.60000228881836,120.0,97.0,healthy
35.79999923706055,69.0,97.0,healthy
36.29999923706055,68.0,99.0,healthy
29.600000381469727,78.0,99.0,risky
36.5,69.0,100.0,healthy
36.0,62.0,97.0,risky
36.70000076293945,71.0,100.0,healthy
28.399999618530273,58.0,99.0,risky
35.70000076293945,71.0,100.0,healthy
36.70000076293945,69.0,100.0,healthy
35.79999923706055,81.0,99.0,healthy
35.79999923706055,120.0,97.0,healthy
36.29999923706055,63.0,100.0,healthy
36.29999923706055,59.0,100.0,healthy
36.60000228881836,107.0,96.0,healthy
35.900001525878906,80.0,100.0,healthy
34.70000076293945,64.0,98.0,risky
35.5,64.0,100.0,healthy
34.70000076293945,61.0,98.0,risky
35.70000076293945,59.0,100.0,healthy
36.5,51.0,100.0,healthy
35.60000228881836,55.0,99.0,healthy
35.70000076293945,69.0,99.0,healthy
35.79999923706055,74.0,97.0,healthy
36.0,87.0,98.0,healthy
36.20000076293945,53.0,99.0,healthy
36.29999923706055,75.0,100.0,healthy
35.5,71.0,99.0,healthy
36.20000076293945,59.0,97.0,healthy
36.20000076293945,84.0,100.0,healthy
35.79999923706055,87.0,95.0,healthy
36.5,67.0,99.0,healthy
36.29999923706055,80.0,100.0,healthy
35.900001525878906,70.0,100.0,risky
36.5,57.0,96.0,healthy
35.10000228881836,74.0,100.0,healthy
35.5,65.0,98.0,healthy
36.10000228881836,79.0,99.0,healthy
36.400001525878906,75.0,100.0,healthy
36.70000076293945,63.0,100.0,risky
36.20000076293945,63.0,99.0,healthy
32.5,63.0,86.0,dangerous
36.60000228881836,60.0,100.0,healthy
35.79999923706055,65.0,99.0,healthy
35.70000076293945,57.0,100.0,healthy
35.900001525878906,69.0,98.0,healthy
35.29999923706055,71.0,100.0,healthy
35.70000076293945,65.0,97.0,healthy
36.20000076293945,55.0,98.0,healthy
36.5,64.0,99.0,healthy
35.60000228881836,86.0,99.0,healthy
35.60000228881836,63.0,99.0,healthy
36.400001525878906,102.0,99.0,risky
34.70000076293945,69.0,100.0,dangerous
36.60000228881836,62.0,99.0,healthy
35.10000228881836,55.0,100.0,healthy
35.29999923706055,71.0,100.0,healthy
35.900001525878906,54.0,99.0,healthy
36.20000076293945,64.0,95.0,healthy
36.5,67.0,98.0,risky
35.60000228881836,70.0,97.0,healthy
36.10000228881836,80.0,100.0,risky
35.20000076293945,61.0,100.0,healthy
35.60000228881836,62.0,100.0,healthy
32.20000076293945,107.0,98.0,dangerous
36.29999923706055,65.0,98.0,risky
35.5,63.0,100.0,healthy
36.400001525878906,55.0,99.0,healthy
37.29999923706055,93.0,97.0,healthy
36.20000076293945,92.0,98.0,healthy
36.10000228881836,66.0,99.0,healthy
36.60000228881836,67.0,99.0,risky
35.70000076293945,73.0,98.0,healthy
35.60000228881836,56.0,97.0,healthy
35.5,61.0,99.0,healthy
36.20000076293945,68.0,100.0,healthy
36.20000076293945,81.0,96.0,healthy
36.0,53.0,85.0,dangerous
35.400001525878906,59.0,98.0,healthy
37.0,86.0,97.0,healthy
34.70000076293945,54.0,100.0,risky
35.900001525878906,53.0,98.0,healthy
35.70000076293945,135.0,99.0,risky
35.900001525878906,58.0,98.0,healthy
35.400001525878906,60.0,99.0,healthy
34.29999923706055,64.0,98.0,risky
35.60000228881836,55.0,97.0,healthy
35.70000076293945,63.0,100.0,healthy
35.900001525878906,65.0,97.0,risky
36.60000228881836,66.0,99.0,healthy
35.70000076293945,49.0,99.0,healthy
36.0,69.0,97.0,healthy
36.29999923706055,45.0,99.0,healthy
35.20000076293945,90.0,85.0,dangerous
35.60000228881836,52.0,99.0,healthy
35.5,46.0,98.0,healthy
36.20000076293945,69.0,99.0,risky
36.400001525878906,66.0,99.0,risky
35.60000228881836,48.0,100.0,healthy
36.10000228881836,56.0,100.0,healthy
36.0,61.0,100.0,healthy
36.400001525878906,60.0,99.0,healthy
36.29999923706055,61.0,100.0,healthy
35.900001525878906,78.0,100.0,healthy
36.0,71.0,99.0,healthy
35.900001525878906,50.0,99.0,healthy
35.60000228881836,71.0,98.0,healthy
35.29999923706055,70.0,100.0,healthy
35.79999923706055,73.0,100.0,healthy
35.400001525878906,80.0,97.0,healthy
36.20000076293945,54.0,100.0,healthy
36.900001525878906,82.0,99.0,risky
36.900001525878906,77.0,98.0,risky
34.20000076293945,73.0,99.0,risky
35.400001525878906,69.0,99.0,healthy
35.60000228881836,72.0,99.0,healthy
35.5,75.0,100.0,risky
36.60000228881836,82.0,100.0,healthy
36.5,56.0,100.0,healthy
35.5,58.0,96.0,healthy
36.10000228881836,71.0,96.0,healthy
36.0,60.0,93.0,risky
36.400001525878906,75.0,100.0,healthy
35.70000076293945,51.0,98.0,healthy
36.0,61.0,98.0,healthy
36.79999923706055,94.0,100.0,healthy
35.900001525878906,83.0,99.0,healthy
36.20000076293945,89.0,99.0,risky
35.70000076293945,57.0,96.0,healthy
36.20000076293945,59.0,99.0,healthy
36.20000076293945,66.0,96.0,healthy
35.70000076293945,61.0,99.0,healthy
36.60000228881836,70.0,99.0,healthy
36.29999923706055,66.0,99.0,risky
35.70000076293945,49.0,99.0,risky
35.10000228881836,58.0,99.0,healthy
36.29999923706055,52.0,100.0,healthy
36.400001525878906,74.0,99.0,healthy
36.20000076293945,62.0,98.0,healthy
36.10000228881836,85.0,100.0,healthy
36.0,86.0,99.0,healthy
35.70000076293945,68.0,97.0,healthy
36.29999923706055,51.0,98.0,healthy
36.20000076293945,61.0,98.0,risky
35.20000076293945,62.0,98.0,healthy
35.5,95.0,100.0,healthy
36.60000228881836,71.0,99.0,healthy
35.900001525878906,57.0,100.0,healthy
36.79999923706055,73.0,98.0,healthy
35.60000228881836,70.0,100.0,healthy
35.60000228881836,60.0,99.0,healthy
37.20000076293945,90.0,98.0,healthy
35.10000228881836,74.0,100.0,healthy
36.0,72.0,98.0,healthy
35.10000228881836,73.0,97.0,healthy
35.900001525878906,57.0,98.0,risky
35.29999923706055,68.0,98.0,healthy
35.79999923706055,92.0,100.0,healthy
36.29999923706055,97.0,99.0,risky
37.10000228881836,69.0,99.0,healthy
35.79999923706055,60.0,98.0,risky
35.900001525878906,62.0,100.0,healthy
35.5,57.0,99.0,healthy
35.60000228881836,84.0,99.0,healthy
35.60000228881836,103.0,98.0,risky
36.70000076293945,96.0,99.0,risky
35.900001525878906,92.0,98.0,healthy
36.400001525878906,76.0,99.0,healthy
32.20000076293945,67.0,97.0,dangerous
36.20000076293945,51.0,98.0,healthy
35.400001525878906,53.0,100.0,healthy
34.900001525878906,81.0,99.0,dangerous
36.20000076293945,48.0,98.0,healthy
35.900001525878906,90.0,95.0,healthy
36.0,52.0,100.0,healthy
36.29999923706055,59.0,98.0,healthy
36.900001525878906,74.0,100.0,healthy
35.900001525878906,83.0,98.0,healthy
36.79999923706055,55.0,98.0,healthy
35.400001525878906,94.0,96.0,healthy
35.5,74.0,99.0,healthy
35.29999923706055,69.0,100.0,healthy
35.20000076293945,51.0,100.0,healthy
35.70000076293945,64.0,99.0,healthy
36.0,56.0,99.0,healthy
35.900001525878906,53.0,100.0,healthy
35.60000228881836,61.0,97.0,healthy
36.70000076293945,70.0,100.0,risky
35.5,88.0,98.0,healthy
35.5,55.0,100.0,healthy
35.900001525878906,55.0,99.0,healthy
35.5,54.0,100.0,healthy
35.400001525878906,51.0,100.0,healthy
35.29999923706055,72.0,100.0,healthy
35.900001525878906,73.0,99.0,risky
35.900001525878906,69.0,98.0,healthy
35.900001525878906,72.0,97.0,healthy
36.5,64.0,100.0,risky
35.60000228881836,105.0,99.0,healthy
36.60000228881836,63.0,99.0,healthy
35.10000228881836,62.0,99.0,healthy
36.70000076293945,71.0,98.0,healthy
35.79999923706055,77.0,91.0,dangerous
35.0,86.0,100.0,healthy
34.10000228881836,59.0,98.0,dangerous
36.29999923706055,70.0,99.0,healthy
36.29999923706055,65.0,99.0,healthy
35.5,66.0,100.0,healthy
35.10000228881836,85.0,100.0,healthy
36.20000076293945,78.0,99.0,healthy
36.400001525878906,87.0,99.0,healthy
35.29999923706055,53.0,97.0,healthy
36.20000076293945,56.0,95.0,healthy
36.0,66.0,98.0,healthy
36.60000228881836,82.0,99.0,healthy
35.60000228881836,124.0,99.0,dangerous
35.60000228881836,80.0,100.0,healthy
35.5,75.0,99.0,healthy
35.5,55.0,99.0,healthy
35.29999923706055,49.0,99.0,risky
36.29999923706055,180.0,99.0,risky
35.60000228881836,84.0,94.0,healthy
35.5,78.0,98.0,healthy
36.0,62.0,99.0,healthy
36.10000228881836,55.0,100.0,healthy
35.79999923706055,76.0,100.0,healthy
35.900001525878906,89.0,100.0,healthy
35.0,70.0,99.0,risky
33.900001525878906,77.0,99.0,dangerous
35.70000076293945,76.0,99.0,healthy
35.5,67.0,100.0,healthy
28.5,57.0,99.0,risky
35.79999923706055,68.0,99.0,healthy
36.0,73.0,99.0,risky
35.5,52.0,99.0,risky
35.900001525878906,87.0,99.0,healthy
35.0,83.0,99.0,healthy
36.900001525878906,52.0,97.0,healthy
36.0,59.0,96.0,healthy
36.5,51.0,100.0,healthy
35.20000076293945,63.0,100.0,healthy
35.400001525878906,75.0,100.0,risky
28.0,66.0,99.0,risky
31.399999618530273,60.0,98.0,risky
36.0,76.0,100.0,healthy
35.900001525878906,72.0,98.0,healthy
35.79999923706055,64.0,100.0,healthy
36.20000076293945,63.0,100.0,risky
37.10000228881836,95.0,100.0,healthy
34.900001525878906,71.0,100.0,risky
35.900001525878906,67.0,98.0,healthy
36.0,72.0,97.0,healthy
36.29999923706055,94.0,100.0,healthy
36.400001525878906,89.0,94.0,healthy
36.0,62.0,100.0,healthy
34.70000076293945,64.0,98.0,dangerous
35.60000228881836,78.0,97.0,healthy
36.5,81.0,99.0,healthy
35.5,59.0,99.0,healthy
35.60000228881836,56.0,100.0,healthy
36.29999923706055,69.0,97.0,healthy
35.5,72.0,100.0,healthy
29.30000114440918,55.0,99.0,dangerous
36.400001525878906,60.0,95.0,healthy
35.900001525878906,80.0,96.0,healthy
36.5,76.0,99.0,healthy
36.70000076293945,85.0,99.0,healthy
36.10000228881836,68.0,100.0,healthy
35.5,81.0,100.0,risky
28.399999618530273,69.0,97.0,dangerous
35.900001525878906,48.0,99.0,healthy
36.70000076293945,67.0,98.0,healthy
36.400001525878906,90.0,98.0,risky
35.900001525878906,46.0,98.0,healthy
36.20000076293945,58.0,100.0,healthy
33.79999923706055,72.0,99.0,risky
36.5,68.0,99.0,healthy
35.79999923706055,72.0,99.0,healthy
35.70000076293945,46.0,96.0,healthy
35.70000076293945,60.0,100.0,healthy
36.0,61.0,99.0,healthy
36.0,73.0,100.0,healthy
36.0,63.0,99.0,healthy
36.29999923706055,68.0,99.0,risky
35.900001525878906,81.0,100.0,healthy
35.79999923706055,82.0,99.0,healthy
36.20000076293945,92.0,100.0,healthy
35.900001525878906,75.0,99.0,healthy
36.29999923706055,94.0,100.0,risky
35.70000076293945,43.0,97.0,dangerous
36.29999923706055,47.0,100.0,healthy
36.400001525878906,73.0,100.0,healthy
35.5,51.0,98.0,healthy
37.0,57.0,100.0,healthy
35.79999923706055,47.0,99.0,healthy
35.400001525878906,71.0,93.0,healthy
36.5,73.0,97.0,risky
35.900001525878906,72.0,98.0,healthy
36.60000228881836,55.0,99.0,healthy
35.20000076293945,86.0,98.0,healthy
36.10000228881836,75.0,98.0,healthy
36.0,59.0,85.0,dangerous
35.5,66.0,99.0,healthy
35.70000076293945,74.0,99.0,healthy
35.70000076293945,69.0,99.0,healthy
34.900001525878906,77.0,100.0,risky
36.400001525878906,74.0,100.0,healthy
36.0,66.0,100.0,healthy
35.20000076293945,57.0,100.0,healthy
37.10000228881836,78.0,94.0,risky
35.29999923706055,94.0,97.0,healthy
36.400001525878906,50.0,99.0,healthy
35.5,40.0,100.0,healthy
34.10000228881836,89.0,99.0,risky
36.0,58.0,98.0,healthy
36.70000076293945,78.0,100.0,healthy
36.29999923706055,75.0,97.0,healthy
36.20000076293945,68.0,96.0,healthy
36.0,60.0,98.0,healthy
35.10000228881836,64.0,100.0,healthy
35.5,48.0,100.0,healthy
34.900001525878906,87.0,99.0,dangerous
34.900001525878906,56.0,100.0,risky
36.400001525878906,52.0,99.0,healthy
36.70000076293945,89.0,98.0,healthy
35.0,53.0,99.0,healthy
36.20000076293945,94.0,100.0,healthy
35.10000228881836,95.0,99.0,healthy
37.0,75.0,97.0,healthy
36.29999923706055,64.0,97.0,risky
36.10000228881836,62.0,99.0,healthy
35.60000228881836,65.0,100.0,healthy
33.10000228881836,73.0,91.0,dangerous
35.70000076293945,70.0,99.0,healthy
35.5,70.0,99.0,risky
36.29999923706055,54.0,100.0,risky
36.10000228881836,70.0,98.0,risky
35.60000228881836,112.0,100.0,healthy
35.10000228881836,84.0,100.0,healthy
35.70000076293945,80.0,92.0,healthy
36.10000228881836,61.0,100.0,healthy
36.60000228881836,77.0,100.0,healthy
35.29999923706055,82.0,100.0,healthy
36.60000228881836,64.0,99.0,healthy
32.900001525878906,52.0,98.0,dangerous
37.20000076293945,97.0,99.0,healthy
36.0,60.0,100.0,healthy
34.70000076293945,105.0,100.0,risky
35.10000228881836,57.0,94.0,healthy
35.900001525878906,63.0,98.0,healthy
36.0,65.0,98.0,healthy
35.70000076293945,46.0,97.0,healthy
35.0,69.0,99.0,healthy
36.400001525878906,96.0,99.0,healthy
35.400001525878906,60.0,95.0,healthy
34.79999923706055,78.0,96.0,risky
36.0,71.0,100.0,healthy
35.20000076293945,101.0,100.0,healthy
35.10000228881836,51.0,97.0,healthy
28.100000381469727,65.0,98.0,risky
35.20000076293945,49.0,98.0,healthy
36.70000076293945,58.0,99.0,healthy
36.10000228881836,57.0,98.0,healthy
35.29999923706055,58.0,96.0,healthy
36.20000076293945,75.0,100.0,healthy
35.60000228881836,44.0,100.0,healthy
36.20000076293945,57.0,100.0,healthy
35.79999923706055,80.0,98.0,healthy
35.400001525878906,58.0,100.0,healthy
35.79999923706055,66.0,96.0,healthy
36.29999923706055,48.0,99.0,healthy
35.900001525878906,60.0,99.0,healthy
35.20000076293945,74.0,99.0,healthy
36.20000076293945,69.0,98.0,healthy
35.5,93.0,98.0,healthy
36.10000228881836,64.0,98.0,healthy
35.79999923706055,63.0,99.0,risky
36.400001525878906,70.0,98.0,risky
35.900001525878906,104.0,98.0,healthy
35.70000076293945,53.0,100.0,healthy
35.900001525878906,52.0,99.0,risky
35.5,61.0,98.0,healthy
35.5,64.0,99.0,healthy
35.900001525878906,80.0,99.0,healthy
36.20000076293945,63.0,99.0,healthy
35.0,57.0,99.0,healthy
36.29999923706055,68.0,98.0,risky
36.70000076293945,67.0,95.0,healthy
36.10000228881836,69.0,98.0,healthy
36.29999923706055,66.0,97.0,healthy
36.0,65.0,98.0,healthy
36.400001525878906,103.0,97.0,healthy
36.10000228881836,79.0,97.0,healthy
36.10000228881836,113.0,99.0,healthy
35.10000228881836,112.0,100.0,healthy
36.0,63.0,99.0,healthy
35.70000076293945,51.0,100.0,healthy
35.60000228881836,43.0,100.0,dangerous
36.0,72.0,100.0,healthy
37.20000076293945,90.0,91.0,risky
36.10000228881836,75.0,99.0,healthy
35.29999923706055,75.0,99.0,healthy
36.0,54.0,84.0,dangerous
36.10000228881836,83.0,100.0,healthy
36.10000228881836,65.0,100.0,healthy
36.70000076293945,64.0,100.0,healthy
35.10000228881836,45.0,100.0,healthy
36.0,53.0,100.0,healthy
36.20000076293945,72.0,98.0,healthy
35.900001525878906,69.0,94.0,healthy
35.70000076293945,72.0,100.0,risky
36.0,83.0,87.0,dangerous
35.70000076293945,71.0,99.0,healthy
36.20000076293945,68.0,96.0,healthy
35.60000228881836,55.0,97.0,healthy
36.0,65.0,99.0,healthy
35.900001525878906,68.0,100.0,healthy
33.60000228881836,61.0,98.0,risky
35.900001525878906,70.0,100.0,healthy
36.60000228881836,98.0,100.0,healthy
35.60000228881836,59.0,99.0,healthy
36.20000076293945,58.0,99.0,risky
35.900001525878906,67.0,99.0,healthy
35.70000076293945,60.0,99.0,healthy
36.29999923706055,68.0,100.0,healthy
35.400001525878906,71.0,98.0,healthy
35.400001525878906,96.0,100.0,healthy
35.900001525878906,58.0,100.0,healthy
36.5,57.0,99.0,healthy
35.29999923706055,88.0,99.0,healthy
28.30000114440918,72.0,80.0,dangerous
35.29999923706055,52.0,100.0,healthy
35.79999923706055,59.0,100.0,healthy
34.20000076293945,81.0,100.0,dangerous
36.60000228881836,55.0,100.0,risky
34.60000228881836,94.0,100.0,dangerous
35.0,83.0,99.0,healthy
35.5,59.0,99.0,healthy
36.20000076293945,66.0,100.0,healthy
36.0,76.0,99.0,healthy
36.5,96.0,100.0,risky
35.79999923706055,87.0,96.0,healthy
35.5,84.0,96.0,risky
36.400001525878906,71.0,97.0,risky
36.0,64.0,99.0,healthy
36.79999923706055,75.0,100.0,healthy
35.79999923706055,57.0,99.0,healthy
36.20000076293945,67.0,100.0,healthy
36.20000076293945,70.0,98.0,healthy
35.900001525878906,62.0,99.0,healthy
35.60000228881836,71.0,99.0,healthy
35.70000076293945,61.0,99.0,healthy
37.0,65.0,100.0,healthy
35.79999923706055,54.0,99.0,healthy
35.0,98.0,100.0,healthy
35.60000228881836,81.0,100.0,healthy
36.0,75.0,99.0,risky
36.29999923706055,69.0,99.0,risky
35.79999923706055,80.0,95.0,healthy
36.29999923706055,50.0,100.0,healthy
35.10000228881836,72.0,98.0,healthy
36.5,51.0,97.0,healthy
35.0,49.0,97.0,healthy
36.400001525878906,47.0,99.0,healthy
36.10000228881836,72.0,100.0,risky
36.60000228881836,56.0,98.0,healthy
35.29999923706055,67.0,100.0,healthy
35.900001525878906,63.0,99.0,healthy
36.29999923706055,85.0,98.0,risky
28.600000381469727,60.0,99.0,risky
35.70000076293945,63.0,100.0,healthy
36.20000076293945,96.0,100.0,healthy
33.0,70.0,99.0,dangerous
35.70000076293945,88.0,100.0,healthy
36.20000076293945,68.0,99.0,healthy
36.29999923706055,62.0,99.0,healthy
36.0,88.0,97.0,healthy
36.10000228881836,71.0,99.0,healthy
35.5,59.0,100.0,healthy
36.20000076293945,69.0,98.0,healthy
35.400001525878906,86.0,99.0,healthy
35.400001525878906,78.0,100.0,risky
36.29999923706055,73.0,100.0,risky
36.79999923706055,90.0,98.0,risky
36.10000228881836,58.0,97.0,healthy
35.900001525878906,55.0,100.0,healthy
34.900001525878906,45.0,97.0,risky
35.900001525878906,84.0,99.0,healthy
35.900001525878906,78.0,99.0,healthy
36.10000228881836,58.0,96.0,healthy
35.900001525878906,87.0,100.0,healthy
36.400001525878906,74.0,99.0,healthy
36.0,89.0,92.0,healthy
35.29999923706055,88.0,99.0,risky
35.5,72.0,99.0,healthy
36.5,63.0,98.0,healthy
36.29999923706055,89.0,99.0,healthy
35.60000228881836,62.0,100.0,healthy
35.400001525878906,77.0,99.0,healthy
36.400001525878906,67.0,100.0,healthy
35.29999923706055,71.0,98.0,healthy
36.10000228881836,50.0,99.0,healthy
35.79999923706055,61.0,98.0,healthy
35.900001525878906,53.0,100.0,risky
35.10000228881836,81.0,98.0,healthy
36.10000228881836,54.0,100.0,healthy
36.5,57.0,98.0,healthy
36.10000228881836,49.0,99.0,healthy
35.79999923706055,58.0,98.0,healthy
36.20000076293945,71.0,100.0,healthy
35.5,78.0,100.0,healthy
34.79999923706055,59.0,100.0,dangerous
36.79999923706055,82.0,94.0,healthy
35.400001525878906,62.0,96.0,healthy
35.79999923706055,56.0,97.0,healthy
35.70000076293945,63.0,98.0,healthy
35.900001525878906,56.0,100.0,healthy
36.900001525878906,64.0,100.0,healthy
35.29999923706055,70.0,99.0,healthy
36.20000076293945,67.0,99.0,healthy
35.70000076293945,57.0,98.0,healthy
35.29999923706055,87.0,98.0,healthy
36.400001525878906,97.0,100.0,healthy
36.60000228881836,57.0,98.0,healthy
35.900001525878906,110.0,96.0,healthy
37.20000076293945,160.0,99.0,dangerous
36.0,81.0,97.0,healthy
36.10000228881836,61.0,99.0,healthy
36.70000076293945,57.0,99.0,healthy
36.29999923706055,65.0,100.0,healthy
36.20000076293945,57.0,99.0,healthy
35.400001525878906,68.0,100.0,healthy
35.70000076293945,79.0,100.0,healthy
36.10000228881836,73.0,97.0,healthy
36.0,66.0,99.0,risky
35.60000228881836,62.0,100.0,healthy
36.10000228881836,49.0,99.0,healthy
34.60000228881836,90.0,98.0,dangerous
34.79999923706055,45.0,100.0,risky
36.10000228881836,54.0,98.0,healthy
35.60000228881836,67.0,99.0,healthy
34.5,73.0,100.0,risky
36.79999923706055,79.0,99.0,risky
29.80000114440918,74.0,100.0,risky
35.60000228881836,55.0,100.0,healthy
35.60000228881836,63.0,99.0,healthy
35.70000076293945,55.0,99.0,healthy
36.400001525878906,110.0,85.0,dangerous
35.900001525878906,53.0,100.0,healthy
36.10000228881836,59.0,99.0,healthy
35.5,62.0,100.0,healthy
36.10000228881836,79.0,99.0,healthy
36.20000076293945,65.0,100.0,healthy
36.5,71.0,99.0,healthy
35.70000076293945,79.0,97.0,healthy
36.29999923706055,63.0,99.0,risky
35.900001525878906,57.0,98.0,healthy
35.60000228881836,73.0,100.0,healthy
36.29999923706055,54.0,98.0,healthy
35.900001525878906,75.0,99.0,risky
36.0,61.0,99.0,healthy
35.5,107.0,97.0,risky
36.400001525878906,67.0,98.0,healthy
35.10000228881836,88.0,99.0,healthy
35.29999923706055,68.0,96.0,healthy
35.900001525878906,63.0,100.0,risky
35.70000076293945,83.0,95.0,healthy
36.60000228881836,80.0,99.0,healthy
35.10000228881836,68.0,99.0,healthy
36.400001525878906,55.0,98.0,healthy
35.5,64.0,100.0,healthy
35.79999923706055,63.0,97.0,healthy
36.900001525878906,75.0,98.0,healthy
35.900001525878906,60.0,99.0,risky
37.10000228881836,68.0,99.0,healthy
36.400001525878906,63.0,99.0,healthy
36.20000076293945,75.0,100.0,risky
36.29999923706055,56.0,98.0,healthy
36.20000076293945,69.0,99.0,healthy
35.900001525878906,63.0,99.0,healthy
36.10000228881836,69.0,99.0,healthy
35.29999923706055,64.0,100.0,healthy
36.20000076293945,74.0,100.0,healthy
30.399999618530273,65.0,98.0,dangerous
34.70000076293945,54.0,99.0,risky
35.900001525878906,58.0,100.0,healthy
35.29999923706055,58.0,99.0,healthy
36.0,75.0,100.0,healthy
35.900001525878906,58.0,98.0,healthy
36.400001525878906,63.0,98.0,risky
35.70000076293945,89.0,100.0,risky
35.900001525878906,71.0,99.0,healthy
36.29999923706055,47.0,100.0,healthy
37.29999923706055,126.0,94.0,healthy
35.20000076293945,60.0,97.0,healthy
36.20000076293945,56.0,99.0,healthy
35.20000076293945,49.0,100.0,risky
35.79999923706055,75.0,100.0,healthy
36.10000228881836,70.0,98.0,healthy
36.20000076293945,66.0,99.0,healthy
36.400001525878906,72.0,99.0,healthy
35.29999923706055,70.0,99.0,healthy
35.79999923706055,71.0,99.0,risky
36.5,46.0,100.0,healthy
37.400001525878906,82.0,98.0,healthy
35.60000228881836,53.0,100.0,healthy
34.400001525878906,74.0,97.0,dangerous
36.0,71.0,97.0,risky
36.5,61.0,100.0,healthy
36.29999923706055,62.0,98.0,healthy
36.10000228881836,66.0,100.0,healthy
36.10000228881836,72.0,97.0,healthy
35.10000228881836,89.0,99.0,risky
36.29999923706055,66.0,99.0,healthy
35.70000076293945,66.0,98.0,healthy
35.5,66.0,100.0,healthy
33.5,69.0,98.0,dangerous
35.20000076293945,63.0,98.0,healthy
28.80000114440918,67.0,99.0,risky
35.900001525878906,62.0,97.0,risky
35.5,51.0,98.0,healthy
35.900001525878906,77.0,100.0,healthy
35.79999923706055,70.0,99.0,healthy
35.70000076293945,50.0,97.0,healthy
36.0,72.0,99.0,healthy
36.10000228881836,64.0,100.0,healthy
35.29999923706055,60.0,100.0,healthy
35.900001525878906,62.0,100.0,healthy
36.10000228881836,84.0,99.0,healthy
36.5,64.0,97.0,healthy
36.10000228881836,56.0,100.0,healthy
35.60000228881836,55.0,98.0,healthy
34.400001525878906,66.0,99.0,dangerous
36.20000076293945,93.0,93.0,healthy
35.900001525878906,65.0,99.0,healthy
34.60000228881836,101.0,100.0,dangerous
36.20000076293945,90.0,95.0,healthy
35.5,58.0,99.0,risky
36.400001525878906,50.0,99.0,healthy
36.10000228881836,79.0,98.0,healthy
34.70000076293945,58.0,100.0,risky
34.900001525878906,82.0,100.0,dangerous
29.899999618530273,48.0,99.0,risky
36.10000228881836,66.0,99.0,risky
35.70000076293945,79.0,100.0,healthy
35.0,61.0,99.0,healthy
35.70000076293945,60.0,94.0,healthy
36.10000228881836,62.0,99.0,healthy
36.29999923706055,68.0,100.0,healthy
36.60000228881836,96.0,98.0,healthy
36.400001525878906,79.0,100.0,healthy
36.29999923706055,50.0,98.0,healthy
35.900001525878906,80.0,99.0,healthy
36.0,58.0,100.0,healthy
36.400001525878906,47.0,97.0,healthy
36.5,68.0,100.0,healthy
36.0,67.0,100.0,healthy
36.29999923706055,75.0,97.0,healthy
35.400001525878906,74.0,100.0,healthy
36.29999923706055,77.0,99.0,risky
35.400001525878906,47.0,100.0,healthy
36.5,62.0,99.0,risky
36.70000076293945,85.0,100.0,healthy
35.70000076293945,64.0,98.0,healthy
36.20000076293945,47.0,100.0,healthy
36.10000228881836,47.0,97.0,healthy
35.60000228881836,60.0,100.0,healthy
35.400001525878906,85.0,99.0,healthy
37.0,77.0,84.0,dangerous
36.60000228881836,90.0,97.0,healthy
36.29999923706055,106.0,97.0,healthy
34.60000228881836,38.0,100.0,dangerous
35.70000076293945,103.0,95.0,healthy
35.60000228881836,74.0,98.0,healthy
35.5,65.0,99.0,healthy
36.400001525878906,66.0,99.0,healthy
35.70000076293945,61.0,99.0,healthy
34.900001525878906,61.0,99.0,risky
36.0,72.0,99.0,healthy
36.0,66.0,99.0,healthy
36.60000228881836,87.0,100.0,healthy
35.10000228881836,77.0,82.0,dangerous
35.400001525878906,59.0,99.0,healthy
35.20000076293945,66.0,99.0,healthy
36.10000228881836,65.0,98.0,healthy
36.20000076293945,53.0,100.0,healthy
35.60000228881836,70.0,98.0,healthy
35.60000228881836,89.0,97.0,healthy
30.200000762939453,72.0,99.0,risky
36.400001525878906,82.0,99.0,healthy
35.60000228881836,57.0,100.0,healthy
36.29999923706055,72.0,95.0,healthy
35.60000228881836,74.0,98.0,healthy
36.0,77.0,99.0,healthy
35.70000076293945,63.0,99.0,healthy
36.900001525878906,60.0,99.0,healthy
35.900001525878906,67.0,96.0,healthy
36.29999923706055,57.0,100.0,healthy
35.60000228881836,75.0,100.0,healthy
35.900001525878906,94.0,94.0,risky
37.20000076293945,84.0,100.0,risky
36.5,76.0,97.0,healthy
35.900001525878906,66.0,96.0,healthy
36.400001525878906,62.0,99.0,healthy
34.70000076293945,62.0,100.0,risky
33.60000228881836,59.0,91.0,dangerous
35.60000228881836,73.0,100.0,healthy
35.60000228881836,102.0,99.0,healthy
36.0,71.0,97.0,healthy
35.79999923706055,102.0,78.0,dangerous
36.5,82.0,100.0,risky
34.79999923706055,65.0,99.0,risky
36.20000076293945,57.0,98.0,healthy
35.900001525878906,66.0,99.0,healthy
35.900001525878906,50.0,97.0,healthy
36.20000076293945,60.0,96.0,healthy
37.10000228881836,64.0,99.0,healthy
36.29999923706055,67.0,100.0,healthy
35.70000076293945,73.0,96.0,risky
36.79999923706055,78.0,100.0,healthy
35.29999923706055,76.0,99.0,healthy
35.60000228881836,71.0,98.0,healthy
35.70000076293945,60.0,99.0,healthy
36.400001525878906,76.0,99.0,healthy
35.70000076293945,69.0,100.0,healthy
35.400001525878906,54.0,100.0,healthy
36.79999923706055,68.0,99.0,healthy
35.79999923706055,64.0,99.0,healthy
35.60000228881836,60.0,97.0,healthy
35.20000076293945,66.0,100.0,risky
34.0,54.0,97.0,risky
35.900001525878906,95.0,100.0,healthy
35.5,81.0,100.0,healthy
35.5,70.0,99.0,healthy
35.400001525878906,57.0,97.0,healthy
35.0,66.0,100.0,healthy
35.79999923706055,59.0,98.0,healthy
36.10000228881836,63.0,99.0,healthy
36.400001525878906,64.0,100.0,healthy
35.400001525878906,56.0,98.0,healthy
35.60000228881836,87.0,99.0,healthy
35.70000076293945,60.0,98.0,healthy
36.5,76.0,100.0,healthy
35.60000228881836,59.0,99.0,healthy
36.60000228881836,66.0,99.0,risky
36.0,66.0,100.0,healthy
35.900001525878906,44.0,99.0,healthy
36.70000076293945,62.0,96.0,healthy
35.20000076293945,71.0,99.0,healthy
35.900001525878906,58.0,95.0,healthy
34.5,67.0,97.0,risky
35.400001525878906,55.0,99.0,risky
35.0,93.0,100.0,healthy
36.20000076293945,60.0,99.0,healthy
35.400001525878906,55.0,100.0,healthy
35.400001525878906,114.0,100.0,risky
36.10000228881836,73.0,100.0,healthy
35.60000228881836,52.0,98.0,healthy
35.900001525878906,88.0,98.0,healthy
35.900001525878906,66.0,99.0,healthy
35.60000228881836,73.0,97.0,healthy
34.79999923706055,53.0,99.0,risky
31.700000762939453,58.0,99.0,dangerous
36.79999923706055,107.0,100.0,healthy
36.400001525878906,59.0,98.0,healthy
35.5,66.0,99.0,healthy
36.0,61.0,100.0,healthy
35.79999923706055,74.0,100.0,healthy
34.900001525878906,56.0,98.0,risky
36.70000076293945,63.0,98.0,healthy
35.70000076293945,50.0,96.0,healthy
35.400001525878906,62.0,99.0,healthy
36.0,69.0,99.0,healthy
36.10000228881836,74.0,99.0,healthy
36.400001525878906,75.0,98.0,healthy
36.10000228881836,60.0,98.0,healthy
36.10000228881836,75.0,99.0,healthy
36.79999923706055,56.0,100.0,risky
36.29999923706055,69.0,100.0,healthy
35.60000228881836,64.0,100.0,healthy
35.70000076293945,47.0,100.0,healthy
35.79999923706055,95.0,100.0,healthy
36.29999923706055,92.0,99.0,healthy
36.0,79.0,100.0,healthy
35.5,52.0,98.0,healthy
28.80000114440918,67.0,100.0,dangerous
35.20000076293945,62.0,98.0,healthy
35.900001525878906,62.0,99.0,healthy
37.29999923706055,93.0,100.0,risky
36.29999923706055,54.0,100.0,healthy
36.10000228881836,59.0,100.0,healthy
36.5,65.0,100.0,healthy
35.400001525878906,74.0,98.0,healthy
36.0,65.0,98.0,healthy
37.400001525878906,102.0,99.0,healthy
35.70000076293945,64.0,99.0,healthy
35.70000076293945,68.0,100.0,healthy
36.10000228881836,64.0,100.0,healthy
36.10000228881836,98.0,97.0,healthy
35.29999923706055,70.0,100.0,healthy
35.20000076293945,67.0,96.0,healthy
36.400001525878906,61.0,99.0,healthy
35.900001525878906,75.0,98.0,risky
34.79999923706055,85.0,97.0,risky
35.70000076293945,73.0,100.0,healthy
36.29999923706055,61.0,100.0,healthy
36.29999923706055,68.0,100.0,healthy
36.0,41.0,100.0,healthy
36.29999923706055,74.0,100.0,healthy
36.10000228881836,98.0,100.0,healthy
36.0,60.0,100.0,healthy
36.0,61.0,100.0,healthy
36.29999923706055,107.0,99.0,risky
36.900001525878906,65.0,99.0,healthy
36.10000228881836,67.0,97.0,risky
28.200000762939453,55.0,100.0,dangerous
35.900001525878906,61.0,98.0,risky
34.79999923706055,85.0,100.0,risky
35.5,52.0,99.0,healthy
36.70000076293945,60.0,97.0,healthy
35.5,64.0,98.0,healthy
35.29999923706055,51.0,99.0,healthy
35.20000076293945,52.0,98.0,healthy
35.10000228881836,75.0,98.0,healthy
35.70000076293945,55.0,95.0,healthy
36.10000228881836,60.0,99.0,healthy
29.100000381469727,74.0,98.0,dangerous
34.20000076293945,76.0,99.0,risky
35.5,49.0,99.0,healthy
36.20000076293945,64.0,100.0,healthy
36.29999923706055,59.0,98.0,healthy
36.20000076293945,73.0,99.0,healthy
38.0,79.0,100.0,risky
36.900001525878906,68.0,98.0,healthy
36.20000076293945,61.0,97.0,healthy
35.60000228881836,80.0,98.0,risky
36.29999923706055,53.0,97.0,healthy
36.0,58.0,98.0,risky
36.20000076293945,80.0,99.0,healthy
36.70000076293945,69.0,98.0,healthy
35.79999923706055,63.0,97.0,healthy
37.0,97.0,99.0,risky
35.70000076293945,56.0,98.0,healthy
35.70000076293945,64.0,99.0,healthy
36.10000228881836,61.0,100.0,healthy
35.900001525878906,62.0,96.0,healthy
35.0,60.0,96.0,healthy
36.10000228881836,60.0,98.0,healthy
36.10000228881836,89.0,82.0,dangerous
35.60000228881836,51.0,100.0,healthy
36.10000228881836,90.0,100.0,healthy
36.10000228881836,84.0,96.0,healthy
35.400001525878906,68.0,97.0,healthy
36.10000228881836,66.0,99.0,healthy
35.900001525878906,68.0,97.0,healthy
35.70000076293945,50.0,98.0,healthy
35.900001525878906,73.0,99.0,healthy
36.0,80.0,98.0,healthy
35.0,49.0,98.0,risky
32.5,65.0,99.0,risky
36.400001525878906,101.0,100.0,risky
35.60000228881836,97.0,100.0,healthy
35.70000076293945,64.0,98.0,healthy
35.70000076293945,56.0,99.0,healthy
36.20000076293945,96.0,98.0,healthy
35.29999923706055,59.0,97.0,healthy
36.5,65.0,99.0,healthy
34.400001525878906,72.0,99.0,risky
35.70000076293945,89.0,100.0,healthy
36.20000076293945,66.0,99.0,risky
33.20000076293945,65.0,98.0,dangerous
36.20000076293945,44.0,100.0,healthy
36.70000076293945,110.0,95.0,risky
36.5,75.0,99.0,healthy
36.10000228881836,86.0,100.0,healthy
36.29999923706055,97.0,99.0,healthy
35.5,51.0,100.0,healthy
36.0,62.0,95.0,healthy
35.29999923706055,74.0,98.0,healthy
35.60000228881836,54.0,100.0,healthy
36.0,47.0,98.0,healthy
36.29999923706055,73.0,98.0,healthy
35.5,58.0,99.0,healthy
36.29999923706055,68.0,99.0,healthy
36.5,81.0,100.0,healthy
36.5,51.0,96.0,healthy
36.20000076293945,49.0,99.0,healthy
35.900001525878906,62.0,98.0,healthy
34.20000076293945,82.0,99.0,dangerous
36.10000228881836,83.0,99.0,healthy
36.10000228881836,66.0,100.0,healthy
35.20000076293945,50.0,100.0,healthy
36.10000228881836,64.0,100.0,healthy
34.29999923706055,101.0,96.0,dangerous
34.5,64.0,98.0,dangerous
36.20000076293945,73.0,100.0,healthy
35.5,49.0,99.0,healthy
36.29999923706055,68.0,100.0,healthy
35.79999923706055,41.0,100.0,healthy
29.80000114440918,87.0,99.0,dangerous
35.900001525878906,53.0,100.0,healthy
36.10000228881836,78.0,98.0,risky
28.200000762939453,75.0,99.0,risky
36.29999923706055,82.0,100.0,risky
36.20000076293945,66.0,99.0,healthy
35.5,64.0,96.0,healthy
35.79999923706055,47.0,98.0,risky
35.79999923706055,57.0,99.0,healthy
32.29999923706055,69.0,100.0,dangerous
34.20000076293945,67.0,100.0,dangerous
35.60000228881836,74.0,96.0,risky
35.5,79.0,99.0,healthy
35.900001525878906,49.0,100.0,risky
35.5,61.0,100.0,healthy
36.900001525878906,60.0,99.0,healthy
35.79999923706055,73.0,99.0,healthy
35.10000228881836,69.0,98.0,healthy
36.20000076293945,65.0,99.0,healthy
35.60000228881836,58.0,100.0,healthy
35.0,75.0,97.0,risky
35.0,67.0,99.0,healthy
35.400001525878906,72.0,98.0,healthy
36.60000228881836,78.0,96.0,healthy
35.70000076293945,87.0,100.0,healthy
36.10000228881836,100.0,99.0,healthy
35.79999923706055,55.0,97.0,healthy
36.0,74.0,97.0,healthy
35.0,56.0,99.0,healthy
35.79999923706055,59.0,100.0,healthy
35.79999923706055,54.0,97.0,healthy
35.10000228881836,61.0,99.0,risky
35.10000228881836,72.0,99.0,healthy
36.70000076293945,74.0,99.0,healthy
36.20000076293945,73.0,100.0,healthy
36.0,69.0,95.0,healthy
35.5,82.0,100.0,risky
36.79999923706055,74.0,94.0,healthy
35.79999923706055,73.0,97.0,healthy
35.5,54.0,98.0,healthy
35.29999923706055,59.0,99.0,healthy
36.0,81.0,99.0,healthy
35.5,59.0,99.0,healthy
35.400001525878906,87.0,99.0,risky
35.0,83.0,82.0,dangerous
35.79999923706055,124.0,100.0,healthy
35.70000076293945,79.0,99.0,risky
36.10000228881836,77.0,97.0,healthy
36.20000076293945,59.0,99.0,healthy
35.60000228881836,93.0,100.0,healthy
34.400001525878906,66.0,100.0,risky
36.5,58.0,100.0,healthy
35.900001525878906,65.0,95.0,risky
35.79999923706055,67.0,99.0,healthy
36.0,75.0,100.0,healthy
35.900001525878906,63.0,96.0,healthy
35.5,88.0,99.0,healthy
36.20000076293945,82.0,99.0,healthy
36.60000228881836,64.0,99.0,healthy
36.79999923706055,62.0,99.0,healthy
35.400001525878906,76.0,99.0,healthy
35.60000228881836,101.0,98.0,risky
36.10000228881836,68.0,100.0,healthy
36.0,78.0,98.0,healthy
35.5,60.0,99.0,healthy
36.20000076293945,90.0,80.0,dangerous
34.400001525878906,70.0,98.0,dangerous
35.900001525878906,75.0,97.0,healthy
35.79999923706055,80.0,99.0,healthy
35.70000076293945,79.0,100.0,healthy
35.60000228881836,59.0,100.0,healthy
35.10000228881836,44.0,99.0,healthy
36.10000228881836,66.0,100.0,risky
35.79999923706055,63.0,98.0,healthy
35.79999923706055,60.0,96.0,healthy
35.60000228881836,81.0,99.0,healthy
35.900001525878906,69.0,99.0,healthy
34.70000076293945,64.0,100.0,risky
35.79999923706055,63.0,100.0,healthy
35.60000228881836,62.0,99.0,risky
36.20000076293945,109.0,99.0,healthy
36.10000228881836,62.0,100.0,risky
36.0,75.0,99.0,risky
36.60000228881836,74.0,100.0,healthy
36.10000228881836,77.0,99.0,healthy
36.10000228881836,64.0,97.0,healthy
36.20000076293945,86.0,97.0,risky
35.5,64.0,100.0,healthy
37.79999923706055,65.0,100.0,healthy
36.400001525878906,102.0,100.0,risky
36.60000228881836,56.0,99.0,risky
35.400001525878906,59.0,99.0,healthy
36.70000076293945,79.0,95.0,healthy
36.400001525878906,72.0,100.0,healthy
36.29999923706055,66.0,99.0,healthy
35.70000076293945,57.0,100.0,risky
36.60000228881836,90.0,99.0,healthy
36.10000228881836,78.0,96.0,risky
36.70000076293945,79.0,93.0,healthy
36.400001525878906,66.0,100.0,healthy
34.29999923706055,111.0,96.0,risky
37.0,56.0,97.0,healthy
36.29999923706055,72.0,100.0,healthy
36.5,80.0,99.0,healthy
36.10000228881836,79.0,100.0,healthy
35.29999923706055,69.0,99.0,healthy
36.400001525878906,76.0,99.0,healthy
36.60000228881836,72.0,100.0,healthy
36.20000076293945,56.0,98.0,healthy
35.900001525878906,73.0,99.0,healthy
35.400001525878906,61.0,100.0,healthy
29.399999618530273,112.0,100.0,dangerous
36.60000228881836,56.0,99.0,healthy
36.0,58.0,99.0,risky
36.20000076293945,75.0,98.0,healthy
35.60000228881836,71.0,99.0,healthy
36.10000228881836,60.0,98.0,healthy
36.5,79.0,100.0,healthy
36.10000228881836,79.0,100.0,healthy
36.5,65.0,97.0,healthy
36.0,70.0,99.0,healthy
35.900001525878906,52.0,100.0,healthy
35.79999923706055,58.0,98.0,healthy
36.20000076293945,47.0,97.0,healthy
35.79999923706055,56.0,99.0,healthy
37.60000228881836,82.0,100.0,risky
35.79999923706055,76.0,98.0,healthy
36.0,69.0,91.0,risky
36.0,94.0,99.0,healthy
35.10000228881836,59.0,100.0,risky
35.900001525878906,67.0,100.0,healthy
36.0,74.0,100.0,healthy
31.899999618530273,63.0,100.0,risky
36.20000076293945,59.0,100.0,healthy
35.79999923706055,66.0,100.0,healthy
35.79999923706055,41.0,99.0,healthy
36.60000228881836,93.0,97.0,healthy
35.60000228881836,63.0,100.0,healthy
28.100000381469727,106.0,96.0,dangerous
36.79999923706055,65.0,97.0,healthy
35.5,58.0,97.0,healthy
37.0,82.0,97.0,healthy
36.0,67.0,100.0,healthy
36.900001525878906,75.0,100.0,healthy
36.0,65.0,99.0,healthy
34.60000228881836,72.0,100.0,dangerous
35.79999923706055,60.0,100.0,healthy
36.5,58.0,100.0,healthy
33.400001525878906,73.0,99.0,risky
35.29999923706055,65.0,97.0,healthy
36.400001525878906,55.0,100.0,risky
36.0,68.0,100.0,healthy
35.60000228881836,62.0,99.0,risky
35.79999923706055,58.0,100.0,healthy
36.20000076293945,100.0,96.0,healthy
36.60000228881836,75.0,99.0,healthy
35.79999923706055,70.0,99.0,healthy
35.70000076293945,69.0,100.0,healthy
34.29999923706055,55.0,99.0,dangerous
36.400001525878906,65.0,100.0,healthy
35.29999923706055,84.0,97.0,risky
36.29999923706055,82.0,100.0,healthy
36.70000076293945,64.0,99.0,healthy
35.79999923706055,62.0,100.0,healthy
36.70000076293945,80.0,95.0,healthy
29.100000381469727,138.0,86.0,dangerous
35.400001525878906,66.0,100.0,healthy
36.0,51.0,99.0,healthy
35.400001525878906,65.0,100.0,healthy
35.70000076293945,64.0,100.0,healthy
36.79999923706055,90.0,100.0,healthy
36.400001525878906,93.0,99.0,healthy
36.20000076293945,64.0,99.0,healthy
35.60000228881836,54.0,100.0,healthy
37.0,65.0,100.0,healthy
34.5,62.0,99.0,risky
37.10000228881836,80.0,100.0,risky
35.29999923706055,70.0,94.0,healthy
36.20000076293945,57.0,99.0,healthy
28.5,50.0,100.0,risky
36.0,52.0,99.0,healthy
35.5,47.0,100.0,healthy
35.60000228881836,59.0,98.0,healthy
35.5,53.0,99.0,healthy
35.29999923706055,72.0,99.0,healthy
35.60000228881836,65.0,100.0,healthy
36.400001525878906,67.0,99.0,healthy
36.10000228881836,78.0,95.0,healthy
35.900001525878906,100.0,100.0,healthy
33.900001525878906,55.0,99.0,risky
36.10000228881836,64.0,99.0,healthy
36.60000228881836,109.0,100.0,healthy
35.900001525878906,90.0,98.0,healthy
35.60000228881836,68.0,89.0,dangerous
35.70000076293945,54.0,100.0,healthy
36.20000076293945,79.0,88.0,dangerous
36.400001525878906,76.0,98.0,healthy
35.60000228881836,72.0,99.0,healthy
35.900001525878906,66.0,98.0,healthy
36.5,80.0,97.0,risky
35.79999923706055,44.0,100.0,healthy
35.70000076293945,71.0,100.0,healthy
35.400001525878906,57.0,95.0,healthy
35.70000076293945,75.0,96.0,healthy
35.79999923706055,70.0,97.0,healthy
36.400001525878906,62.0,98.0,healthy
36.20000076293945,55.0,99.0,healthy
36.60000228881836,55.0,95.0,healthy
36.400001525878906,62.0,100.0,healthy
35.5,68.0,99.0,healthy
36.29999923706055,59.0,96.0,healthy
36.0,65.0,98.0,healthy
36.20000076293945,70.0,100.0,healthy
35.79999923706055,58.0,98.0,healthy
35.900001525878906,95.0,98.0,healthy
36.400001525878906,60.0,100.0,healthy
35.10000228881836,70.0,100.0,healthy
35.70000076293945,48.0,97.0,healthy
36.20000076293945,49.0,99.0,healthy
36.900001525878906,69.0,100.0,healthy
35.60000228881836,81.0,100.0,healthy
36.79999923706055,56.0,96.0,healthy
34.60000228881836,62.0,97.0,dangerous
36.400001525878906,61.0,99.0,healthy
35.900001525878906,67.0,99.0,healthy
35.79999923706055,67.0,94.0,healthy
35.5,76.0,91.0,dangerous
36.10000228881836,82.0,99.0,healthy
36.0,71.0,96.0,healthy
35.400001525878906,53.0,99.0,risky
35.400001525878906,65.0,100.0,healthy
36.20000076293945,66.0,99.0,healthy
36.10000228881836,84.0,100.0,healthy
36.400001525878906,58.0,100.0,healthy
35.900001525878906,54.0,97.0,healthy
35.60000228881836,58.0,100.0,healthy
35.70000076293945,82.0,100.0,risky
35.900001525878906,59.0,97.0,healthy
35.900001525878906,104.0,86.0,dangerous
36.70000076293945,74.0,96.0,risky
36.10000228881836,104.0,100.0,risky
36.0,54.0,100.0,healthy
35.60000228881836,73.0,99.0,healthy
34.70000076293945,75.0,97.0,risky
35.70000076293945,77.0,98.0,risky
36.60000228881836,77.0,100.0,healthy
36.70000076293945,75.0,99.0,healthy
35.5,89.0,100.0,healthy
34.60000228881836,106.0,98.0,risky
37.0,60.0,99.0,healthy
33.10000228881836,55.0,100.0,risky
36.400001525878906,79.0,99.0,healthy
35.900001525878906,72.0,100.0,healthy
36.0,53.0,98.0,healthy
36.400001525878906,71.0,99.0,risky
35.29999923706055,87.0,99.0,healthy
35.5,57.0,100.0,healthy
34.20000076293945,72.0,99.0,risky
36.60000228881836,75.0,99.0,healthy
35.0,65.0,100.0,risky
35.70000076293945,64.0,96.0,healthy
35.79999923706055,67.0,100.0,risky
36.0,91.0,96.0,healthy
36.0,50.0,100.0,healthy
36.0,59.0,98.0,healthy
35.60000228881836,86.0,98.0,healthy
36.29999923706055,71.0,99.0,risky
36.0,82.0,100.0,healthy
35.5,68.0,97.0,healthy
36.400001525878906,68.0,99.0,healthy
36.900001525878906,82.0,98.0,healthy
37.0,83.0,100.0,risky
35.10000228881836,50.0,97.0,healthy
35.70000076293945,65.0,99.0,healthy
36.10000228881836,76.0,100.0,healthy
36.29999923706055,99.0,97.0,healthy
35.20000076293945,62.0,100.0,healthy
36.5,70.0,99.0,risky
35.20000076293945,62.0,96.0,healthy
35.70000076293945,69.0,98.0,healthy
36.60000228881836,76.0,99.0,healthy
35.0,57.0,98.0,healthy
36.20000076293945,64.0,96.0,healthy
36.20000076293945,53.0,97.0,healthy
30.30000114440918,63.0,98.0,dangerous
35.70000076293945,62.0,99.0,healthy
37.0,102.0,100.0,healthy
35.70000076293945,54.0,98.0,healthy
35.900001525878906,91.0,97.0,healthy
36.400001525878906,50.0,99.0,healthy
33.400001525878906,63.0,100.0,risky
35.5,94.0,99.0,healthy
36.20000076293945,62.0,98.0,healthy
36.900001525878906,52.0,98.0,healthy
36.400001525878906,65.0,98.0,healthy
35.70000076293945,52.0,99.0,healthy
35.900001525878906,58.0,98.0,healthy
35.900001525878906,77.0,99.0,healthy
36.10000228881836,50.0,98.0,healthy
36.70000076293945,66.0,99.0,healthy
35.5,58.0,98.0,healthy
36.79999923706055,91.0,99.0,risky
35.70000076293945,69.0,97.0,healthy
35.60000228881836,52.0,100.0,risky
36.10000228881836,86.0,100.0,risky
36.5,75.0,98.0,healthy
36.5,79.0,100.0,healthy
35.70000076293945,62.0,99.0,healthy
36.29999923706055,51.0,99.0,healthy
35.60000228881836,104.0,100.0,healthy
36.5,70.0,99.0,healthy
35.79999923706055,60.0,99.0,healthy
35.900001525878906,65.0,96.0,risky
36.5,82.0,100.0,risky
36.60000228881836,55.0,98.0,healthy
36.0,49.0,99.0,healthy
35.400001525878906,67.0,99.0,healthy
36.29999923706055,74.0,98.0,healthy
36.5,64.0,99.0,healthy
34.900001525878906,70.0,99.0,dangerous
36.10000228881836,64.0,98.0,healthy
36.400001525878906,49.0,99.0,healthy
36.10000228881836,65.0,100.0,healthy
35.29999923706055,68.0,99.0,healthy
35.29999923706055,61.0,99.0,healthy
37.0,76.0,99.0,risky
36.400001525878906,47.0,100.0,healthy
35.29999923706055,80.0,94.0,healthy
35.79999923706055,54.0,87.0,dangerous
35.0,56.0,100.0,healthy
35.0,69.0,100.0,healthy
29.100000381469727,67.0,99.0,dangerous
36.10000228881836,65.0,100.0,healthy
36.29999923706055,79.0,99.0,risky
36.70000076293945,63.0,100.0,healthy
36.5,50.0,100.0,healthy
36.400001525878906,75.0,97.0,healthy
36.20000076293945,46.0,96.0,healthy
35.60000228881836,84.0,99.0,healthy
36.20000076293945,82.0,94.0,risky
35.20000076293945,47.0,100.0,healthy
36.5,86.0,100.0,healthy
35.900001525878906,86.0,100.0,healthy
36.20000076293945,70.0,100.0,healthy
35.60000228881836,63.0,98.0,healthy
35.400001525878906,56.0,98.0,risky
36.400001525878906,129.0,98.0,healthy
35.60000228881836,63.0,99.0,healthy
35.900001525878906,53.0,100.0,healthy
36.20000076293945,78.0,100.0,risky
35.0,72.0,100.0,healthy
35.5,78.0,99.0,healthy
35.0,56.0,100.0,healthy
28.100000381469727,59.0,98.0,risky
36.60000228881836,63.0,100.0,healthy
36.29999923706055,70.0,100.0,healthy
36.20000076293945,81.0,99.0,healthy
35.79999923706055,48.0,99.0,healthy
35.70000076293945,63.0,99.0,healthy
36.79999923706055,80.0,100.0,healthy
35.29999923706055,52.0,98.0,healthy
35.10000228881836,49.0,99.0,risky
37.10000228881836,76.0,100.0,healthy
35.20000076293945,80.0,99.0,healthy
36.10000228881836,69.0,99.0,healthy
36.29999923706055,85.0,100.0,healthy
36.0,60.0,95.0,healthy
35.70000076293945,73.0,99.0,healthy
36.0,63.0,98.0,healthy
35.79999923706055,63.0,98.0,healthy
35.60000228881836,58.0,96.0,healthy
35.400001525878906,80.0,99.0,risky
35.29999923706055,70.0,100.0,healthy
35.0,95.0,100.0,healthy
35.5,56.0,100.0,healthy
35.70000076293945,99.0,99.0,risky
34.70000076293945,60.0,99.0,risky
35.400001525878906,49.0,98.0,healthy
33.10000228881836,62.0,99.0,risky
35.5,62.0,100.0,healthy
35.60000228881836,117.0,99.0,healthy
36.10000228881836,69.0,99.0,healthy
36.0,55.0,99.0,healthy
36.29999923706055,65.0,100.0,healthy
35.60000228881836,84.0,100.0,healthy
35.60000228881836,89.0,98.0,healthy
35.900001525878906,63.0,100.0,healthy
34.10000228881836,82.0,99.0,risky
35.400001525878906,96.0,96.0,healthy
37.400001525878906,92.0,99.0,healthy
33.5,59.0,98.0,dangerous
36.29999923706055,69.0,99.0,healthy
36.0,77.0,100.0,healthy
35.400001525878906,44.0,100.0,healthy
36.10000228881836,65.0,99.0,healthy
35.60000228881836,59.0,98.0,healthy
28.0,66.0,97.0,risky
35.400001525878906,78.0,96.0,healthy
35.70000076293945,74.0,97.0,healthy
36.10000228881836,61.0,99.0,healthy
36.29999923706055,67.0,100.0,healthy
35.79999923706055,91.0,100.0,healthy
35.10000228881836,82.0,99.0,healthy
36.60000228881836,64.0,100.0,healthy
33.60000228881836,58.0,98.0,risky
36.29999923706055,68.0,100.0,healthy
35.400001525878906,72.0,100.0,healthy
36.60000228881836,67.0,100.0,healthy
36.0,66.0,95.0,healthy
36.20000076293945,88.0,100.0,healthy
36.29999923706055,48.0,100.0,healthy
35.79999923706055,82.0,100.0,healthy
36.79999923706055,66.0,99.0,healthy
35.400001525878906,61.0,98.0,healthy
34.0,54.0,100.0,risky
36.29999923706055,78.0,99.0,risky
36.29999923706055,77.0,100.0,healthy
36.900001525878906,74.0,100.0,healthy
36.10000228881836,78.0,99.0,healthy
36.20000076293945,83.0,98.0,healthy
36.20000076293945,59.0,100.0,healthy
35.5,52.0,99.0,healthy
35.60000228881836,67.0,99.0,healthy
34.20000076293945,65.0,98.0,risky
35.79999923706055,57.0,99.0,healthy
35.79999923706055,61.0,98.0,healthy
35.900001525878906,51.0,99.0,healthy
36.60000228881836,57.0,99.0,healthy
35.29999923706055,57.0,100.0,healthy
35.60000228881836,66.0,96.0,healthy
36.29999923706055,76.0,99.0,healthy
35.79999923706055,56.0,100.0,risky
36.400001525878906,50.0,99.0,healthy
35.29999923706055,60.0,98.0,healthy
37.0,84.0,99.0,risky
30.600000381469727,101.0,99.0,dangerous
35.5,50.0,100.0,healthy
35.60000228881836,68.0,99.0,healthy
35.5,77.0,93.0,healthy
36.10000228881836,47.0,98.0,healthy
36.0,56.0,99.0,healthy
35.70000076293945,75.0,100.0,healthy
36.0,58.0,99.0,healthy
36.0,68.0,100.0,healthy
35.900001525878906,56.0,100.0,healthy
35.70000076293945,64.0,100.0,healthy
36.5,60.0,99.0,healthy
35.29999923706055,76.0,100.0,healthy
35.5,60.0,99.0,healthy
34.60000228881836,61.0,99.0,dangerous
36.5,71.0,100.0,healthy
36.70000076293945,69.0,98.0,healthy
36.29999923706055,64.0,100.0,healthy
36.29999923706055,64.0,100.0,healthy
36.5,50.0,99.0,healthy
35.60000228881836,65.0,99.0,healthy
36.0,73.0,98.0,healthy
35.60000228881836,59.0,99.0,risky
35.60000228881836,81.0,99.0,healthy
35.400001525878906,77.0,97.0,healthy
35.70000076293945,70.0,99.0,healthy
35.20000076293945,66.0,98.0,healthy
36.70000076293945,65.0,99.0,healthy
36.20000076293945,49.0,98.0,healthy
35.10000228881836,68.0,100.0,healthy
36.70000076293945,69.0,100.0,healthy
35.29999923706055,84.0,98.0,healthy
34.900001525878906,70.0,97.0,risky
35.10000228881836,82.0,99.0,healthy
36.0,77.0,98.0,healthy
36.29999923706055,88.0,99.0,healthy
35.900001525878906,72.0,100.0,healthy
36.400001525878906,75.0,100.0,healthy
35.60000228881836,63.0,98.0,healthy
36.10000228881836,60.0,97.0,healthy
28.100000381469727,60.0,100.0,risky
35.5,57.0,100.0,healthy
37.10000228881836,77.0,97.0,healthy
36.20000076293945,96.0,100.0,healthy
35.70000076293945,67.0,96.0,healthy
35.5,59.0,100.0,healthy
35.70000076293945,68.0,99.0,risky
35.79999923706055,67.0,94.0,healthy
35.5,55.0,98.0,healthy
36.0,61.0,100.0,healthy
36.60000228881836,105.0,96.0,healthy
36.79999923706055,86.0,99.0,healthy
35.60000228881836,71.0,98.0,healthy
35.900001525878906,49.0,99.0,healthy
29.30000114440918,61.0,100.0,risky
35.900001525878906,61.0,99.0,risky
35.79999923706055,73.0,100.0,healthy
35.10000228881836,58.0,99.0,healthy
35.900001525878906,80.0,95.0,healthy
35.900001525878906,73.0,100.0,healthy
37.20000076293945,62.0,99.0,healthy
36.0,77.0,99.0,healthy
34.29999923706055,69.0,97.0,risky
35.70000076293945,61.0,100.0,healthy
36.0,55.0,87.0,dangerous
36.400001525878906,57.0,99.0,healthy
37.0,93.0,99.0,healthy
35.400001525878906,79.0,99.0,healthy
35.900001525878906,54.0,100.0,healthy
35.60000228881836,62.0,98.0,healthy
35.29999923706055,74.0,97.0,healthy
35.60000228881836,77.0,100.0,healthy
36.0,79.0,97.0,healthy
36.0,68.0,99.0,healthy
36.400001525878906,80.0,100.0,healthy
36.0,66.0,98.0,healthy
36.10000228881836,61.0,97.0,healthy
35.20000076293945,80.0,95.0,healthy
36.60000228881836,83.0,98.0,risky
36.29999923706055,79.0,99.0,healthy
35.900001525878906,64.0,99.0,healthy
35.79999923706055,59.0,100.0,healthy
35.0,60.0,100.0,healthy
36.900001525878906,56.0,100.0,healthy
36.10000228881836,128.0,99.0,healthy
36.10000228881836,54.0,99.0,healthy
36.0,83.0,98.0,healthy
35.10000228881836,83.0,92.0,healthy
35.0,51.0,100.0,healthy
35.60000228881836,79.0,100.0,risky
36.400001525878906,67.0,98.0,healthy
35.79999923706055,83.0,98.0,healthy
35.79999923706055,52.0,98.0,healthy
29.5,69.0,100.0,dangerous
35.400001525878906,72.0,99.0,healthy
35.0,48.0,97.0,healthy
37.0,55.0,99.0,healthy
35.400001525878906,55.0,97.0,healthy
34.900001525878906,80.0,99.0,risky
35.20000076293945,88.0,98.0,healthy
35.0,52.0,99.0,healthy
36.70000076293945,59.0,100.0,healthy
35.0,103.0,99.0,healthy
36.5,63.0,100.0,healthy
36.400001525878906,64.0,99.0,healthy
36.0,77.0,98.0,healthy
36.29999923706055,69.0,99.0,healthy
36.29999923706055,74.0,98.0,healthy
36.10000228881836,90.0,99.0,healthy
35.900001525878906,65.0,100.0,healthy
36.0,74.0,99.0,healthy
35.5,74.0,97.0,healthy
36.20000076293945,64.0,100.0,healthy
34.60000228881836,96.0,99.0,risky
34.20000076293945,110.0,99.0,risky
35.10000228881836,58.0,100.0,healthy
35.900001525878906,77.0,98.0,healthy
35.900001525878906,57.0,99.0,healthy
36.5,62.0,100.0,healthy
37.0,69.0,100.0,healthy
35.5,63.0,99.0,healthy
36.70000076293945,56.0,98.0,healthy
36.0,56.0,100.0,healthy
37.20000076293945,91.0,98.0,risky
35.70000076293945,65.0,100.0,healthy
35.400001525878906,72.0,99.0,healthy
35.10000228881836,88.0,99.0,healthy
36.20000076293945,71.0,100.0,healthy
29.899999618530273,67.0,99.0,risky
34.70000076293945,60.0,99.0,risky
35.29999923706055,62.0,100.0,healthy
36.20000076293945,52.0,99.0,healthy
37.0,75.0,96.0,healthy
35.900001525878906,79.0,100.0,healthy
36.60000228881836,89.0,100.0,healthy
35.60000228881836,66.0,98.0,healthy
36.29999923706055,94.0,98.0,healthy
35.29999923706055,66.0,99.0,healthy
36.400001525878906,69.0,99.0,risky
36.29999923706055,67.0,98.0,healthy
35.70000076293945,66.0,98.0,healthy
35.900001525878906,57.0,100.0,healthy
34.70000076293945,69.0,99.0,dangerous
35.60000228881836,56.0,98.0,healthy
36.5,57.0,97.0,healthy
35.400001525878906,98.0,99.0,healthy
35.79999923706055,68.0,99.0,healthy
36.5,63.0,98.0,risky
35.79999923706055,63.0,99.0,risky
36.900001525878906,84.0,100.0,risky
36.10000228881836,79.0,100.0,healthy
34.29999923706055,79.0,98.0,risky
36.60000228881836,51.0,100.0,healthy
34.79999923706055,54.0,99.0,risky
36.29999923706055,94.0,98.0,risky
36.60000228881836,74.0,100.0,healthy
36.20000076293945,77.0,98.0,healthy
36.0,60.0,96.0,healthy
35.0,77.0,97.0,healthy
36.5,86.0,99.0,healthy
35.79999923706055,68.0,98.0,healthy
36.10000228881836,68.0,97.0,risky
36.0,80.0,100.0,healthy
36.0,79.0,98.0,healthy
36.60000228881836,57.0,99.0,healthy
34.900001525878906,88.0,98.0,dangerous
35.900001525878906,60.0,97.0,healthy
33.60000228881836,84.0,85.0,dangerous
35.79999923706055,62.0,98.0,healthy
37.20000076293945,68.0,99.0,healthy
35.5,56.0,97.0,healthy
36.10000228881836,69.0,99.0,healthy
35.0,63.0,98.0,healthy
36.5,81.0,96.0,healthy
36.0,75.0,100.0,healthy
36.5,59.0,97.0,healthy
34.10000228881836,75.0,100.0,dangerous
35.79999923706055,70.0,97.0,healthy
35.20000076293945,92.0,97.0,healthy
36.5,63.0,99.0,healthy
36.0,72.0,96.0,healthy
35.900001525878906,71.0,99.0,healthy
36.0,67.0,99.0,healthy
36.10000228881836,61.0,99.0,healthy
36.29999923706055,89.0,100.0,healthy
36.10000228881836,58.0,98.0,healthy
36.20000076293945,67.0,98.0,healthy
34.60000228881836,87.0,98.0,dangerous
36.20000076293945,57.0,99.0,healthy
29.700000762939453,60.0,98.0,dangerous
31.899999618530273,74.0,97.0,risky
37.0,89.0,99.0,healthy
36.10000228881836,106.0,92.0,healthy
36.0,67.0,99.0,healthy
36.20000076293945,88.0,100.0,healthy
36.10000228881836,76.0,98.0,healthy
36.0,60.0,99.0,healthy
34.79999923706055,80.0,99.0,dangerous
35.29999923706055,69.0,100.0,healthy
35.60000228881836,74.0,98.0,healthy
36.70000076293945,83.0,95.0,healthy
35.0,52.0,98.0,healthy
35.900001525878906,72.0,93.0,risky
35.400001525878906,46.0,100.0,healthy
35.60000228881836,72.0,97.0,healthy
35.900001525878906,50.0,97.0,healthy
35.400001525878906,80.0,93.0,risky
35.79999923706055,62.0,100.0,healthy
36.0,84.0,99.0,healthy
35.0,78.0,98.0,risky
35.60000228881836,51.0,100.0,healthy
36.0,80.0,98.0,healthy
36.29999923706055,80.0,99.0,healthy
36.10000228881836,77.0,99.0,healthy
36.29999923706055,62.0,99.0,risky
36.5,58.0,100.0,healthy
29.600000381469727,72.0,99.0,risky
35.0,69.0,100.0,healthy
35.400001525878906,68.0,99.0,healthy
35.900001525878906,86.0,100.0,risky
35.70000076293945,48.0,99.0,healthy
37.70000076293945,87.0,98.0,healthy
35.900001525878906,56.0,100.0,healthy
35.400001525878906,85.0,100.0,healthy
28.700000762939453,75.0,100.0,dangerous
35.20000076293945,57.0,96.0,healthy
36.20000076293945,76.0,99.0,risky
36.29999923706055,59.0,99.0,healthy
35.79999923706055,78.0,100.0,healthy
36.0,77.0,100.0,healthy
34.20000076293945,57.0,99.0,risky
35.79999923706055,61.0,98.0,healthy
35.79999923706055,60.0,98.0,healthy
34.900001525878906,78.0,99.0,dangerous
36.29999923706055,67.0,98.0,risky
35.20000076293945,82.0,96.0,healthy
35.900001525878906,53.0,99.0,healthy
35.70000076293945,66.0,96.0,healthy
35.900001525878906,83.0,99.0,healthy
35.79999923706055,61.0,100.0,healthy
35.900001525878906,54.0,99.0,healthy
36.0,79.0,99.0,risky
36.5,59.0,100.0,healthy
36.20000076293945,55.0,95.0,healthy
36.10000228881836,55.0,98.0,healthy
36.70000076293945,66.0,98.0,healthy
36.400001525878906,80.0,99.0,healthy
35.20000076293945,87.0,98.0,risky
35.400001525878906,50.0,99.0,healthy
35.20000076293945,87.0,98.0,healthy
35.60000228881836,53.0,99.0,healthy
35.400001525878906,65.0,100.0,healthy
36.20000076293945,72.0,95.0,healthy
36.10000228881836,90.0,99.0,healthy
36.900001525878906,59.0,99.0,healthy
36.0,56.0,97.0,healthy
36.70000076293945,54.0,100.0,healthy
36.0,75.0,98.0,healthy
35.79999923706055,81.0,100.0,healthy
36.0,74.0,97.0,risky
36.20000076293945,71.0,98.0,healthy
35.70000076293945,60.0,98.0,healthy
36.400001525878906,70.0,98.0,healthy
35.29999923706055,50.0,99.0,healthy
36.0,52.0,100.0,healthy
36.10000228881836,68.0,99.0,healthy
36.60000228881836,60.0,99.0,healthy
36.79999923706055,56.0,97.0,healthy
29.5,62.0,96.0,risky
35.70000076293945,58.0,98.0,healthy
35.900001525878906,73.0,100.0,healthy
35.60000228881836,60.0,100.0,healthy
35.29999923706055,58.0,96.0,healthy
35.29999923706055,103.0,97.0,healthy
35.400001525878906,53.0,99.0,healthy
36.5,61.0,97.0,healthy
36.10000228881836,90.0,98.0,healthy
34.10000228881836,76.0,100.0,risky
36.60000228881836,67.0,99.0,risky
35.0,82.0,100.0,healthy
35.20000076293945,67.0,99.0,healthy
35.900001525878906,86.0,100.0,healthy
34.5,72.0,100.0,risky
36.20000076293945,63.0,100.0,risky
35.70000076293945,51.0,100.0,risky
33.900001525878906,81.0,99.0,dangerous
34.60000228881836,84.0,99.0,dangerous
35.29999923706055,83.0,96.0,healthy
35.70000076293945,81.0,98.0,healthy
36.10000228881836,56.0,99.0,healthy
36.10000228881836,55.0,99.0,healthy
36.0,64.0,99.0,healthy
36.79999923706055,55.0,100.0,healthy
36.60000228881836,60.0,100.0,healthy
35.60000228881836,63.0,100.0,healthy
36.20000076293945,55.0,98.0,healthy
36.0,57.0,99.0,healthy
36.79999923706055,65.0,100.0,healthy
36.20000076293945,72.0,100.0,healthy
35.70000076293945,43.0,99.0,healthy
36.0,95.0,97.0,healthy
33.29999923706055,66.0,100.0,risky
35.70000076293945,62.0,99.0,healthy
36.400001525878906,68.0,98.0,healthy
36.0,51.0,99.0,healthy
36.400001525878906,71.0,100.0,healthy
35.70000076293945,51.0,96.0,healthy
37.20000076293945,94.0,96.0,risky
36.29999923706055,89.0,97.0,healthy
36.29999923706055,54.0,99.0,healthy
36.0,79.0,98.0,healthy
35.70000076293945,67.0,100.0,healthy
36.0,81.0,98.0,healthy
35.20000076293945,75.0,100.0,healthy
35.29999923706055,69.0,98.0,healthy
35.5,61.0,98.0,healthy
35.5,81.0,100.0,healthy
35.400001525878906,70.0,99.0,healthy
35.29999923706055,50.0,99.0,healthy
29.700000762939453,69.0,99.0,risky
35.5,66.0,99.0,healthy
34.20000076293945,75.0,99.0,risky
35.400001525878906,64.0,98.0,healthy
37.20000076293945,96.0,98.0,risky
35.70000076293945,53.0,98.0,healthy
35.60000228881836,60.0,100.0,healthy
36.400001525878906,59.0,98.0,healthy
36.10000228881836,77.0,96.0,healthy
35.5,66.0,99.0,healthy
36.900001525878906,53.0,100.0,healthy
35.900001525878906,62.0,98.0,healthy
35.29999923706055,46.0,95.0,healthy
35.400001525878906,84.0,100.0,risky
36.20000076293945,83.0,100.0,healthy
34.60000228881836,67.0,98.0,risky
36.10000228881836,50.0,99.0,healthy
36.60000228881836,51.0,98.0,healthy
36.5,54.0,100.0,healthy
36.0,41.0,99.0,healthy
36.5,73.0,99.0,healthy
36.10000228881836,73.0,96.0,healthy
34.400001525878906,49.0,100.0,risky
36.70000076293945,58.0,97.0,healthy
36.10000228881836,63.0,97.0,healthy
35.5,65.0,94.0,healthy
36.60000228881836,63.0,97.0,healthy
35.5,90.0,100.0,healthy
35.79999923706055,67.0,100.0,healthy
35.29999923706055,48.0,100.0,healthy
35.79999923706055,68.0,96.0,healthy
35.70000076293945,54.0,98.0,healthy
35.79999923706055,59.0,99.0,healthy
36.20000076293945,72.0,100.0,healthy
37.5,77.0,100.0,healthy
35.10000228881836,62.0,98.0,healthy
36.10000228881836,59.0,98.0,healthy
35.900001525878906,63.0,98.0,risky
35.400001525878906,81.0,99.0,healthy
35.400001525878906,63.0,100.0,healthy
36.20000076293945,95.0,100.0,healthy
34.60000228881836,62.0,99.0,risky
35.900001525878906,77.0,98.0,risky
36.29999923706055,60.0,100.0,healthy
35.400001525878906,61.0,100.0,healthy
35.79999923706055,55.0,100.0,healthy
35.5,59.0,98.0,healthy
37.29999923706055,83.0,98.0,healthy
35.29999923706055,89.0,100.0,healthy
36.400001525878906,60.0,100.0,healthy
35.70000076293945,60.0,100.0,healthy
35.60000228881836,46.0,98.0,healthy
35.400001525878906,73.0,99.0,healthy
35.79999923706055,61.0,100.0,healthy
35.900001525878906,71.0,99.0,healthy
35.79999923706055,51.0,99.0,healthy
36.10000228881836,73.0,97.0,healthy
34.60000228881836,40.0,100.0,risky
36.900001525878906,83.0,99.0,healthy
36.20000076293945,64.0,99.0,healthy
29.80000114440918,65.0,99.0,risky
36.10000228881836,61.0,99.0,healthy
36.70000076293945,52.0,99.0,healthy
35.29999923706055,42.0,99.0,healthy
36.0,64.0,99.0,healthy
36.0,66.0,100.0,healthy
35.5,78.0,100.0,healthy
35.60000228881836,71.0,99.0,healthy
36.0,85.0,99.0,risky
35.400001525878906,59.0,99.0,healthy
36.60000228881836,99.0,99.0,healthy
36.60000228881836,87.0,97.0,healthy
36.70000076293945,54.0,100.0,healthy
36.0,69.0,100.0,healthy
35.400001525878906,63.0,97.0,healthy
31.30000114440918,73.0,99.0,risky
36.900001525878906,48.0,99.0,healthy
36.10000228881836,71.0,99.0,risky
36.900001525878906,71.0,98.0,healthy
34.900001525878906,51.0,99.0,dangerous
35.20000076293945,62.0,97.0,risky
35.70000076293945,75.0,100.0,healthy
35.0,81.0,99.0,healthy
36.10000228881836,64.0,99.0,healthy
35.79999923706055,71.0,99.0,healthy
36.0,65.0,99.0,healthy
37.0,71.0,99.0,risky
35.79999923706055,70.0,98.0,healthy
35.5,50.0,100.0,healthy
37.0,62.0,100.0,healthy
36.0,73.0,100.0,healthy
36.60000228881836,63.0,95.0,healthy
36.20000076293945,84.0,100.0,healthy
35.79999923706055,74.0,100.0,healthy
36.5,58.0,97.0,healthy
35.400001525878906,44.0,93.0,healthy
35.900001525878906,72.0,92.0,healthy
36.0,54.0,100.0,healthy
36.60000228881836,79.0,99.0,healthy
36.79999923706055,74.0,99.0,risky
36.10000228881836,72.0,98.0,healthy
34.60000228881836,69.0,99.0,dangerous
36.60000228881836,70.0,98.0,risky
36.20000076293945,80.0,100.0,healthy
36.70000076293945,67.0,100.0,healthy
36.0,75.0,96.0,healthy
36.20000076293945,110.0,100.0,healthy
35.900001525878906,69.0,100.0,healthy
36.10000228881836,77.0,100.0,healthy
36.70000076293945,70.0,99.0,healthy
35.0,60.0,99.0,healthy
36.10000228881836,85.0,98.0,healthy
36.0,58.0,98.0,healthy
35.900001525878906,63.0,99.0,healthy
35.400001525878906,62.0,98.0,healthy
36.60000228881836,110.0,100.0,healthy
36.5,60.0,100.0,healthy
35.60000228881836,71.0,99.0,healthy
35.900001525878906,71.0,99.0,risky
35.0,61.0,99.0,healthy
36.20000076293945,63.0,100.0,healthy
35.60000228881836,55.0,99.0,healthy
35.400001525878906,71.0,100.0,risky
36.10000228881836,55.0,99.0,healthy
37.29999923706055,95.0,96.0,risky
36.10000228881836,73.0,99.0,healthy
35.10000228881836,61.0,100.0,healthy
35.20000076293945,61.0,100.0,healthy
35.900001525878906,57.0,100.0,healthy
36.20000076293945,59.0,85.0,dangerous
28.5,74.0,98.0,dangerous
36.20000076293945,49.0,98.0,healthy
36.10000228881836,74.0,98.0,healthy
36.20000076293945,51.0,97.0,healthy
35.79999923706055,64.0,98.0,healthy
36.0,50.0,100.0,healthy
36.10000228881836,59.0,100.0,risky
36.0,59.0,100.0,healthy
36.29999923706055,64.0,99.0,healthy
35.400001525878906,83.0,99.0,healthy
35.70000076293945,92.0,100.0,healthy
35.5,46.0,99.0,healthy
36.70000076293945,91.0,94.0,healthy
36.5,47.0,100.0,healthy
36.79999923706055,81.0,99.0,healthy
35.60000228881836,79.0,99.0,healthy
36.0,65.0,99.0,healthy
35.5,74.0,96.0,healthy
35.400001525878906,52.0,100.0,healthy
36.60000228881836,63.0,100.0,healthy
35.29999923706055,67.0,99.0,healthy
35.10000228881836,65.0,97.0,healthy
30.30000114440918,54.0,100.0,risky
37.20000076293945,63.0,100.0,healthy
35.60000228881836,61.0,100.0,healthy
36.29999923706055,58.0,96.0,healthy
36.79999923706055,93.0,100.0,healthy
35.5,57.0,100.0,healthy
35.60000228881836,51.0,99.0,healthy
35.20000076293945,57.0,99.0,healthy
36.10000228881836,70.0,98.0,healthy
35.400001525878906,92.0,99.0,healthy
36.0,65.0,99.0,healthy
35.60000228881836,46.0,98.0,healthy
36.5,57.0,100.0,healthy
36.70000076293945,71.0,100.0,healthy
36.5,96.0,100.0,risky
35.10000228881836,88.0,98.0,healthy
36.70000076293945,66.0,99.0,healthy
35.79999923706055,79.0,91.0,dangerous
35.5,74.0,98.0,healthy
35.5,70.0,100.0,healthy
35.29999923706055,98.0,97.0,risky
36.10000228881836,59.0,100.0,healthy
35.5,51.0,100.0,healthy
36.20000076293945,64.0,99.0,risky
35.900001525878906,71.0,100.0,healthy
35.900001525878906,63.0,98.0,healthy
35.79999923706055,68.0,100.0,risky
36.5,93.0,100.0,healthy
36.10000228881836,89.0,97.0,healthy
35.400001525878906,71.0,99.0,risky
35.900001525878906,103.0,98.0,healthy
35.60000228881836,63.0,99.0,healthy
37.20000076293945,82.0,100.0,healthy
36.29999923706055,63.0,99.0,healthy
35.900001525878906,68.0,98.0,healthy
36.400001525878906,55.0,97.0,healthy
34.29999923706055,66.0,98.0,dangerous
36.29999923706055,69.0,99.0,healthy
37.900001525878906,80.0,100.0,risky
35.5,49.0,98.0,healthy
35.70000076293945,45.0,98.0,healthy
36.0,59.0,99.0,healthy
36.900001525878906,54.0,100.0,healthy
28.0,68.0,100.0,dangerous
36.79999923706055,52.0,100.0,healthy
36.20000076293945,59.0,97.0,healthy
35.60000228881836,68.0,99.0,healthy
35.79999923706055,70.0,99.0,healthy
32.900001525878906,74.0,99.0,risky
35.900001525878906,66.0,99.0,healthy
36.10000228881836,55.0,98.0,healthy
35.60000228881836,65.0,99.0,healthy
36.10000228881836,91.0,97.0,healthy
36.20000076293945,101.0,100.0,healthy
36.0,51.0,100.0,healthy
36.20000076293945,69.0,100.0,healthy
36.20000076293945,75.0,100.0,risky
36.400001525878906,107.0,98.0,risky
35.900001525878906,53.0,100.0,healthy
36.60000228881836,64.0,100.0,healthy
35.5,69.0,100.0,risky
36.5,67.0,97.0,healthy
36.400001525878906,68.0,98.0,healthy
36.70000076293945,64.0,99.0,healthy
37.29999923706055,75.0,100.0,healthy
36.900001525878906,100.0,99.0,healthy
35.900001525878906,57.0,98.0,healthy
35.79999923706055,63.0,97.0,healthy
35.5,64.0,100.0,healthy
34.5,106.0,100.0,dangerous
35.29999923706055,65.0,99.0,healthy
36.0,74.0,99.0,healthy
35.5,66.0,98.0,risky
35.70000076293945,72.0,100.0,healthy
35.70000076293945,82.0,99.0,healthy
34.60000228881836,73.0,99.0,risky
35.900001525878906,69.0,98.0,healthy
35.400001525878906,65.0,93.0,healthy
35.5,48.0,100.0,healthy
35.0,66.0,98.0,healthy
35.10000228881836,63.0,97.0,healthy
35.5,79.0,98.0,healthy
36.20000076293945,64.0,100.0,risky
35.900001525878906,50.0,98.0,healthy
36.70000076293945,62.0,97.0,healthy
35.70000076293945,85.0,98.0,healthy
36.5,63.0,96.0,healthy
36.60000228881836,82.0,99.0,healthy
35.900001525878906,61.0,100.0,healthy
36.20000076293945,100.0,99.0,healthy
35.79999923706055,61.0,97.0,healthy
35.60000228881836,65.0,98.0,healthy
36.20000076293945,62.0,100.0,healthy
35.900001525878906,51.0,100.0,healthy
35.400001525878906,69.0,99.0,healthy
36.0,56.0,100.0,risky
36.5,94.0,100.0,healthy
36.20000076293945,104.0,96.0,healthy
35.79999923706055,72.0,97.0,healthy
36.20000076293945,90.0,99.0,healthy
35.0,76.0,99.0,healthy
36.70000076293945,90.0,99.0,healthy
35.79999923706055,65.0,100.0,healthy
35.79999923706055,52.0,99.0,healthy
35.79999923706055,60.0,98.0,healthy
36.400001525878906,68.0,93.0,healthy
35.29999923706055,76.0,100.0,healthy
36.20000076293945,47.0,100.0,healthy
35.70000076293945,65.0,99.0,healthy
36.0,85.0,97.0,healthy
37.5,54.0,97.0,healthy
35.400001525878906,103.0,100.0,healthy
35.60000228881836,63.0,100.0,risky
36.400001525878906,72.0,99.0,healthy
35.79999923706055,79.0,98.0,healthy
35.29999923706055,73.0,99.0,healthy
35.79999923706055,68.0,99.0,healthy
32.70000076293945,53.0,100.0,risky
36.10000228881836,59.0,98.0,healthy
35.70000076293945,72.0,100.0,healthy
36.0,62.0,100.0,healthy
35.70000076293945,92.0,96.0,healthy
36.400001525878906,65.0,100.0,risky
35.79999923706055,91.0,100.0,healthy
35.5,96.0,99.0,healthy
36.0,74.0,98.0,healthy
36.5,61.0,98.0,healthy
35.900001525878906,63.0,89.0,dangerous
34.400001525878906,63.0,98.0,risky
36.70000076293945,69.0,99.0,healthy
36.0,64.0,97.0,healthy
36.10000228881836,62.0,100.0,healthy
35.900001525878906,68.0,98.0,healthy
35.0,55.0,98.0,healthy
35.79999923706055,58.0,99.0,healthy
36.400001525878906,77.0,99.0,healthy
36.20000076293945,62.0,96.0,healthy
35.79999923706055,50.0,99.0,healthy
35.900001525878906,63.0,100.0,healthy
36.29999923706055,104.0,98.0,healthy
35.400001525878906,56.0,83.0,dangerous
35.10000228881836,74.0,99.0,healthy
36.20000076293945,68.0,97.0,healthy
35.79999923706055,51.0,99.0,healthy
36.29999923706055,77.0,100.0,healthy
36.10000228881836,86.0,100.0,healthy
29.5,62.0,100.0,risky
36.79999923706055,80.0,97.0,healthy
36.10000228881836,61.0,98.0,healthy
36.79999923706055,62.0,97.0,healthy
35.79999923706055,65.0,99.0,healthy
35.70000076293945,49.0,99.0,healthy
36.10000228881836,82.0,100.0,healthy
35.900001525878906,77.0,99.0,healthy
36.20000076293945,56.0,99.0,healthy
35.79999923706055,60.0,99.0,healthy
36.60000228881836,72.0,98.0,healthy
36.70000076293945,92.0,100.0,healthy
35.29999923706055,66.0,99.0,healthy
29.30000114440918,78.0,85.0,dangerous
36.0,66.0,100.0,healthy
36.70000076293945,97.0,99.0,healthy
35.70000076293945,63.0,97.0,healthy
35.79999923706055,70.0,98.0,healthy
35.900001525878906,73.0,97.0,risky
36.29999923706055,89.0,98.0,healthy
35.79999923706055,81.0,100.0,healthy
34.20000076293945,62.0,100.0,dangerous
36.0,63.0,99.0,healthy
36.0,55.0,99.0,healthy
35.60000228881836,60.0,96.0,healthy
34.5,55.0,99.0,risky
36.29999923706055,94.0,100.0,healthy
34.5,54.0,98.0,risky
35.79999923706055,65.0,100.0,healthy
36.79999923706055,64.0,100.0,healthy
35.29999923706055,47.0,97.0,healthy
36.10000228881836,96.0,99.0,healthy
36.20000076293945,56.0,100.0,healthy
36.10000228881836,59.0,100.0,healthy
36.900001525878906,55.0,95.0,healthy
36.29999923706055,77.0,99.0,risky
36.0,65.0,95.0,healthy
35.70000076293945,59.0,100.0,healthy
37.10000228881836,146.0,99.0,risky
35.400001525878906,80.0,100.0,healthy
36.10000228881836,57.0,99.0,healthy
36.0,65.0,98.0,healthy
36.5,96.0,100.0,healthy
35.70000076293945,55.0,98.0,risky
35.70000076293945,60.0,100.0,healthy
36.20000076293945,71.0,99.0,healthy
36.10000228881836,59.0,100.0,healthy
35.79999923706055,88.0,95.0,healthy
36.10000228881836,80.0,98.0,healthy
37.79999923706055,128.0,99.0,dangerous
36.29999923706055,68.0,94.0,healthy
35.29999923706055,81.0,100.0,healthy
36.10000228881836,62.0,98.0,healthy
35.900001525878906,61.0,100.0,healthy
36.5,60.0,95.0,healthy
36.20000076293945,88.0,100.0,healthy
32.29999923706055,74.0,100.0,risky
31.80000114440918,61.0,99.0,dangerous
36.29999923706055,71.0,97.0,healthy
35.5,65.0,100.0,healthy
35.5,91.0,99.0,healthy
36.29999923706055,74.0,99.0,healthy
34.29999923706055,60.0,97.0,risky
36.70000076293945,55.0,93.0,healthy
36.20000076293945,57.0,97.0,healthy
35.79999923706055,83.0,95.0,healthy
36.70000076293945,57.0,99.0,risky
35.29999923706055,74.0,98.0,healthy
36.29999923706055,77.0,99.0,healthy
35.79999923706055,79.0,100.0,healthy
36.0,54.0,98.0,healthy
35.79999923706055,67.0,100.0,healthy
35.5,60.0,97.0,healthy
35.900001525878906,80.0,100.0,healthy
35.400001525878906,64.0,96.0,healthy
36.79999923706055,86.0,99.0,healthy
35.70000076293945,62.0,99.0,healthy
35.29999923706055,62.0,100.0,healthy
36.5,62.0,99.0,healthy
30.80000114440918,53.0,100.0,dangerous
36.0,65.0,99.0,healthy
34.79999923706055,83.0,100.0,risky
35.60000228881836,71.0,97.0,healthy
35.60000228881836,46.0,100.0,healthy
35.79999923706055,58.0,99.0,healthy
35.29999923706055,68.0,99.0,healthy
36.10000228881836,76.0,99.0,healthy
36.400001525878906,60.0,98.0,risky
35.5,54.0,97.0,healthy
35.900001525878906,55.0,99.0,healthy
30.80000114440918,109.0,100.0,dangerous
36.29999923706055,51.0,95.0,healthy
36.10000228881836,68.0,96.0,healthy
35.20000076293945,69.0,99.0,healthy
36.0,61.0,99.0,healthy
36.900001525878906,88.0,99.0,healthy
36.70000076293945,83.0,100.0,healthy
36.0,63.0,99.0,healthy
35.900001525878906,59.0,100.0,healthy
36.0,106.0,51.0,dangerous
36.20000076293945,92.0,98.0,healthy
35.900001525878906,60.0,98.0,healthy
35.79999923706055,71.0,98.0,healthy
28.200000762939453,69.0,97.0,dangerous
36.5,65.0,100.0,risky
35.400001525878906,56.0,100.0,healthy
35.900001525878906,60.0,99.0,healthy
36.10000228881836,106.0,96.0,risky
35.60000228881836,57.0,99.0,healthy
35.29999923706055,62.0,99.0,risky
35.400001525878906,47.0,100.0,healthy
37.0,63.0,100.0,healthy
35.79999923706055,79.0,100.0,healthy
36.70000076293945,66.0,98.0,healthy
35.400001525878906,71.0,100.0,healthy
35.900001525878906,80.0,100.0,healthy
32.0,50.0,100.0,risky
35.70000076293945,47.0,99.0,healthy
35.60000228881836,92.0,95.0,healthy
34.70000076293945,53.0,99.0,risky
36.29999923706055,86.0,99.0,healthy
36.5,108.0,99.0,healthy
35.5,55.0,98.0,healthy
35.70000076293945,67.0,100.0,healthy
35.5,51.0,100.0,healthy
35.60000228881836,78.0,100.0,healthy
34.60000228881836,83.0,97.0,risky
36.0,63.0,100.0,risky
35.70000076293945,77.0,99.0,risky
37.0,118.0,100.0,healthy
36.0,72.0,100.0,risky
37.79999923706055,80.0,99.0,healthy
35.70000076293945,81.0,99.0,healthy
36.20000076293945,47.0,100.0,healthy
36.400001525878906,74.0,99.0,healthy
35.900001525878906,60.0,100.0,healthy
36.0,59.0,100.0,healthy
36.400001525878906,58.0,99.0,healthy
36.10000228881836,81.0,99.0,healthy
35.20000076293945,69.0,97.0,healthy
35.10000228881836,83.0,98.0,healthy
34.900001525878906,87.0,94.0,risky
35.5,78.0,99.0,healthy
35.5,59.0,98.0,risky
35.0,55.0,100.0,healthy
36.0,64.0,99.0,healthy
36.5,85.0,100.0,healthy
36.5,113.0,98.0,risky
35.900001525878906,67.0,100.0,healthy
35.400001525878906,69.0,99.0,healthy
35.79999923706055,68.0,98.0,risky
37.20000076293945,68.0,99.0,healthy
36.29999923706055,49.0,98.0,healthy
35.60000228881836,61.0,99.0,healthy
35.29999923706055,106.0,100.0,healthy
35.79999923706055,47.0,98.0,healthy
35.900001525878906,65.0,100.0,healthy
35.60000228881836,80.0,99.0,healthy
35.10000228881836,66.0,96.0,healthy
35.5,87.0,99.0,healthy
36.400001525878906,135.0,86.0,dangerous
35.79999923706055,69.0,99.0,healthy
35.20000076293945,53.0,100.0,healthy
36.60000228881836,59.0,100.0,healthy
35.29999923706055,68.0,97.0,healthy
35.60000228881836,89.0,97.0,healthy
35.20000076293945,57.0,100.0,healthy
35.900001525878906,61.0,100.0,healthy
36.900001525878906,60.0,99.0,healthy
35.29999923706055,75.0,98.0,healthy
35.70000076293945,48.0,98.0,healthy
36.29999923706055,58.0,98.0,healthy
29.30000114440918,51.0,100.0,risky
36.0,63.0,96.0,healthy
36.79999923706055,56.0,98.0,healthy
35.5,64.0,99.0,healthy
36.5,61.0,100.0,healthy
36.20000076293945,62.0,98.0,healthy
36.29999923706055,75.0,99.0,healthy
35.79999923706055,81.0,100.0,healthy
36.29999923706055,83.0,96.0,healthy
36.10000228881836,55.0,89.0,risky
36.10000228881836,67.0,99.0,healthy
36.0,64.0,99.0,healthy
36.29999923706055,59.0,99.0,healthy
32.60000228881836,50.0,99.0,risky
36.29999923706055,57.0,100.0,healthy
36.29999923706055,78.0,100.0,healthy
36.10000228881836,61.0,96.0,healthy
34.79999923706055,83.0,99.0,dangerous
36.400001525878906,71.0,94.0,healthy
36.0,63.0,100.0,healthy
36.29999923706055,70.0,99.0,healthy
36.5,71.0,99.0,healthy
37.10000228881836,85.0,99.0,healthy
33.60000228881836,70.0,100.0,dangerous
35.60000228881836,38.0,96.0,risky
36.20000076293945,69.0,100.0,healthy
35.400001525878906,62.0,98.0,healthy
35.79999923706055,60.0,98.0,healthy
34.29999923706055,73.0,96.0,dangerous
35.900001525878906,77.0,100.0,healthy
36.10000228881836,65.0,100.0,healthy
36.70000076293945,86.0,99.0,risky
35.5,56.0,99.0,healthy
34.900001525878906,92.0,98.0,risky
29.30000114440918,86.0,99.0,risky
35.79999923706055,51.0,99.0,healthy
35.79999923706055,74.0,95.0,healthy
36.29999923706055,91.0,98.0,healthy
36.29999923706055,68.0,100.0,healthy
35.5,92.0,99.0,healthy
35.900001525878906,57.0,97.0,healthy
35.70000076293945,73.0,99.0,healthy
36.5,69.0,97.0,healthy
36.0,96.0,99.0,healthy
35.5,80.0,100.0,healthy
35.5,56.0,99.0,healthy
35.70000076293945,65.0,100.0,healthy
36.400001525878906,69.0,99.0,healthy
36.20000076293945,62.0,100.0,healthy
35.10000228881836,87.0,100.0,healthy
36.29999923706055,91.0,98.0,healthy
35.0,45.0,100.0,healthy
35.70000076293945,58.0,99.0,healthy
36.0,55.0,99.0,healthy
35.5,81.0,97.0,healthy
35.400001525878906,64.0,99.0,healthy
35.79999923706055,50.0,99.0,healthy
36.20000076293945,73.0,99.0,healthy
36.400001525878906,75.0,98.0,healthy
35.29999923706055,57.0,100.0,healthy
35.79999923706055,70.0,100.0,healthy
36.10000228881836,64.0,100.0,healthy
35.70000076293945,92.0,100.0,healthy
36.0,64.0,100.0,healthy
35.29999923706055,58.0,98.0,healthy
35.10000228881836,73.0,100.0,healthy
36.400001525878906,78.0,98.0,healthy
36.60000228881836,72.0,100.0,healthy
35.5,45.0,99.0,healthy
36.20000076293945,78.0,98.0,healthy
36.20000076293945,72.0,99.0,healthy
36.5,64.0,97.0,healthy
35.60000228881836,55.0,98.0,healthy
35.0,52.0,100.0,healthy
36.10000228881836,66.0,100.0,healthy
35.70000076293945,61.0,100.0,healthy
36.29999923706055,52.0,98.0,healthy
35.5,71.0,99.0,healthy
35.60000228881836,71.0,100.0,healthy
36.60000228881836,107.0,94.0,healthy
35.20000076293945,78.0,100.0,risky
35.900001525878906,60.0,99.0,healthy
36.10000228881836,81.0,99.0,healthy
35.60000228881836,80.0,99.0,risky
36.79999923706055,70.0,100.0,healthy
35.400001525878906,67.0,99.0,healthy
35.400001525878906,51.0,99.0,healthy
36.400001525878906,56.0,100.0,healthy
36.29999923706055,71.0,82.0,dangerous
36.29999923706055,53.0,100.0,healthy
35.60000228881836,92.0,99.0,healthy
35.900001525878906,61.0,100.0,healthy
35.70000076293945,73.0,99.0,healthy
35.79999923706055,56.0,98.0,healthy
35.60000228881836,69.0,99.0,healthy
36.5,52.0,98.0,healthy
36.60000228881836,67.0,100.0,healthy
34.20000076293945,82.0,98.0,risky
36.400001525878906,67.0,100.0,healthy
36.60000228881836,55.0,98.0,healthy
35.79999923706055,50.0,96.0,healthy
35.400001525878906,91.0,95.0,healthy
28.5,80.0,94.0,dangerous
35.5,64.0,99.0,healthy
35.70000076293945,75.0,97.0,risky
36.20000076293945,60.0,100.0,healthy
37.20000076293945,91.0,99.0,risky
35.60000228881836,61.0,99.0,healthy
35.70000076293945,46.0,99.0,healthy
35.900001525878906,62.0,98.0,risky
34.70000076293945,57.0,98.0,dangerous
35.900001525878906,66.0,99.0,healthy
36.0,63.0,100.0,healthy
36.60000228881836,72.0,96.0,healthy
35.70000076293945,47.0,99.0,healthy
35.10000228881836,77.0,91.0,dangerous
37.10000228881836,73.0,100.0,healthy
35.10000228881836,83.0,99.0,healthy
35.20000076293945,67.0,99.0,healthy
35.79999923706055,65.0,100.0,healthy
35.60000228881836,53.0,99.0,healthy
35.70000076293945,60.0,100.0,healthy
35.60000228881836,70.0,98.0,healthy
36.400001525878906,63.0,98.0,healthy
35.29999923706055,91.0,100.0,healthy
36.10000228881836,60.0,100.0,healthy
35.60000228881836,81.0,100.0,healthy
36.5,90.0,100.0,healthy
35.79999923706055,70.0,99.0,healthy
36.0,57.0,98.0,healthy
36.79999923706055,49.0,99.0,healthy
35.79999923706055,95.0,98.0,healthy
37.5,80.0,97.0,healthy
36.29999923706055,79.0,99.0,healthy
28.30000114440918,87.0,98.0,dangerous
35.5,67.0,100.0,healthy
36.10000228881836,66.0,99.0,healthy
36.79999923706055,68.0,100.0,healthy
35.29999923706055,59.0,99.0,healthy
35.900001525878906,63.0,99.0,healthy
35.20000076293945,63.0,100.0,risky
35.20000076293945,56.0,100.0,healthy
35.70000076293945,81.0,99.0,healthy
35.29999923706055,85.0,100.0,risky
34.900001525878906,78.0,99.0,dangerous
36.5,58.0,98.0,healthy
36.5,71.0,97.0,risky
35.20000076293945,58.0,100.0,healthy
35.29999923706055,63.0,97.0,healthy
37.29999923706055,84.0,98.0,risky
36.0,70.0,96.0,healthy
36.10000228881836,90.0,98.0,healthy
36.10000228881836,68.0,98.0,healthy
36.900001525878906,69.0,100.0,healthy
35.60000228881836,68.0,100.0,healthy
35.5,110.0,97.0,healthy
36.0,89.0,100.0,healthy
32.20000076293945,54.0,99.0,risky
35.70000076293945,78.0,100.0,risky
37.0,65.0,100.0,healthy
35.900001525878906,53.0,99.0,healthy
35.400001525878906,58.0,99.0,healthy
35.900001525878906,50.0,99.0,healthy
35.70000076293945,72.0,98.0,healthy
35.70000076293945,61.0,98.0,healthy
35.29999923706055,71.0,99.0,healthy
29.899999618530273,80.0,97.0,dangerous
35.5,62.0,98.0,risky
36.29999923706055,67.0,97.0,healthy
36.29999923706055,74.0,97.0,healthy
35.70000076293945,50.0,97.0,healthy
36.20000076293945,56.0,99.0,healthy
36.0,57.0,100.0,healthy
36.0,64.0,99.0,healthy
35.79999923706055,60.0,95.0,healthy
35.20000076293945,50.0,98.0,healthy
35.70000076293945,80.0,100.0,healthy
32.900001525878906,67.0,99.0,dangerous
36.70000076293945,71.0,99.0,healthy
28.80000114440918,73.0,100.0,risky
35.70000076293945,67.0,98.0,healthy
35.400001525878906,63.0,100.0,healthy
36.0,88.0,96.0,risky
35.70000076293945,65.0,98.0,healthy
36.20000076293945,60.0,100.0,healthy
36.20000076293945,66.0,99.0,risky
36.60000228881836,76.0,99.0,healthy
35.29999923706055,85.0,99.0,healthy
35.5,86.0,99.0,healthy
35.79999923706055,79.0,99.0,healthy
29.200000762939453,76.0,95.0,risky
36.5,69.0,98.0,healthy
36.29999923706055,104.0,100.0,healthy
35.400001525878906,57.0,99.0,healthy
36.60000228881836,76.0,99.0,risky
32.900001525878906,66.0,98.0,risky
35.10000228881836,72.0,81.0,dangerous
35.70000076293945,71.0,98.0,healthy
35.5,69.0,99.0,risky
36.5,59.0,99.0,healthy
36.400001525878906,73.0,98.0,healthy
35.0,64.0,99.0,healthy
36.10000228881836,83.0,98.0,healthy
35.70000076293945,77.0,94.0,healthy
35.900001525878906,55.0,98.0,healthy
35.5,79.0,96.0,healthy
36.29999923706055,87.0,99.0,healthy
35.70000076293945,91.0,99.0,risky
36.20000076293945,46.0,99.0,healthy
36.20000076293945,59.0,99.0,healthy
34.900001525878906,68.0,96.0,risky
36.10000228881836,63.0,99.0,healthy
36.900001525878906,64.0,99.0,healthy
36.5,67.0,99.0,healthy
32.0,65.0,100.0,dangerous
35.70000076293945,79.0,100.0,healthy
35.20000076293945,70.0,100.0,healthy
36.60000228881836,60.0,99.0,healthy
36.400001525878906,61.0,98.0,healthy
35.5,53.0,98.0,healthy
36.29999923706055,66.0,100.0,healthy
35.900001525878906,59.0,99.0,healthy
36.29999923706055,81.0,98.0,healthy
35.79999923706055,78.0,100.0,healthy
35.900001525878906,65.0,99.0,healthy
35.79999923706055,70.0,98.0,healthy
35.29999923706055,85.0,97.0,healthy
35.900001525878906,89.0,99.0,healthy
35.5,69.0,99.0,risky
35.5,93.0,96.0,healthy
36.0,77.0,100.0,healthy
35.60000228881836,57.0,99.0,healthy
36.900001525878906,47.0,99.0,healthy
37.0,67.0,100.0,healthy
33.70000076293945,59.0,99.0,dangerous
36.0,85.0,99.0,healthy
36.0,71.0,100.0,healthy
36.0,67.0,99.0,healthy
35.900001525878906,103.0,100.0,healthy
36.60000228881836,79.0,100.0,healthy
36.29999923706055,67.0,100.0,healthy
36.29999923706055,83.0,98.0,healthy
36.0,76.0,100.0,healthy
31.30000114440918,76.0,99.0,dangerous
31.700000762939453,51.0,98.0,risky
36.10000228881836,55.0,99.0,healthy
36.20000076293945,66.0,98.0,healthy
35.5,50.0,98.0,healthy
34.70000076293945,65.0,97.0,dangerous
34.0,125.0,99.0,risky
35.10000228881836,48.0,99.0,healthy
36.20000076293945,64.0,97.0,healthy
35.70000076293945,67.0,100.0,healthy
35.70000076293945,66.0,97.0,healthy
36.29999923706055,72.0,100.0,healthy
36.10000228881836,62.0,99.0,healthy
35.900001525878906,53.0,98.0,healthy
36.10000228881836,62.0,100.0,healthy
35.79999923706055,56.0,100.0,healthy
35.79999923706055,67.0,99.0,healthy
35.400001525878906,62.0,100.0,healthy
34.79999923706055,50.0,99.0,dangerous
35.20000076293945,95.0,97.0,healthy
35.79999923706055,84.0,100.0,healthy
36.0,54.0,100.0,healthy
35.10000228881836,52.0,97.0,healthy
36.20000076293945,81.0,96.0,healthy
35.400001525878906,48.0,99.0,healthy
35.900001525878906,61.0,97.0,healthy
35.79999923706055,53.0,99.0,healthy
35.5,52.0,99.0,healthy
35.29999923706055,69.0,98.0,healthy
35.400001525878906,53.0,98.0,healthy
36.0,65.0,98.0,healthy
34.900001525878906,85.0,99.0,dangerous
36.5,57.0,100.0,healthy
35.70000076293945,51.0,98.0,healthy
36.20000076293945,72.0,99.0,healthy
34.900001525878906,73.0,97.0,dangerous
35.29999923706055,62.0,100.0,healthy
36.5,74.0,95.0,healthy
28.30000114440918,92.0,99.0,dangerous
36.0,62.0,97.0,healthy
36.20000076293945,60.0,99.0,healthy
35.900001525878906,48.0,99.0,healthy
36.29999923706055,79.0,99.0,healthy
36.60000228881836,68.0,96.0,healthy
36.900001525878906,75.0,98.0,healthy
35.400001525878906,54.0,99.0,healthy
36.5,57.0,99.0,healthy
35.20000076293945,58.0,99.0,healthy
36.60000228881836,61.0,99.0,healthy
35.10000228881836,82.0,99.0,healthy
35.29999923706055,88.0,82.0,dangerous
35.900001525878906,79.0,99.0,healthy
36.29999923706055,64.0,99.0,healthy
35.79999923706055,80.0,100.0,healthy
36.10000228881836,62.0,98.0,healthy
35.10000228881836,70.0,100.0,healthy
35.5,54.0,97.0,healthy
35.5,60.0,99.0,healthy
35.79999923706055,103.0,100.0,risky
35.10000228881836,103.0,100.0,healthy
36.60000228881836,60.0,100.0,healthy
35.79999923706055,103.0,98.0,healthy
36.70000076293945,49.0,100.0,healthy
35.60000228881836,48.0,100.0,healthy
32.29999923706055,80.0,98.0,dangerous
36.79999923706055,86.0,99.0,risky
35.70000076293945,83.0,98.0,healthy
35.70000076293945,58.0,96.0,healthy
36.79999923706055,58.0,97.0,healthy
36.0,84.0,100.0,healthy
36.400001525878906,53.0,98.0,healthy
35.60000228881836,61.0,98.0,healthy
36.20000076293945,64.0,99.0,healthy
36.20000076293945,60.0,98.0,healthy
36.0,58.0,99.0,healthy
35.900001525878906,68.0,97.0,healthy
35.79999923706055,79.0,99.0,healthy
36.20000076293945,63.0,100.0,healthy
36.0,62.0,100.0,healthy
35.900001525878906,57.0,98.0,healthy
35.29999923706055,71.0,100.0,healthy
36.20000076293945,60.0,97.0,healthy
36.10000228881836,59.0,97.0,healthy
36.400001525878906,59.0,100.0,healthy
35.5,62.0,98.0,healthy
35.79999923706055,65.0,98.0,healthy
36.0,55.0,97.0,healthy
36.10000228881836,79.0,96.0,risky
36.0,66.0,99.0,healthy
36.29999923706055,68.0,99.0,healthy
36.20000076293945,73.0,100.0,risky
36.60000228881836,86.0,100.0,healthy
36.20000076293945,75.0,92.0,healthy
37.0,72.0,100.0,healthy
35.29999923706055,76.0,98.0,healthy
36.400001525878906,62.0,100.0,healthy
35.29999923706055,79.0,99.0,healthy
36.10000228881836,69.0,99.0,risky
36.400001525878906,70.0,100.0,healthy
35.60000228881836,54.0,97.0,healthy
35.400001525878906,48.0,99.0,healthy
35.29999923706055,93.0,100.0,healthy
36.20000076293945,64.0,99.0,healthy
36.10000228881836,70.0,99.0,healthy
36.29999923706055,78.0,99.0,healthy
36.10000228881836,87.0,99.0,healthy
35.79999923706055,69.0,100.0,healthy
36.29999923706055,70.0,100.0,healthy
35.900001525878906,50.0,99.0,healthy
37.20000076293945,69.0,100.0,healthy
35.70000076293945,67.0,99.0,healthy
36.29999923706055,81.0,100.0,risky
35.79999923706055,66.0,98.0,healthy
36.29999923706055,79.0,98.0,healthy
35.400001525878906,54.0,97.0,healthy
36.70000076293945,67.0,98.0,healthy
35.5,61.0,99.0,healthy
35.400001525878906,54.0,99.0,healthy
35.29999923706055,68.0,97.0,healthy
36.10000228881836,86.0,98.0,healthy
35.29999923706055,68.0,98.0,healthy
36.10000228881836,60.0,97.0,healthy
36.5,65.0,100.0,healthy
36.5,58.0,98.0,healthy
35.5,66.0,99.0,healthy
35.70000076293945,84.0,100.0,healthy
36.60000228881836,53.0,99.0,healthy
36.20000076293945,113.0,99.0,risky
35.900001525878906,57.0,98.0,healthy
36.60000228881836,70.0,100.0,healthy
35.79999923706055,60.0,99.0,healthy
36.20000076293945,55.0,100.0,healthy
36.5,65.0,97.0,healthy
36.20000076293945,100.0,100.0,healthy
35.29999923706055,65.0,100.0,healthy
35.60000228881836,61.0,99.0,healthy
35.60000228881836,60.0,97.0,healthy
36.20000076293945,61.0,99.0,healthy
36.10000228881836,81.0,99.0,healthy
35.79999923706055,79.0,99.0,healthy
35.70000076293945,62.0,100.0,healthy
35.900001525878906,74.0,100.0,healthy
35.60000228881836,61.0,99.0,healthy
35.400001525878906,71.0,98.0,healthy
35.5,85.0,99.0,healthy
35.70000076293945,99.0,100.0,healthy
36.400001525878906,64.0,99.0,healthy
35.60000228881836,61.0,96.0,healthy
30.600000381469727,66.0,97.0,dangerous
36.5,54.0,98.0,healthy
35.60000228881836,57.0,99.0,healthy
36.60000228881836,72.0,99.0,healthy
35.70000076293945,73.0,96.0,healthy
36.5,93.0,97.0,healthy
36.29999923706055,75.0,99.0,healthy
36.5,92.0,99.0,healthy
35.5,58.0,97.0,healthy
36.29999923706055,56.0,99.0,healthy
35.20000076293945,72.0,99.0,healthy
36.10000228881836,79.0,100.0,healthy
35.29999923706055,61.0,100.0,healthy
35.70000076293945,76.0,99.0,healthy
36.10000228881836,71.0,99.0,healthy
35.5,55.0,97.0,healthy
35.79999923706055,76.0,99.0,healthy
36.0,94.0,81.0,dangerous
36.10000228881836,66.0,100.0,healthy
35.900001525878906,68.0,99.0,healthy
36.0,50.0,100.0,healthy
35.29999923706055,67.0,100.0,healthy
35.400001525878906,79.0,99.0,healthy
35.60000228881836,47.0,98.0,healthy
35.5,49.0,99.0,healthy
36.0,65.0,100.0,healthy
35.900001525878906,59.0,97.0,healthy
36.79999923706055,89.0,99.0,healthy
35.70000076293945,78.0,100.0,risky
30.80000114440918,56.0,99.0,dangerous
35.10000228881836,64.0,100.0,healthy
35.79999923706055,46.0,97.0,healthy
36.0,67.0,98.0,healthy
36.400001525878906,67.0,100.0,healthy
28.5,107.0,100.0,risky
36.29999923706055,84.0,99.0,risky
36.400001525878906,62.0,99.0,healthy
35.29999923706055,61.0,99.0,healthy
36.29999923706055,75.0,94.0,healthy
35.20000076293945,85.0,99.0,healthy
35.79999923706055,74.0,100.0,healthy
35.900001525878906,60.0,99.0,healthy
36.20000076293945,58.0,99.0,healthy
35.900001525878906,65.0,100.0,healthy
36.60000228881836,71.0,100.0,healthy
36.29999923706055,85.0,98.0,healthy
35.79999923706055,83.0,98.0,healthy
35.29999923706055,72.0,96.0,risky
36.10000228881836,52.0,97.0,healthy
35.400001525878906,50.0,100.0,healthy
35.60000228881836,84.0,93.0,risky
35.29999923706055,84.0,95.0,healthy
36.5,53.0,100.0,healthy
35.5,62.0,97.0,healthy
35.79999923706055,57.0,98.0,healthy
35.900001525878906,58.0,100.0,healthy
35.60000228881836,73.0,100.0,healthy
36.0,62.0,98.0,healthy
35.900001525878906,74.0,99.0,healthy
36.29999923706055,60.0,99.0,healthy
36.5,75.0,100.0,healthy
36.0,114.0,99.0,healthy
36.0,70.0,99.0,healthy
36.20000076293945,59.0,99.0,healthy
35.10000228881836,58.0,100.0,healthy
35.900001525878906,95.0,98.0,healthy
35.900001525878906,71.0,100.0,risky
35.79999923706055,59.0,99.0,healthy
36.5,98.0,98.0,healthy
36.10000228881836,60.0,96.0,risky
36.20000076293945,72.0,98.0,healthy
35.400001525878906,58.0,98.0,healthy
36.10000228881836,86.0,95.0,healthy
35.79999923706055,50.0,98.0,healthy
35.79999923706055,65.0,100.0,healthy
35.29999923706055,66.0,99.0,risky
35.79999923706055,70.0,95.0,risky
34.900001525878906,88.0,96.0,dangerous
35.20000076293945,78.0,99.0,healthy
37.10000228881836,73.0,99.0,healthy
35.70000076293945,97.0,98.0,risky
35.60000228881836,71.0,98.0,healthy
36.0,72.0,100.0,healthy
35.70000076293945,92.0,99.0,healthy
37.20000076293945,82.0,100.0,healthy
36.20000076293945,73.0,100.0,healthy
35.79999923706055,79.0,100.0,healthy
35.0,90.0,99.0,healthy
35.400001525878906,46.0,99.0,healthy
31.200000762939453,92.0,94.0,dangerous
36.0,68.0,99.0,healthy
35.79999923706055,55.0,99.0,healthy
36.29999923706055,64.0,98.0,healthy
35.79999923706055,59.0,100.0,healthy
35.5,57.0,99.0,risky
35.900001525878906,66.0,99.0,healthy
36.29999923706055,54.0,100.0,healthy
35.70000076293945,70.0,98.0,healthy
36.0,58.0,100.0,healthy
35.29999923706055,63.0,100.0,healthy
35.0,90.0,98.0,risky
35.60000228881836,71.0,99.0,healthy
35.79999923706055,75.0,97.0,risky
36.70000076293945,83.0,97.0,healthy
35.0,67.0,99.0,healthy
35.900001525878906,82.0,100.0,healthy
37.5,96.0,100.0,healthy
36.29999923706055,75.0,98.0,healthy
36.10000228881836,59.0,100.0,healthy
36.29999923706055,65.0,100.0,healthy
36.0,69.0,99.0,risky
35.900001525878906,67.0,99.0,healthy
35.60000228881836,66.0,100.0,healthy
36.10000228881836,58.0,99.0,healthy
36.20000076293945,73.0,99.0,healthy
35.900001525878906,75.0,99.0,healthy
36.5,68.0,100.0,healthy
34.900001525878906,90.0,93.0,dangerous
35.0,50.0,98.0,healthy
36.10000228881836,50.0,99.0,risky
35.70000076293945,68.0,99.0,healthy
36.29999923706055,48.0,100.0,healthy
35.29999923706055,56.0,99.0,healthy
36.60000228881836,58.0,99.0,healthy
36.5,76.0,99.0,healthy
36.20000076293945,88.0,100.0,healthy
35.70000076293945,63.0,100.0,healthy
35.900001525878906,54.0,100.0,healthy
35.400001525878906,54.0,99.0,healthy
35.400001525878906,64.0,100.0,healthy
35.400001525878906,70.0,100.0,healthy
35.900001525878906,75.0,100.0,risky
35.70000076293945,77.0,100.0,healthy
36.29999923706055,62.0,100.0,risky
36.60000228881836,80.0,100.0,healthy
36.29999923706055,91.0,98.0,healthy
35.400001525878906,71.0,100.0,healthy
35.900001525878906,51.0,98.0,healthy
36.10000228881836,65.0,100.0,healthy
34.5,75.0,100.0,dangerous
36.29999923706055,69.0,99.0,healthy
35.900001525878906,71.0,99.0,healthy
35.70000076293945,72.0,100.0,healthy
35.400001525878906,58.0,98.0,healthy
36.10000228881836,63.0,99.0,healthy
35.900001525878906,77.0,99.0,risky
36.79999923706055,71.0,96.0,healthy
35.70000076293945,63.0,97.0,healthy
37.60000228881836,88.0,99.0,healthy
35.900001525878906,62.0,99.0,healthy
36.10000228881836,68.0,95.0,healthy
35.79999923706055,52.0,100.0,healthy
35.20000076293945,66.0,100.0,healthy
36.10000228881836,95.0,100.0,healthy
35.79999923706055,63.0,99.0,healthy
36.60000228881836,61.0,100.0,healthy
35.79999923706055,71.0,99.0,healthy
35.10000228881836,58.0,98.0,healthy
35.79999923706055,55.0,99.0,healthy
36.400001525878906,107.0,100.0,healthy
35.0,90.0,100.0,healthy
36.10000228881836,62.0,98.0,healthy
34.70000076293945,57.0,99.0,risky
35.400001525878906,119.0,96.0,risky
35.79999923706055,64.0,98.0,healthy
36.0,70.0,99.0,healthy
35.29999923706055,95.0,94.0,healthy
35.5,54.0,100.0,healthy
35.900001525878906,66.0,98.0,healthy
36.400001525878906,98.0,99.0,healthy
36.900001525878906,94.0,100.0,healthy
35.5,51.0,98.0,healthy
37.10000228881836,80.0,100.0,healthy
35.70000076293945,46.0,99.0,risky
35.70000076293945,61.0,100.0,healthy
35.79999923706055,62.0,100.0,healthy
35.60000228881836,64.0,100.0,healthy
35.400001525878906,63.0,98.0,risky
35.70000076293945,82.0,99.0,healthy
35.79999923706055,80.0,98.0,healthy
35.20000076293945,60.0,96.0,healthy
36.0,59.0,100.0,healthy
35.70000076293945,48.0,96.0,healthy
35.60000228881836,92.0,100.0,healthy
36.400001525878906,72.0,96.0,healthy
36.29999923706055,71.0,98.0,risky
35.60000228881836,51.0,99.0,healthy
36.29999923706055,58.0,98.0,healthy
35.5,90.0,97.0,healthy
35.70000076293945,63.0,100.0,risky
36.20000076293945,79.0,98.0,healthy
35.79999923706055,61.0,100.0,healthy
36.29999923706055,58.0,98.0,healthy
28.200000762939453,70.0,98.0,dangerous
35.79999923706055,59.0,100.0,healthy
35.5,86.0,98.0,risky
35.20000076293945,40.0,100.0,healthy
35.29999923706055,85.0,98.0,healthy
35.900001525878906,87.0,96.0,healthy
36.20000076293945,82.0,96.0,healthy
35.29999923706055,70.0,99.0,healthy
35.79999923706055,50.0,96.0,healthy
37.400001525878906,85.0,95.0,risky
36.400001525878906,59.0,98.0,healthy
36.5,83.0,96.0,healthy
35.70000076293945,73.0,99.0,risky
33.0,71.0,100.0,risky
37.5,83.0,99.0,risky
35.70000076293945,96.0,100.0,healthy
36.0,58.0,100.0,healthy
36.0,78.0,98.0,healthy
36.20000076293945,87.0,99.0,healthy
35.900001525878906,59.0,100.0,healthy
36.0,90.0,97.0,healthy
36.10000228881836,66.0,98.0,healthy
35.79999923706055,60.0,100.0,healthy
36.60000228881836,75.0,100.0,healthy
35.900001525878906,63.0,99.0,healthy
36.0,67.0,98.0,healthy
36.20000076293945,82.0,98.0,healthy
34.79999923706055,96.0,97.0,dangerous
36.0,60.0,100.0,healthy
36.400001525878906,81.0,100.0,healthy
36.0,71.0,98.0,healthy
35.0,68.0,99.0,healthy
35.900001525878906,50.0,98.0,healthy
36.20000076293945,100.0,98.0,healthy
35.79999923706055,66.0,99.0,healthy
36.10000228881836,70.0,99.0,healthy
35.60000228881836,62.0,99.0,healthy
36.0,55.0,98.0,risky
35.60000228881836,71.0,94.0,healthy
35.400001525878906,75.0,99.0,risky
36.70000076293945,51.0,99.0,risky
35.29999923706055,83.0,99.0,healthy
35.900001525878906,70.0,97.0,healthy
35.60000228881836,70.0,100.0,healthy
36.0,53.0,98.0,healthy
36.20000076293945,68.0,95.0,healthy
35.5,47.0,97.0,healthy
35.900001525878906,66.0,98.0,healthy
36.5,63.0,99.0,healthy
34.900001525878906,64.0,93.0,risky
36.79999923706055,62.0,98.0,healthy
36.400001525878906,57.0,100.0,healthy
36.10000228881836,98.0,99.0,healthy
36.60000228881836,91.0,99.0,healthy
36.20000076293945,105.0,97.0,healthy
35.900001525878906,68.0,97.0,healthy
35.900001525878906,84.0,100.0,healthy
34.70000076293945,89.0,98.0,dangerous
36.29999923706055,52.0,97.0,healthy
36.10000228881836,51.0,98.0,healthy
36.20000076293945,52.0,97.0,healthy
35.60000228881836,67.0,99.0,healthy
35.400001525878906,77.0,98.0,healthy
35.900001525878906,80.0,99.0,healthy
35.0,80.0,99.0,healthy
35.60000228881836,65.0,100.0,healthy
36.10000228881836,59.0,100.0,healthy
30.700000762939453,109.0,100.0,dangerous
35.20000076293945,69.0,98.0,healthy
35.79999923706055,78.0,100.0,healthy
35.5,54.0,97.0,healthy
35.60000228881836,48.0,98.0,healthy
36.29999923706055,93.0,100.0,healthy
35.29999923706055,73.0,99.0,risky
35.70000076293945,101.0,96.0,healthy
36.0,104.0,100.0,risky
35.60000228881836,57.0,99.0,healthy
35.900001525878906,64.0,99.0,healthy
35.29999923706055,85.0,100.0,healthy
35.79999923706055,54.0,99.0,healthy
35.400001525878906,112.0,99.0,healthy
36.400001525878906,57.0,98.0,healthy
36.29999923706055,101.0,98.0,healthy
35.70000076293945,81.0,100.0,risky
36.60000228881836,59.0,100.0,healthy
35.60000228881836,54.0,100.0,risky
37.10000228881836,51.0,99.0,healthy
36.0,57.0,98.0,healthy
36.5,83.0,98.0,healthy
36.900001525878906,119.0,100.0,healthy
35.60000228881836,76.0,97.0,healthy
35.900001525878906,57.0,99.0,healthy
36.10000228881836,74.0,99.0,healthy
36.0,51.0,99.0,risky
36.400001525878906,65.0,100.0,healthy
36.20000076293945,58.0,96.0,healthy
35.79999923706055,49.0,100.0,healthy
35.5,47.0,97.0,healthy
35.70000076293945,64.0,96.0,healthy
36.60000228881836,66.0,98.0,healthy
36.20000076293945,72.0,97.0,healthy
36.60000228881836,100.0,100.0,healthy
35.20000076293945,66.0,97.0,healthy
36.0,87.0,100.0,healthy
35.900001525878906,60.0,99.0,risky
35.70000076293945,89.0,100.0,healthy
35.900001525878906,78.0,100.0,healthy
36.10000228881836,69.0,99.0,healthy
28.600000381469727,75.0,98.0,dangerous
35.79999923706055,80.0,95.0,healthy
36.10000228881836,78.0,99.0,healthy
35.5,125.0,98.0,dangerous
36.20000076293945,104.0,100.0,healthy
35.900001525878906,53.0,99.0,risky
30.200000762939453,78.0,99.0,risky
36.60000228881836,62.0,100.0,healthy
35.29999923706055,62.0,99.0,healthy
35.400001525878906,58.0,100.0,healthy
35.900001525878906,107.0,97.0,healthy
35.20000076293945,82.0,97.0,healthy
35.900001525878906,79.0,99.0,healthy
35.10000228881836,77.0,100.0,healthy
36.400001525878906,77.0,100.0,healthy
35.0,83.0,100.0,healthy
34.900001525878906,53.0,99.0,dangerous
35.70000076293945,70.0,99.0,healthy
35.900001525878906,58.0,100.0,healthy
37.20000076293945,69.0,99.0,risky
35.29999923706055,72.0,99.0,healthy
36.400001525878906,75.0,99.0,healthy
36.0,90.0,100.0,healthy
35.400001525878906,70.0,100.0,healthy
35.70000076293945,45.0,98.0,healthy
35.60000228881836,51.0,97.0,healthy
37.0,66.0,94.0,risky
36.900001525878906,66.0,98.0,risky
36.60000228881836,55.0,100.0,healthy
35.79999923706055,72.0,96.0,healthy
36.0,59.0,97.0,healthy
36.10000228881836,53.0,100.0,healthy
36.0,55.0,94.0,healthy
35.900001525878906,52.0,100.0,healthy
35.60000228881836,61.0,99.0,risky
35.20000076293945,92.0,98.0,healthy
36.0,80.0,99.0,healthy
36.10000228881836,53.0,100.0,healthy
35.400001525878906,51.0,99.0,healthy
35.70000076293945,48.0,100.0,healthy
32.20000076293945,79.0,98.0,dangerous
36.0,79.0,98.0,healthy
35.20000076293945,73.0,99.0,healthy
36.20000076293945,62.0,99.0,healthy
35.20000076293945,63.0,99.0,healthy
35.60000228881836,61.0,97.0,healthy
35.60000228881836,52.0,98.0,healthy
36.10000228881836,79.0,97.0,healthy
35.60000228881836,66.0,100.0,healthy
34.900001525878906,107.0,83.0,dangerous
35.60000228881836,65.0,100.0,healthy
35.0,51.0,99.0,healthy
36.5,79.0,95.0,healthy
35.5,72.0,98.0,healthy
36.0,68.0,99.0,risky
35.10000228881836,56.0,100.0,healthy
28.399999618530273,77.0,100.0,dangerous
35.400001525878906,96.0,98.0,healthy
35.29999923706055,57.0,98.0,healthy
36.0,100.0,96.0,healthy
35.60000228881836,74.0,97.0,healthy
35.79999923706055,55.0,99.0,healthy
36.10000228881836,57.0,98.0,healthy
36.10000228881836,70.0,99.0,healthy
36.0,70.0,98.0,healthy
31.200000762939453,108.0,100.0,dangerous
35.5,50.0,98.0,healthy
34.900001525878906,73.0,100.0,dangerous
36.20000076293945,50.0,98.0,healthy
37.10000228881836,90.0,98.0,healthy
34.900001525878906,85.0,99.0,risky
35.79999923706055,62.0,97.0,healthy
35.900001525878906,78.0,94.0,healthy
35.60000228881836,55.0,100.0,healthy
35.0,73.0,99.0,risky
33.400001525878906,59.0,98.0,dangerous
35.0,49.0,99.0,healthy
34.79999923706055,72.0,99.0,risky
36.29999923706055,57.0,100.0,healthy
35.5,56.0,100.0,healthy
35.60000228881836,65.0,99.0,healthy
35.60000228881836,58.0,97.0,healthy
36.10000228881836,61.0,98.0,healthy
35.900001525878906,65.0,98.0,healthy
35.79999923706055,67.0,100.0,healthy
36.20000076293945,60.0,100.0,healthy
36.79999923706055,73.0,99.0,healthy
36.5,71.0,98.0,healthy
35.900001525878906,77.0,99.0,healthy
35.900001525878906,72.0,99.0,risky
35.79999923706055,106.0,99.0,risky
35.79999923706055,72.0,98.0,healthy
35.900001525878906,52.0,99.0,healthy
35.900001525878906,47.0,88.0,risky
35.400001525878906,86.0,100.0,healthy
28.80000114440918,63.0,100.0,dangerous
35.79999923706055,49.0,100.0,healthy
35.79999923706055,60.0,100.0,healthy
36.60000228881836,78.0,98.0,healthy
36.0,56.0,99.0,healthy
35.5,69.0,100.0,healthy
36.400001525878906,62.0,100.0,healthy
35.29999923706055,43.0,98.0,healthy
35.70000076293945,46.0,99.0,healthy
35.5,74.0,97.0,healthy
35.900001525878906,81.0,97.0,risky
35.70000076293945,92.0,99.0,healthy
36.29999923706055,77.0,99.0,healthy
35.70000076293945,67.0,100.0,healthy
36.400001525878906,57.0,99.0,risky
36.10000228881836,62.0,100.0,healthy
35.79999923706055,86.0,97.0,healthy
35.60000228881836,55.0,100.0,healthy
36.10000228881836,91.0,100.0,healthy
36.10000228881836,62.0,99.0,healthy
37.60000228881836,79.0,100.0,healthy
36.0,68.0,100.0,healthy
31.700000762939453,59.0,99.0,dangerous
35.79999923706055,68.0,98.0,healthy
36.10000228881836,97.0,97.0,healthy
35.900001525878906,59.0,99.0,healthy
36.60000228881836,100.0,97.0,healthy
36.0,59.0,100.0,healthy
35.900001525878906,64.0,96.0,healthy
35.20000076293945,76.0,96.0,healthy
35.79999923706055,59.0,99.0,healthy
35.70000076293945,61.0,100.0,healthy
36.0,71.0,98.0,healthy
36.5,56.0,99.0,healthy
35.900001525878906,56.0,98.0,healthy
36.0,52.0,100.0,healthy
36.29999923706055,69.0,100.0,healthy
35.79999923706055,72.0,100.0,healthy
35.70000076293945,72.0,99.0,healthy
35.29999923706055,90.0,100.0,healthy
35.5,79.0,99.0,healthy
36.29999923706055,82.0,98.0,healthy
36.0,63.0,100.0,healthy
36.5,81.0,100.0,healthy
36.5,58.0,100.0,healthy
36.5,55.0,99.0,healthy
35.29999923706055,84.0,100.0,healthy
36.0,79.0,98.0,risky
36.20000076293945,61.0,100.0,healthy
36.400001525878906,71.0,99.0,healthy
36.10000228881836,103.0,99.0,healthy
36.10000228881836,71.0,100.0,healthy
36.70000076293945,64.0,98.0,healthy
37.70000076293945,75.0,100.0,healthy
35.60000228881836,62.0,97.0,healthy
35.60000228881836,62.0,100.0,healthy
36.400001525878906,70.0,100.0,healthy
36.70000076293945,69.0,99.0,healthy
36.20000076293945,63.0,98.0,healthy
35.5,66.0,91.0,risky
35.900001525878906,97.0,99.0,healthy
36.10000228881836,67.0,100.0,healthy
35.70000076293945,86.0,90.0,risky
35.79999923706055,73.0,98.0,healthy
37.20000076293945,81.0,96.0,healthy
33.20000076293945,64.0,99.0,risky
36.900001525878906,89.0,97.0,healthy
36.900001525878906,61.0,100.0,healthy
35.70000076293945,69.0,98.0,healthy
35.400001525878906,51.0,100.0,healthy
35.60000228881836,48.0,100.0,healthy
36.10000228881836,65.0,100.0,healthy
35.70000076293945,48.0,97.0,healthy
29.600000381469727,79.0,98.0,dangerous
35.5,65.0,99.0,risky
36.5,53.0,99.0,healthy
35.70000076293945,63.0,100.0,healthy
36.79999923706055,86.0,97.0,healthy
35.5,59.0,99.0,healthy
36.10000228881836,94.0,100.0,healthy
35.900001525878906,64.0,98.0,healthy
36.400001525878906,180.0,100.0,risky
36.29999923706055,94.0,98.0,healthy
36.5,64.0,97.0,healthy
33.900001525878906,86.0,99.0,risky
36.400001525878906,74.0,100.0,healthy
35.79999923706055,92.0,99.0,healthy
36.29999923706055,51.0,99.0,healthy
35.79999923706055,64.0,100.0,healthy
36.400001525878906,63.0,100.0,risky
36.29999923706055,66.0,99.0,healthy
35.5,48.0,97.0,healthy
36.20000076293945,57.0,99.0,healthy
36.10000228881836,88.0,99.0,healthy
35.60000228881836,64.0,97.0,healthy
35.20000076293945,59.0,99.0,risky
36.0,82.0,98.0,healthy
37.20000076293945,85.0,100.0,risky
28.0,106.0,100.0,risky
36.0,72.0,100.0,healthy
36.400001525878906,72.0,92.0,risky
36.20000076293945,92.0,100.0,healthy
30.700000762939453,52.0,100.0,dangerous
34.900001525878906,77.0,99.0,dangerous
37.10000228881836,82.0,80.0,dangerous
35.79999923706055,63.0,100.0,risky
36.70000076293945,65.0,100.0,healthy
28.30000114440918,70.0,80.0,dangerous
35.29999923706055,77.0,99.0,healthy
35.5,66.0,100.0,healthy
36.10000228881836,56.0,99.0,healthy
35.400001525878906,62.0,98.0,healthy
35.400001525878906,82.0,100.0,healthy
36.29999923706055,63.0,99.0,healthy
36.29999923706055,104.0,100.0,healthy
35.400001525878906,60.0,100.0,risky
36.29999923706055,78.0,99.0,healthy
35.70000076293945,47.0,97.0,healthy
35.0,53.0,100.0,healthy
36.60000228881836,66.0,99.0,healthy
35.400001525878906,49.0,97.0,healthy
35.20000076293945,52.0,98.0,healthy
35.20000076293945,57.0,99.0,healthy
35.70000076293945,64.0,99.0,healthy
36.79999923706055,65.0,100.0,healthy
35.70000076293945,81.0,100.0,healthy
35.79999923706055,87.0,100.0,healthy
35.900001525878906,46.0,98.0,healthy
35.20000076293945,74.0,100.0,healthy
35.900001525878906,101.0,99.0,healthy
36.10000228881836,58.0,97.0,healthy
36.60000228881836,63.0,100.0,healthy
36.0,66.0,99.0,healthy
36.60000228881836,63.0,99.0,risky
36.70000076293945,61.0,99.0,healthy
36.20000076293945,71.0,100.0,risky
35.20000076293945,75.0,97.0,healthy
36.10000228881836,91.0,99.0,healthy
29.100000381469727,89.0,99.0,dangerous
36.20000076293945,73.0,100.0,healthy
35.900001525878906,58.0,99.0,healthy
35.900001525878906,71.0,100.0,healthy
35.900001525878906,84.0,96.0,healthy
35.900001525878906,65.0,97.0,healthy
37.10000228881836,74.0,95.0,healthy
36.400001525878906,92.0,98.0,risky
35.20000076293945,42.0,98.0,healthy
36.0,88.0,99.0,healthy
36.10000228881836,67.0,99.0,healthy
36.5,81.0,96.0,healthy
36.20000076293945,49.0,88.0,risky
35.70000076293945,77.0,97.0,healthy
36.29999923706055,66.0,98.0,risky
36.400001525878906,59.0,99.0,healthy
35.400001525878906,70.0,97.0,healthy
35.0,87.0,84.0,dangerous
36.10000228881836,55.0,98.0,healthy
36.400001525878906,107.0,100.0,risky
35.29999923706055,72.0,99.0,risky
35.70000076293945,65.0,94.0,healthy
36.0,80.0,100.0,healthy
34.70000076293945,76.0,99.0,risky
37.70000076293945,98.0,100.0,healthy
36.0,73.0,100.0,healthy
36.0,71.0,99.0,risky
36.70000076293945,66.0,98.0,healthy
36.60000228881836,64.0,98.0,healthy
35.900001525878906,89.0,97.0,risky
36.900001525878906,97.0,98.0,healthy
36.400001525878906,67.0,98.0,healthy
38.0,81.0,99.0,risky
37.0,77.0,100.0,healthy
36.20000076293945,56.0,98.0,healthy
37.29999923706055,87.0,100.0,healthy
35.900001525878906,93.0,99.0,healthy
36.29999923706055,59.0,99.0,healthy
36.20000076293945,64.0,97.0,healthy
35.0,89.0,100.0,healthy
35.79999923706055,76.0,100.0,healthy
35.70000076293945,70.0,100.0,healthy
35.60000228881836,66.0,98.0,risky
35.29999923706055,79.0,99.0,healthy
35.20000076293945,49.0,100.0,healthy
35.0,96.0,99.0,healthy
35.29999923706055,50.0,98.0,healthy
35.70000076293945,51.0,96.0,healthy
35.400001525878906,56.0,99.0,healthy
35.60000228881836,59.0,100.0,healthy
35.79999923706055,69.0,99.0,healthy
34.5,64.0,100.0,dangerous
35.60000228881836,53.0,98.0,healthy
35.900001525878906,65.0,100.0,healthy
37.0,83.0,100.0,healthy
35.29999923706055,70.0,100.0,healthy
36.10000228881836,50.0,99.0,healthy
35.60000228881836,49.0,98.0,healthy
35.900001525878906,54.0,99.0,risky
36.20000076293945,73.0,99.0,risky
35.79999923706055,68.0,100.0,healthy
35.5,60.0,100.0,healthy
35.29999923706055,73.0,99.0,healthy
36.20000076293945,68.0,100.0,healthy
36.29999923706055,85.0,98.0,healthy
35.79999923706055,63.0,99.0,healthy
35.79999923706055,55.0,92.0,healthy
36.0,67.0,100.0,healthy
36.20000076293945,68.0,99.0,risky
35.10000228881836,75.0,96.0,healthy
35.70000076293945,82.0,100.0,risky
36.0,80.0,100.0,healthy
35.79999923706055,78.0,100.0,healthy
35.10000228881836,70.0,99.0,healthy
36.10000228881836,97.0,99.0,healthy
36.5,70.0,99.0,healthy
36.0,59.0,99.0,healthy
36.29999923706055,51.0,99.0,healthy
35.10000228881836,45.0,99.0,healthy
35.900001525878906,62.0,99.0,healthy
35.60000228881836,64.0,99.0,healthy
36.29999923706055,99.0,99.0,healthy
36.29999923706055,61.0,99.0,risky
35.400001525878906,77.0,99.0,healthy
36.70000076293945,73.0,98.0,healthy
28.399999618530273,54.0,99.0,risky
36.0,59.0,100.0,healthy
35.79999923706055,60.0,92.0,healthy
35.70000076293945,72.0,95.0,healthy
35.29999923706055,83.0,99.0,healthy
36.79999923706055,61.0,99.0,healthy
36.20000076293945,64.0,98.0,healthy
35.29999923706055,118.0,99.0,risky
35.29999923706055,75.0,100.0,healthy
36.10000228881836,45.0,99.0,healthy
34.10000228881836,59.0,99.0,risky
36.20000076293945,79.0,100.0,healthy
35.20000076293945,103.0,99.0,healthy
35.79999923706055,44.0,99.0,healthy
36.10000228881836,81.0,98.0,healthy
35.29999923706055,53.0,100.0,healthy
35.29999923706055,58.0,98.0,healthy
36.400001525878906,65.0,99.0,healthy
36.70000076293945,62.0,100.0,healthy
34.400001525878906,80.0,100.0,dangerous
36.10000228881836,59.0,99.0,healthy
36.0,74.0,98.0,risky
35.60000228881836,64.0,99.0,healthy
36.20000076293945,61.0,100.0,healthy
35.29999923706055,52.0,99.0,healthy
36.10000228881836,78.0,99.0,healthy
36.20000076293945,57.0,98.0,healthy
35.70000076293945,61.0,99.0,healthy
36.0,78.0,100.0,healthy
35.10000228881836,87.0,100.0,healthy
36.60000228881836,90.0,98.0,healthy
35.20000076293945,56.0,99.0,healthy
33.900001525878906,124.0,99.0,risky
35.79999923706055,56.0,100.0,healthy
35.60000228881836,67.0,100.0,healthy
36.5,97.0,98.0,risky
36.60000228881836,73.0,100.0,risky
35.5,75.0,98.0,healthy
28.399999618530273,79.0,97.0,dangerous
35.70000076293945,71.0,97.0,healthy
35.79999923706055,74.0,95.0,healthy
35.10000228881836,81.0,99.0,healthy
35.900001525878906,71.0,98.0,healthy
35.70000076293945,85.0,99.0,healthy
36.29999923706055,67.0,100.0,healthy
36.10000228881836,52.0,99.0,healthy
32.29999923706055,64.0,97.0,dangerous
35.0,74.0,100.0,healthy
35.400001525878906,64.0,99.0,healthy
35.0,117.0,100.0,healthy
36.29999923706055,73.0,99.0,healthy
36.0,79.0,99.0,healthy
35.0,53.0,98.0,risky
35.60000228881836,84.0,96.0,healthy
35.79999923706055,61.0,97.0,healthy
36.5,73.0,100.0,healthy
35.5,49.0,100.0,healthy
37.10000228881836,98.0,99.0,risky
36.5,73.0,100.0,healthy
35.900001525878906,64.0,98.0,healthy
35.5,108.0,98.0,healthy
35.79999923706055,76.0,99.0,healthy
35.60000228881836,59.0,99.0,healthy
35.20000076293945,62.0,94.0,healthy
37.400001525878906,86.0,97.0,healthy
35.5,64.0,98.0,healthy
35.79999923706055,88.0,100.0,healthy
36.70000076293945,50.0,100.0,healthy
34.10000228881836,66.0,99.0,dangerous
36.10000228881836,85.0,100.0,healthy
35.5,51.0,99.0,healthy
35.900001525878906,46.0,99.0,healthy
35.70000076293945,57.0,100.0,healthy
35.400001525878906,64.0,99.0,healthy
36.79999923706055,58.0,98.0,healthy
35.70000076293945,74.0,100.0,healthy
35.20000076293945,57.0,99.0,healthy
35.900001525878906,75.0,100.0,healthy
35.400001525878906,59.0,99.0,healthy
36.70000076293945,61.0,100.0,healthy
35.79999923706055,62.0,98.0,healthy
35.79999923706055,68.0,98.0,healthy
36.70000076293945,85.0,99.0,healthy
34.900001525878906,58.0,100.0,dangerous
36.900001525878906,66.0,98.0,healthy
35.400001525878906,61.0,99.0,healthy
35.20000076293945,60.0,99.0,healthy
36.0,66.0,99.0,healthy
36.20000076293945,76.0,98.0,healthy
35.20000076293945,63.0,100.0,healthy
35.20000076293945,94.0,97.0,risky
35.60000228881836,54.0,97.0,healthy
35.70000076293945,60.0,98.0,healthy
35.60000228881836,72.0,96.0,healthy
35.5,59.0,99.0,healthy
35.20000076293945,53.0,100.0,healthy
35.29999923706055,70.0,99.0,healthy
34.79999923706055,87.0,98.0,dangerous
35.5,88.0,99.0,healthy
35.60000228881836,62.0,100.0,healthy
28.399999618530273,74.0,100.0,risky
36.29999923706055,114.0,100.0,healthy
35.0,62.0,99.0,healthy
35.79999923706055,55.0,97.0,healthy
36.0,59.0,98.0,healthy
35.60000228881836,57.0,98.0,healthy
37.400001525878906,88.0,96.0,risky
35.900001525878906,65.0,95.0,healthy
35.0,72.0,99.0,healthy
35.400001525878906,56.0,99.0,healthy
35.900001525878906,84.0,99.0,healthy
35.70000076293945,47.0,100.0,healthy
35.10000228881836,80.0,98.0,healthy
36.5,71.0,100.0,healthy
35.400001525878906,67.0,100.0,healthy
35.900001525878906,51.0,98.0,healthy
35.900001525878906,60.0,99.0,healthy
36.70000076293945,57.0,98.0,healthy
36.10000228881836,121.0,99.0,healthy
34.79999923706055,55.0,100.0,risky
36.400001525878906,81.0,99.0,risky
35.400001525878906,52.0,98.0,healthy
35.79999923706055,70.0,98.0,risky
35.70000076293945,89.0,100.0,healthy
36.10000228881836,58.0,99.0,healthy
35.5,84.0,99.0,healthy
35.0,60.0,98.0,healthy
37.29999923706055,107.0,97.0,healthy
35.5,55.0,97.0,healthy
36.10000228881836,56.0,100.0,risky
35.29999923706055,63.0,99.0,healthy
35.5,59.0,99.0,healthy
36.29999923706055,53.0,99.0,healthy
36.5,86.0,100.0,healthy
36.0,81.0,99.0,healthy
30.80000114440918,69.0,100.0,risky
35.5,70.0,98.0,healthy
36.20000076293945,78.0,100.0,healthy
36.0,67.0,97.0,healthy
36.79999923706055,81.0,94.0,healthy
36.20000076293945,57.0,100.0,healthy
36.29999923706055,52.0,99.0,healthy
35.70000076293945,96.0,100.0,risky
35.400001525878906,85.0,100.0,healthy
36.0,84.0,100.0,healthy
36.5,55.0,100.0,healthy
35.70000076293945,63.0,97.0,healthy
35.900001525878906,61.0,100.0,healthy
36.10000228881836,69.0,100.0,healthy
36.60000228881836,79.0,98.0,healthy
36.0,66.0,98.0,risky
35.0,62.0,99.0,healthy
35.29999923706055,56.0,100.0,healthy
36.29999923706055,89.0,100.0,healthy
35.29999923706055,61.0,99.0,healthy
28.200000762939453,88.0,99.0,risky
35.60000228881836,68.0,99.0,healthy
34.900001525878906,66.0,98.0,dangerous
35.70000076293945,79.0,98.0,healthy
35.5,54.0,99.0,healthy
36.5,70.0,100.0,risky
35.60000228881836,71.0,98.0,healthy
35.70000076293945,56.0,99.0,risky
35.60000228881836,123.0,98.0,healthy
31.600000381469727,74.0,99.0,risky
37.10000228881836,87.0,99.0,risky
35.79999923706055,87.0,99.0,healthy
35.900001525878906,52.0,99.0,healthy
37.400001525878906,63.0,100.0,healthy
36.70000076293945,76.0,99.0,healthy
35.79999923706055,85.0,99.0,healthy
35.5,67.0,96.0,healthy
35.70000076293945,61.0,98.0,healthy
35.900001525878906,72.0,96.0,healthy
35.10000228881836,65.0,99.0,healthy
36.60000228881836,91.0,96.0,healthy
36.10000228881836,60.0,100.0,healthy
36.10000228881836,65.0,100.0,healthy
36.70000076293945,61.0,97.0,healthy
36.5,71.0,100.0,healthy
35.20000076293945,73.0,100.0,risky
28.30000114440918,100.0,98.0,dangerous
36.20000076293945,59.0,99.0,healthy
36.29999923706055,60.0,98.0,healthy
36.10000228881836,102.0,100.0,healthy
34.5,55.0,99.0,risky
36.0,72.0,99.0,healthy
34.79999923706055,51.0,99.0,risky
35.79999923706055,63.0,97.0,healthy
36.0,79.0,97.0,healthy
35.70000076293945,57.0,97.0,healthy
36.0,83.0,99.0,healthy
35.79999923706055,49.0,98.0,healthy
36.10000228881836,43.0,100.0,healthy
35.900001525878906,71.0,97.0,healthy
35.900001525878906,107.0,99.0,risky
36.29999923706055,86.0,95.0,healthy
35.20000076293945,59.0,99.0,risky
36.400001525878906,76.0,98.0,risky
36.60000228881836,103.0,96.0,healthy
34.70000076293945,54.0,99.0,risky
35.60000228881836,49.0,98.0,healthy
36.20000076293945,57.0,99.0,healthy
35.60000228881836,82.0,100.0,healthy
35.70000076293945,59.0,98.0,healthy
36.0,84.0,98.0,healthy
35.60000228881836,50.0,99.0,healthy
35.70000076293945,65.0,99.0,healthy
32.29999923706055,71.0,100.0,risky
36.5,67.0,99.0,healthy
36.29999923706055,68.0,99.0,healthy
36.29999923706055,94.0,100.0,healthy
35.70000076293945,76.0,98.0,healthy
36.10000228881836,75.0,99.0,healthy
36.20000076293945,55.0,100.0,healthy
36.400001525878906,53.0,100.0,healthy
36.900001525878906,73.0,99.0,healthy
36.60000228881836,53.0,99.0,healthy
34.20000076293945,73.0,99.0,dangerous
35.60000228881836,67.0,100.0,healthy
37.79999923706055,128.0,98.0,dangerous
35.29999923706055,90.0,98.0,healthy
36.10000228881836,87.0,99.0,healthy
36.10000228881836,65.0,100.0,healthy
36.29999923706055,57.0,100.0,healthy
36.10000228881836,88.0,99.0,healthy
36.10000228881836,97.0,99.0,healthy
36.0,65.0,99.0,healthy
36.20000076293945,46.0,100.0,healthy
35.79999923706055,71.0,99.0,healthy
35.79999923706055,52.0,99.0,healthy
35.900001525878906,89.0,94.0,healthy
35.60000228881836,54.0,100.0,healthy
35.79999923706055,48.0,99.0,healthy
36.0,60.0,100.0,healthy
35.79999923706055,73.0,99.0,healthy
35.60000228881836,55.0,100.0,healthy
36.20000076293945,74.0,99.0,healthy
36.20000076293945,77.0,98.0,risky
36.29999923706055,72.0,99.0,healthy
36.29999923706055,83.0,97.0,healthy
35.70000076293945,60.0,100.0,healthy
35.60000228881836,54.0,100.0,healthy
35.5,56.0,98.0,healthy
36.60000228881836,63.0,100.0,healthy
36.5,62.0,96.0,healthy
36.0,86.0,99.0,healthy
36.10000228881836,69.0,99.0,healthy
35.20000076293945,77.0,100.0,healthy
36.400001525878906,97.0,99.0,healthy
36.400001525878906,53.0,99.0,healthy
36.29999923706055,57.0,98.0,healthy
37.0,62.0,99.0,healthy
35.400001525878906,71.0,99.0,healthy
35.5,77.0,100.0,healthy
36.20000076293945,77.0,100.0,healthy
36.60000228881836,103.0,96.0,healthy
36.20000076293945,66.0,100.0,healthy
36.70000076293945,90.0,99.0,healthy
35.900001525878906,49.0,100.0,healthy
36.60000228881836,86.0,100.0,healthy
28.600000381469727,88.0,100.0,dangerous
34.900001525878906,75.0,100.0,dangerous
35.400001525878906,59.0,98.0,healthy
36.20000076293945,79.0,100.0,risky
35.5,78.0,100.0,healthy
35.79999923706055,51.0,100.0,healthy
35.5,72.0,100.0,healthy
35.29999923706055,51.0,100.0,healthy
37.400001525878906,86.0,97.0,healthy
35.79999923706055,91.0,100.0,healthy
34.79999923706055,75.0,97.0,risky
35.79999923706055,60.0,97.0,healthy
35.60000228881836,97.0,100.0,healthy
36.70000076293945,53.0,90.0,dangerous
35.400001525878906,55.0,100.0,healthy
35.5,83.0,99.0,risky
36.5,74.0,99.0,healthy
36.400001525878906,58.0,99.0,healthy
35.5,69.0,99.0,healthy
35.70000076293945,107.0,97.0,healthy
36.400001525878906,50.0,98.0,healthy
36.10000228881836,38.0,100.0,risky
35.0,81.0,99.0,healthy
35.400001525878906,68.0,99.0,healthy
36.5,90.0,98.0,risky
36.79999923706055,71.0,100.0,healthy
36.10000228881836,69.0,99.0,healthy
35.70000076293945,59.0,99.0,healthy
33.60000228881836,52.0,99.0,dangerous
35.29999923706055,68.0,98.0,healthy
36.5,53.0,100.0,healthy
35.5,109.0,99.0,risky
35.60000228881836,75.0,99.0,healthy
36.20000076293945,68.0,99.0,risky
35.900001525878906,53.0,100.0,healthy
35.60000228881836,51.0,97.0,healthy
36.5,79.0,98.0,healthy
35.29999923706055,78.0,100.0,healthy
35.60000228881836,68.0,99.0,healthy
28.0,96.0,90.0,dangerous
34.900001525878906,90.0,100.0,risky
36.10000228881836,67.0,97.0,healthy
35.60000228881836,82.0,100.0,risky
35.5,89.0,98.0,healthy
36.0,71.0,99.0,healthy
35.70000076293945,47.0,97.0,healthy
35.5,82.0,100.0,healthy
36.5,77.0,99.0,healthy
35.5,51.0,94.0,healthy
36.0,94.0,98.0,healthy
35.900001525878906,57.0,99.0,healthy
35.79999923706055,74.0,98.0,healthy
35.60000228881836,62.0,98.0,risky
34.29999923706055,62.0,98.0,dangerous
36.10000228881836,50.0,100.0,healthy
36.79999923706055,69.0,100.0,healthy
36.0,86.0,97.0,healthy
34.400001525878906,61.0,97.0,risky
35.10000228881836,61.0,99.0,healthy
36.20000076293945,63.0,100.0,healthy
32.10000228881836,60.0,95.0,risky
36.0,59.0,100.0,healthy
34.900001525878906,75.0,100.0,risky
35.0,74.0,100.0,healthy
36.10000228881836,52.0,100.0,healthy
35.60000228881836,62.0,99.0,risky
36.20000076293945,73.0,99.0,healthy
35.900001525878906,60.0,99.0,healthy
35.79999923706055,58.0,100.0,healthy
36.20000076293945,63.0,100.0,healthy
36.0,86.0,95.0,healthy
36.0,62.0,100.0,healthy
35.5,106.0,99.0,healthy
35.0,52.0,97.0,healthy
36.0,74.0,98.0,risky
36.60000228881836,59.0,96.0,risky
35.5,70.0,99.0,healthy
36.900001525878906,82.0,99.0,healthy
35.60000228881836,52.0,100.0,healthy
35.400001525878906,59.0,100.0,healthy
36.29999923706055,82.0,96.0,healthy
36.0,97.0,97.0,healthy
35.20000076293945,61.0,98.0,healthy
36.900001525878906,116.0,99.0,healthy
28.0,72.0,98.0,risky
37.400001525878906,84.0,100.0,risky
36.5,61.0,99.0,healthy
35.400001525878906,94.0,100.0,risky
36.0,70.0,99.0,healthy
35.400001525878906,79.0,98.0,healthy
35.70000076293945,72.0,99.0,healthy
35.60000228881836,60.0,99.0,healthy
36.0,58.0,98.0,healthy
35.5,67.0,100.0,healthy
36.400001525878906,88.0,99.0,healthy
36.900001525878906,73.0,98.0,healthy
35.29999923706055,69.0,100.0,healthy
36.400001525878906,51.0,99.0,healthy
36.10000228881836,68.0,100.0,healthy
35.0,91.0,99.0,healthy
35.400001525878906,74.0,98.0,healthy
35.60000228881836,83.0,100.0,healthy
35.400001525878906,79.0,99.0,risky
37.10000228881836,77.0,88.0,dangerous
35.5,50.0,99.0,healthy
36.0,74.0,96.0,healthy
36.20000076293945,99.0,100.0,healthy
35.79999923706055,46.0,100.0,healthy
35.900001525878906,74.0,100.0,healthy
35.29999923706055,55.0,98.0,healthy
35.20000076293945,92.0,99.0,healthy
35.60000228881836,73.0,99.0,healthy
35.5,78.0,100.0,healthy
36.29999923706055,87.0,97.0,healthy
35.900001525878906,74.0,96.0,healthy
34.20000076293945,90.0,99.0,dangerous
36.29999923706055,89.0,99.0,risky
35.10000228881836,80.0,100.0,healthy
36.70000076293945,109.0,100.0,risky
35.79999923706055,52.0,96.0,healthy
36.70000076293945,67.0,100.0,risky
35.60000228881836,51.0,97.0,healthy
36.10000228881836,63.0,98.0,healthy
36.20000076293945,50.0,99.0,risky
36.20000076293945,63.0,100.0,healthy
35.29999923706055,68.0,99.0,healthy
35.70000076293945,77.0,99.0,healthy
36.29999923706055,74.0,97.0,healthy
36.20000076293945,68.0,97.0,healthy
35.79999923706055,93.0,100.0,healthy
36.20000076293945,75.0,97.0,healthy
36.0,63.0,100.0,healthy
35.79999923706055,66.0,99.0,healthy
36.0,74.0,100.0,healthy
36.0,96.0,99.0,healthy
36.0,94.0,100.0,risky
35.900001525878906,62.0,92.0,healthy
36.5,45.0,97.0,healthy
35.900001525878906,77.0,100.0,healthy
36.20000076293945,65.0,98.0,healthy
36.29999923706055,66.0,99.0,risky
35.79999923706055,68.0,99.0,healthy
28.30000114440918,77.0,97.0,risky
35.60000228881836,60.0,98.0,healthy
35.900001525878906,77.0,98.0,healthy
36.10000228881836,82.0,100.0,healthy
36.5,88.0,100.0,healthy
35.10000228881836,53.0,99.0,healthy
36.79999923706055,67.0,100.0,healthy
36.70000076293945,68.0,98.0,healthy
35.70000076293945,72.0,100.0,healthy
30.100000381469727,83.0,100.0,dangerous
35.400001525878906,78.0,99.0,healthy
35.5,49.0,98.0,healthy
35.60000228881836,63.0,96.0,healthy
35.5,85.0,99.0,healthy
36.70000076293945,91.0,99.0,healthy
36.0,53.0,96.0,healthy
37.10000228881836,68.0,100.0,healthy
36.0,79.0,99.0,healthy
35.400001525878906,76.0,99.0,healthy
36.60000228881836,65.0,97.0,healthy
36.29999923706055,72.0,97.0,healthy
36.5,51.0,100.0,healthy
30.80000114440918,73.0,99.0,risky
36.10000228881836,60.0,97.0,healthy
35.70000076293945,76.0,99.0,healthy
36.20000076293945,67.0,98.0,healthy
36.60000228881836,54.0,100.0,healthy
29.5,74.0,99.0,dangerous
36.0,53.0,99.0,healthy
36.0,83.0,98.0,healthy
35.400001525878906,53.0,100.0,healthy
36.10000228881836,66.0,98.0,healthy
37.5,44.0,96.0,healthy
36.60000228881836,49.0,97.0,healthy
35.79999923706055,55.0,100.0,healthy
35.79999923706055,60.0,99.0,healthy
35.29999923706055,81.0,94.0,risky
35.400001525878906,56.0,100.0,healthy
36.10000228881836,60.0,99.0,healthy
30.5,57.0,100.0,risky
35.400001525878906,52.0,100.0,healthy
36.0,80.0,100.0,risky
35.900001525878906,53.0,99.0,healthy
35.79999923706055,62.0,99.0,healthy
35.60000228881836,76.0,99.0,healthy
36.10000228881836,81.0,100.0,healthy
35.0,69.0,100.0,healthy
35.60000228881836,55.0,95.0,healthy
35.400001525878906,75.0,100.0,healthy
35.20000076293945,71.0,97.0,healthy
36.79999923706055,46.0,100.0,healthy
36.400001525878906,72.0,100.0,healthy
36.0,61.0,99.0,risky
36.29999923706055,104.0,96.0,healthy
36.20000076293945,63.0,100.0,risky
35.79999923706055,48.0,100.0,healthy
36.0,75.0,100.0,healthy
36.0,77.0,96.0,healthy
35.70000076293945,72.0,99.0,healthy
35.60000228881836,56.0,98.0,healthy
35.79999923706055,51.0,98.0,healthy
36.20000076293945,79.0,99.0,healthy
35.79999923706055,78.0,100.0,risky
35.20000076293945,85.0,99.0,healthy
35.60000228881836,47.0,98.0,healthy
36.10000228881836,46.0,96.0,healthy
36.0,71.0,99.0,healthy
35.70000076293945,52.0,99.0,healthy
36.0,64.0,98.0,healthy
36.5,56.0,99.0,healthy
36.400001525878906,56.0,99.0,healthy
35.70000076293945,106.0,93.0,risky
36.0,51.0,99.0,risky
35.900001525878906,67.0,99.0,healthy
36.10000228881836,66.0,99.0,healthy
36.900001525878906,64.0,100.0,healthy
36.0,55.0,84.0,dangerous
35.0,96.0,98.0,healthy
35.400001525878906,52.0,100.0,healthy
36.20000076293945,54.0,99.0,healthy
35.70000076293945,55.0,99.0,healthy
35.70000076293945,55.0,98.0,healthy
35.400001525878906,68.0,99.0,healthy
36.10000228881836,68.0,99.0,healthy
36.10000228881836,86.0,89.0,dangerous
36.0,61.0,99.0,healthy
36.10000228881836,72.0,99.0,healthy
35.10000228881836,60.0,99.0,healthy
35.60000228881836,56.0,100.0,risky
36.20000076293945,100.0,100.0,healthy
36.0,71.0,100.0,healthy
36.79999923706055,62.0,100.0,healthy
36.0,62.0,100.0,healthy
35.70000076293945,58.0,100.0,healthy
34.5,82.0,99.0,risky
35.70000076293945,65.0,99.0,healthy
35.10000228881836,93.0,100.0,healthy
36.5,85.0,100.0,healthy
35.0,79.0,99.0,healthy
35.400001525878906,86.0,100.0,healthy
35.70000076293945,73.0,98.0,healthy
36.10000228881836,68.0,100.0,healthy
35.70000076293945,49.0,99.0,healthy
35.79999923706055,78.0,96.0,risky
35.20000076293945,104.0,98.0,healthy
35.70000076293945,59.0,98.0,healthy
35.20000076293945,63.0,98.0,healthy
36.20000076293945,105.0,100.0,healthy
37.5,86.0,97.0,healthy
36.20000076293945,74.0,99.0,healthy
36.29999923706055,66.0,100.0,healthy
36.20000076293945,63.0,100.0,healthy
35.900001525878906,64.0,98.0,healthy
35.79999923706055,85.0,98.0,healthy
36.400001525878906,79.0,99.0,healthy
35.20000076293945,64.0,98.0,healthy
35.5,51.0,95.0,healthy
36.5,67.0,96.0,healthy
36.70000076293945,150.0,94.0,dangerous
36.400001525878906,66.0,98.0,healthy
35.900001525878906,79.0,100.0,healthy
36.0,53.0,90.0,risky
35.5,72.0,99.0,healthy
36.400001525878906,66.0,96.0,healthy
35.900001525878906,70.0,100.0,healthy
36.0,70.0,100.0,healthy
36.20000076293945,60.0,100.0,healthy
35.60000228881836,95.0,96.0,healthy
36.20000076293945,53.0,99.0,healthy
36.10000228881836,54.0,100.0,healthy
37.0,75.0,97.0,healthy
36.10000228881836,72.0,97.0,healthy
36.20000076293945,68.0,94.0,healthy
36.79999923706055,55.0,99.0,healthy
35.10000228881836,83.0,99.0,healthy
35.70000076293945,53.0,97.0,healthy
35.5,61.0,97.0,healthy
35.900001525878906,74.0,100.0,healthy
36.400001525878906,105.0,99.0,healthy
34.900001525878906,51.0,100.0,risky
36.400001525878906,78.0,97.0,healthy
36.60000228881836,57.0,99.0,healthy
36.10000228881836,100.0,100.0,risky
35.29999923706055,76.0,100.0,healthy
35.29999923706055,79.0,99.0,healthy
36.29999923706055,66.0,99.0,healthy
36.20000076293945,79.0,99.0,healthy
35.900001525878906,56.0,100.0,healthy
35.900001525878906,58.0,100.0,healthy
37.20000076293945,97.0,98.0,risky
35.5,49.0,97.0,healthy
35.60000228881836,83.0,100.0,healthy
35.60000228881836,66.0,99.0,healthy
35.900001525878906,68.0,98.0,risky
36.29999923706055,75.0,100.0,healthy
35.900001525878906,58.0,100.0,healthy
35.5,76.0,100.0,risky
36.0,50.0,98.0,healthy
34.70000076293945,59.0,97.0,risky
35.79999923706055,66.0,84.0,dangerous
36.400001525878906,71.0,99.0,risky
35.900001525878906,77.0,97.0,healthy
36.79999923706055,59.0,99.0,healthy
35.70000076293945,96.0,100.0,healthy
37.29999923706055,82.0,98.0,risky
35.400001525878906,69.0,100.0,risky
35.60000228881836,55.0,99.0,healthy
35.20000076293945,74.0,98.0,healthy
35.70000076293945,106.0,100.0,healthy
34.60000228881836,73.0,98.0,dangerous
36.20000076293945,55.0,100.0,healthy
35.60000228881836,90.0,99.0,healthy
36.60000228881836,58.0,97.0,healthy
35.0,53.0,99.0,healthy
35.70000076293945,85.0,99.0,healthy
36.0,81.0,100.0,risky
36.400001525878906,107.0,100.0,risky
35.60000228881836,72.0,100.0,healthy
36.400001525878906,83.0,100.0,healthy
36.900001525878906,70.0,99.0,healthy
36.400001525878906,54.0,98.0,healthy
36.0,75.0,98.0,healthy
36.29999923706055,63.0,99.0,healthy
35.70000076293945,51.0,100.0,healthy
35.900001525878906,65.0,99.0,healthy
35.900001525878906,58.0,98.0,healthy
34.400001525878906,70.0,99.0,risky
36.79999923706055,71.0,96.0,healthy
35.70000076293945,63.0,99.0,healthy
35.20000076293945,83.0,96.0,healthy
36.5,55.0,99.0,healthy
36.20000076293945,70.0,99.0,healthy
35.5,59.0,99.0,healthy
36.0,58.0,99.0,healthy
35.60000228881836,56.0,99.0,healthy
36.10000228881836,64.0,99.0,healthy
35.70000076293945,53.0,99.0,healthy
36.10000228881836,85.0,99.0,healthy
35.79999923706055,63.0,98.0,healthy
35.70000076293945,70.0,100.0,healthy
35.10000228881836,63.0,99.0,healthy
35.79999923706055,61.0,96.0,healthy
36.20000076293945,67.0,99.0,healthy
36.400001525878906,53.0,99.0,healthy
35.20000076293945,61.0,100.0,healthy
36.29999923706055,82.0,99.0,risky
35.400001525878906,65.0,100.0,risky
35.900001525878906,50.0,99.0,healthy
35.400001525878906,78.0,100.0,healthy
36.20000076293945,50.0,100.0,healthy
36.79999923706055,85.0,99.0,healthy
36.60000228881836,85.0,100.0,healthy
36.79999923706055,58.0,98.0,healthy
35.0,69.0,99.0,healthy
37.0,85.0,99.0,risky
35.5,64.0,99.0,healthy
36.400001525878906,64.0,100.0,healthy
36.0,54.0,99.0,healthy
36.70000076293945,76.0,93.0,healthy
35.70000076293945,56.0,99.0,healthy
36.20000076293945,86.0,98.0,healthy
35.5,55.0,98.0,healthy
35.400001525878906,87.0,98.0,risky
35.70000076293945,57.0,99.0,healthy
36.60000228881836,79.0,100.0,risky
35.400001525878906,77.0,100.0,healthy
35.400001525878906,71.0,97.0,healthy
36.0,60.0,99.0,healthy
36.0,65.0,99.0,healthy
36.29999923706055,85.0,98.0,healthy
36.0,62.0,99.0,healthy
35.29999923706055,73.0,100.0,healthy
35.60000228881836,65.0,100.0,healthy
34.70000076293945,78.0,99.0,dangerous
36.79999923706055,73.0,95.0,healthy
35.400001525878906,76.0,100.0,healthy
36.400001525878906,65.0,100.0,healthy
36.29999923706055,62.0,99.0,healthy
29.700000762939453,77.0,95.0,risky
35.900001525878906,74.0,100.0,healthy
35.60000228881836,61.0,99.0,healthy
36.20000076293945,97.0,100.0,healthy
36.29999923706055,86.0,99.0,risky
36.900001525878906,85.0,98.0,healthy
35.79999923706055,86.0,99.0,risky
36.5,77.0,99.0,healthy
35.400001525878906,73.0,98.0,risky
35.70000076293945,56.0,100.0,healthy
30.5,78.0,98.0,risky
35.5,89.0,100.0,healthy
36.0,52.0,98.0,healthy
35.79999923706055,81.0,99.0,risky
36.20000076293945,63.0,99.0,healthy
35.79999923706055,81.0,99.0,risky
35.5,74.0,100.0,healthy
36.10000228881836,55.0,99.0,risky
35.29999923706055,69.0,98.0,healthy
36.20000076293945,57.0,98.0,healthy
36.0,70.0,95.0,healthy
35.900001525878906,72.0,100.0,healthy
34.29999923706055,81.0,96.0,dangerous
36.29999923706055,78.0,99.0,healthy
35.70000076293945,46.0,95.0,risky
36.29999923706055,78.0,100.0,healthy
36.400001525878906,49.0,99.0,healthy
35.900001525878906,57.0,100.0,healthy
36.10000228881836,72.0,100.0,healthy
35.60000228881836,57.0,100.0,risky
35.60000228881836,73.0,99.0,healthy
31.600000381469727,49.0,100.0,risky
35.70000076293945,76.0,100.0,healthy
35.5,77.0,99.0,healthy
35.900001525878906,76.0,99.0,healthy
35.10000228881836,54.0,99.0,healthy
36.400001525878906,66.0,99.0,healthy
35.900001525878906,83.0,100.0,healthy
36.29999923706055,83.0,95.0,healthy
36.70000076293945,54.0,99.0,healthy
35.900001525878906,89.0,100.0,healthy
35.0,62.0,96.0,healthy
36.79999923706055,56.0,100.0,healthy
35.60000228881836,65.0,97.0,healthy
36.10000228881836,55.0,99.0,healthy
35.0,88.0,100.0,healthy
36.20000076293945,65.0,100.0,healthy
35.5,55.0,99.0,healthy
35.900001525878906,57.0,96.0,healthy
36.0,81.0,95.0,healthy
36.29999923706055,61.0,98.0,healthy
36.29999923706055,73.0,99.0,healthy
36.0,65.0,100.0,healthy
36.400001525878906,62.0,95.0,healthy
36.0,85.0,99.0,healthy
36.60000228881836,59.0,97.0,healthy
35.900001525878906,58.0,99.0,healthy
36.0,77.0,98.0,healthy
35.29999923706055,65.0,100.0,healthy
35.70000076293945,45.0,99.0,healthy
34.900001525878906,61.0,98.0,risky
35.400001525878906,55.0,100.0,healthy
36.29999923706055,56.0,100.0,healthy
35.29999923706055,75.0,100.0,healthy
35.400001525878906,80.0,100.0,healthy
35.400001525878906,45.0,96.0,healthy
36.0,101.0,100.0,healthy
35.5,68.0,97.0,healthy
35.5,76.0,97.0,healthy
36.400001525878906,73.0,99.0,healthy
35.10000228881836,75.0,100.0,healthy
29.0,48.0,99.0,dangerous
35.79999923706055,60.0,96.0,risky
36.20000076293945,58.0,99.0,healthy
35.79999923706055,68.0,100.0,healthy
35.60000228881836,66.0,100.0,healthy
35.79999923706055,76.0,97.0,healthy
36.0,79.0,100.0,risky
36.0,57.0,100.0,healthy
32.20000076293945,58.0,100.0,risky
36.79999923706055,74.0,100.0,risky
35.70000076293945,73.0,99.0,healthy
35.29999923706055,81.0,100.0,healthy
37.0,62.0,99.0,healthy
36.70000076293945,65.0,100.0,risky
35.900001525878906,61.0,100.0,healthy
36.400001525878906,61.0,100.0,healthy
36.0,54.0,99.0,healthy
36.400001525878906,72.0,99.0,healthy
35.79999923706055,53.0,100.0,risky
35.79999923706055,69.0,97.0,healthy
35.5,53.0,100.0,healthy
35.400001525878906,64.0,98.0,healthy
35.60000228881836,63.0,97.0,healthy
29.80000114440918,79.0,96.0,dangerous
36.400001525878906,51.0,99.0,healthy
36.400001525878906,66.0,99.0,healthy
35.60000228881836,60.0,100.0,healthy
35.10000228881836,63.0,99.0,healthy
35.79999923706055,66.0,100.0,healthy
36.400001525878906,57.0,98.0,healthy
35.60000228881836,75.0,98.0,healthy
36.60000228881836,68.0,99.0,healthy
37.0,76.0,98.0,healthy
36.400001525878906,86.0,100.0,healthy
35.400001525878906,80.0,99.0,healthy
35.70000076293945,64.0,100.0,healthy
36.900001525878906,56.0,99.0,healthy
35.900001525878906,82.0,100.0,healthy
36.79999923706055,66.0,98.0,risky
35.900001525878906,70.0,100.0,healthy
35.79999923706055,67.0,98.0,healthy
35.400001525878906,54.0,99.0,healthy
35.79999923706055,68.0,100.0,healthy
36.0,42.0,100.0,healthy
35.5,118.0,100.0,healthy
36.29999923706055,77.0,98.0,healthy
35.20000076293945,73.0,98.0,healthy
34.400001525878906,138.0,99.0,dangerous
35.5,46.0,98.0,healthy
34.60000228881836,61.0,99.0,risky
35.900001525878906,107.0,100.0,healthy
36.10000228881836,86.0,99.0,healthy
36.0,79.0,100.0,healthy
32.400001525878906,69.0,99.0,dangerous
35.70000076293945,55.0,98.0,healthy
35.0,64.0,100.0,healthy
35.29999923706055,64.0,100.0,healthy
35.900001525878906,53.0,96.0,healthy
36.29999923706055,67.0,100.0,healthy
35.79999923706055,49.0,98.0,healthy
36.10000228881836,56.0,100.0,healthy
36.0,82.0,100.0,healthy
29.899999618530273,81.0,97.0,dangerous
35.5,81.0,99.0,healthy
34.29999923706055,69.0,98.0,risky
36.20000076293945,71.0,100.0,risky
35.60000228881836,82.0,98.0,healthy
35.70000076293945,66.0,98.0,healthy
34.79999923706055,87.0,97.0,risky
36.29999923706055,68.0,100.0,risky
36.29999923706055,64.0,99.0,healthy
35.0,91.0,100.0,healthy
35.10000228881836,49.0,98.0,healthy
34.20000076293945,74.0,99.0,dangerous
35.900001525878906,63.0,100.0,healthy
36.20000076293945,101.0,100.0,healthy
36.79999923706055,69.0,98.0,healthy
35.5,104.0,99.0,healthy
36.10000228881836,84.0,99.0,risky
35.900001525878906,71.0,98.0,healthy
33.29999923706055,75.0,100.0,dangerous
35.900001525878906,82.0,98.0,healthy
36.60000228881836,72.0,99.0,healthy
35.400001525878906,59.0,100.0,healthy
36.10000228881836,81.0,98.0,healthy
35.400001525878906,74.0,100.0,healthy
35.400001525878906,67.0,99.0,healthy
35.29999923706055,59.0,99.0,healthy
35.29999923706055,94.0,100.0,healthy
36.79999923706055,55.0,99.0,risky
35.70000076293945,47.0,100.0,healthy
35.20000076293945,66.0,99.0,healthy
35.70000076293945,55.0,99.0,risky
36.5,48.0,100.0,healthy
35.79999923706055,76.0,97.0,healthy
36.5,51.0,100.0,healthy
35.60000228881836,70.0,97.0,healthy
36.29999923706055,61.0,100.0,healthy
32.70000076293945,59.0,99.0,risky
36.0,44.0,96.0,healthy
36.20000076293945,68.0,100.0,healthy
35.400001525878906,86.0,96.0,healthy
36.20000076293945,67.0,100.0,healthy
36.20000076293945,62.0,100.0,healthy
35.400001525878906,55.0,100.0,healthy
36.5,70.0,96.0,healthy
36.400001525878906,85.0,99.0,healthy
35.20000076293945,54.0,97.0,healthy
36.400001525878906,74.0,97.0,healthy
36.29999923706055,54.0,100.0,healthy
36.79999923706055,94.0,98.0,healthy
35.5,68.0,99.0,healthy
36.400001525878906,75.0,98.0,healthy
36.5,58.0,99.0,healthy
36.20000076293945,65.0,100.0,healthy
35.29999923706055,82.0,98.0,healthy
34.60000228881836,63.0,100.0,risky
35.400001525878906,45.0,100.0,healthy
36.60000228881836,62.0,100.0,healthy
35.70000076293945,62.0,99.0,healthy
36.5,72.0,99.0,healthy
35.400001525878906,59.0,99.0,healthy
35.20000076293945,62.0,99.0,healthy
36.29999923706055,58.0,97.0,healthy
36.5,73.0,99.0,healthy
36.10000228881836,95.0,98.0,healthy
35.60000228881836,68.0,98.0,healthy
35.400001525878906,67.0,99.0,healthy
36.70000076293945,74.0,98.0,healthy
36.79999923706055,66.0,100.0,healthy
35.60000228881836,83.0,100.0,healthy
35.900001525878906,77.0,97.0,healthy
36.5,75.0,100.0,healthy
35.79999923706055,68.0,99.0,healthy
36.0,53.0,99.0,healthy
36.10000228881836,66.0,99.0,risky
35.900001525878906,64.0,99.0,risky
35.400001525878906,79.0,99.0,healthy
36.70000076293945,88.0,99.0,healthy
34.900001525878906,69.0,100.0,risky
35.5,46.0,97.0,healthy
36.60000228881836,70.0,99.0,healthy
36.10000228881836,79.0,99.0,healthy
35.5,74.0,99.0,healthy
34.900001525878906,67.0,96.0,risky
35.60000228881836,60.0,98.0,healthy
36.0,54.0,100.0,healthy
36.20000076293945,97.0,99.0,healthy
36.20000076293945,63.0,99.0,healthy
35.70000076293945,63.0,100.0,risky
36.0,62.0,100.0,healthy
35.70000076293945,56.0,100.0,healthy
36.400001525878906,81.0,99.0,healthy
34.79999923706055,79.0,100.0,dangerous
36.10000228881836,55.0,98.0,healthy
35.400001525878906,71.0,96.0,healthy
36.10000228881836,63.0,98.0,healthy
36.0,105.0,52.0,dangerous
36.20000076293945,57.0,98.0,healthy
35.400001525878906,68.0,99.0,healthy
35.60000228881836,47.0,99.0,healthy
35.79999923706055,74.0,99.0,risky
35.400001525878906,80.0,98.0,risky
35.900001525878906,70.0,100.0,healthy
36.70000076293945,85.0,100.0,risky
35.60000228881836,48.0,100.0,healthy
36.20000076293945,58.0,98.0,healthy
36.20000076293945,51.0,99.0,healthy
35.0,60.0,99.0,healthy
36.5,62.0,100.0,healthy
34.5,93.0,99.0,dangerous
35.70000076293945,68.0,98.0,healthy
35.5,70.0,100.0,healthy
34.60000228881836,69.0,99.0,risky
36.900001525878906,95.0,98.0,healthy
35.5,48.0,99.0,healthy
36.10000228881836,79.0,98.0,healthy
35.900001525878906,95.0,99.0,healthy
35.400001525878906,80.0,99.0,risky
35.70000076293945,82.0,100.0,healthy
35.60000228881836,71.0,98.0,healthy
35.20000076293945,74.0,97.0,healthy
36.0,89.0,99.0,healthy
35.79999923706055,48.0,95.0,healthy
35.900001525878906,58.0,98.0,healthy
34.70000076293945,63.0,97.0,risky
35.900001525878906,56.0,97.0,healthy
36.0,99.0,99.0,healthy
36.400001525878906,67.0,97.0,healthy
35.400001525878906,57.0,98.0,risky
35.400001525878906,79.0,100.0,healthy
35.900001525878906,63.0,100.0,healthy
36.20000076293945,74.0,100.0,healthy
35.5,82.0,100.0,healthy
36.70000076293945,65.0,98.0,healthy
35.400001525878906,67.0,100.0,healthy
35.900001525878906,68.0,91.0,risky
32.5,92.0,100.0,dangerous
36.20000076293945,85.0,97.0,healthy
36.20000076293945,66.0,100.0,healthy
35.5,44.0,99.0,healthy
36.20000076293945,62.0,100.0,healthy
31.899999618530273,73.0,97.0,dangerous
34.0,129.0,99.0,risky
35.900001525878906,63.0,98.0,healthy
36.10000228881836,75.0,98.0,healthy
33.5,69.0,100.0,dangerous
36.400001525878906,69.0,99.0,healthy
35.60000228881836,64.0,98.0,healthy
35.400001525878906,61.0,99.0,healthy
36.70000076293945,72.0,99.0,healthy
35.70000076293945,60.0,100.0,healthy
36.20000076293945,49.0,98.0,healthy
36.10000228881836,69.0,98.0,healthy
36.400001525878906,76.0,100.0,risky
35.60000228881836,63.0,98.0,healthy
36.10000228881836,58.0,98.0,healthy
35.79999923706055,67.0,99.0,healthy
36.400001525878906,46.0,100.0,healthy
35.5,62.0,99.0,healthy
36.900001525878906,76.0,97.0,healthy
34.20000076293945,64.0,100.0,risky
36.10000228881836,83.0,98.0,healthy
34.900001525878906,45.0,99.0,dangerous
35.79999923706055,54.0,98.0,healthy
35.10000228881836,64.0,98.0,healthy
35.79999923706055,58.0,98.0,healthy
35.70000076293945,74.0,99.0,healthy
36.10000228881836,62.0,100.0,healthy
35.5,56.0,97.0,healthy
36.60000228881836,77.0,98.0,healthy
36.5,96.0,99.0,risky
35.900001525878906,48.0,97.0,healthy
36.5,89.0,99.0,healthy
35.10000228881836,112.0,97.0,healthy
36.60000228881836,70.0,100.0,healthy
36.5,86.0,94.0,healthy
35.400001525878906,63.0,99.0,healthy
35.70000076293945,64.0,100.0,healthy
37.0,76.0,99.0,healthy
35.20000076293945,57.0,98.0,healthy
34.79999923706055,60.0,98.0,dangerous
36.10000228881836,62.0,86.0,dangerous
35.79999923706055,62.0,100.0,healthy
34.70000076293945,58.0,100.0,dangerous
36.29999923706055,80.0,99.0,healthy
35.79999923706055,82.0,99.0,healthy
35.10000228881836,60.0,94.0,healthy
35.79999923706055,58.0,100.0,healthy
35.70000076293945,58.0,98.0,healthy
36.0,78.0,100.0,healthy
35.900001525878906,66.0,100.0,healthy
36.10000228881836,83.0,98.0,healthy
35.900001525878906,71.0,99.0,healthy
36.0,69.0,100.0,risky
36.400001525878906,71.0,99.0,healthy
35.10000228881836,71.0,100.0,healthy
35.60000228881836,67.0,99.0,healthy
35.79999923706055,60.0,99.0,healthy
37.0,90.0,100.0,healthy
37.29999923706055,83.0,97.0,healthy
36.900001525878906,76.0,99.0,healthy
36.5,80.0,100.0,healthy
36.70000076293945,92.0,100.0,healthy
36.79999923706055,67.0,99.0,healthy
36.10000228881836,62.0,98.0,healthy
36.70000076293945,70.0,99.0,healthy
35.900001525878906,56.0,99.0,healthy
35.79999923706055,99.0,100.0,healthy
36.29999923706055,70.0,100.0,healthy
36.79999923706055,94.0,100.0,healthy
35.60000228881836,62.0,100.0,healthy
36.900001525878906,61.0,98.0,healthy
35.29999923706055,92.0,97.0,healthy
36.29999923706055,54.0,100.0,healthy
34.0,83.0,100.0,dangerous
31.700000762939453,65.0,97.0,dangerous
35.900001525878906,55.0,100.0,healthy
36.60000228881836,60.0,98.0,healthy
35.900001525878906,65.0,100.0,healthy
36.20000076293945,56.0,100.0,healthy
36.10000228881836,85.0,99.0,healthy
34.70000076293945,90.0,99.0,dangerous
35.10000228881836,84.0,98.0,healthy
35.400001525878906,49.0,99.0,healthy
36.10000228881836,87.0,98.0,healthy
36.0,95.0,100.0,healthy
34.900001525878906,70.0,100.0,risky
35.60000228881836,89.0,97.0,healthy
35.60000228881836,84.0,98.0,healthy
35.0,81.0,100.0,healthy
35.5,50.0,100.0,healthy
35.29999923706055,47.0,99.0,healthy
35.10000228881836,66.0,99.0,healthy
35.79999923706055,69.0,99.0,healthy
36.70000076293945,51.0,97.0,healthy
35.10000228881836,76.0,98.0,healthy
35.60000228881836,66.0,100.0,healthy
36.70000076293945,63.0,100.0,healthy
35.60000228881836,75.0,99.0,healthy
35.900001525878906,81.0,98.0,healthy
36.0,61.0,100.0,healthy
35.900001525878906,91.0,100.0,risky
37.10000228881836,61.0,100.0,healthy
36.900001525878906,60.0,100.0,risky
36.20000076293945,57.0,99.0,healthy
36.79999923706055,81.0,99.0,healthy
36.29999923706055,70.0,97.0,healthy
35.900001525878906,80.0,98.0,healthy
36.900001525878906,67.0,98.0,healthy
36.0,63.0,97.0,healthy
35.70000076293945,64.0,99.0,risky
35.900001525878906,62.0,100.0,healthy
35.900001525878906,70.0,99.0,risky
35.70000076293945,66.0,99.0,healthy
35.29999923706055,71.0,99.0,healthy
35.29999923706055,57.0,100.0,healthy
35.79999923706055,66.0,99.0,healthy
36.79999923706055,66.0,99.0,healthy
35.79999923706055,55.0,96.0,healthy
28.30000114440918,76.0,100.0,risky
34.79999923706055,70.0,97.0,risky
34.79999923706055,63.0,97.0,risky
36.20000076293945,96.0,100.0,healthy
36.70000076293945,86.0,100.0,healthy
35.79999923706055,74.0,99.0,healthy
36.5,66.0,100.0,risky
36.400001525878906,98.0,100.0,healthy
35.60000228881836,80.0,100.0,risky
36.10000228881836,76.0,100.0,healthy
35.20000076293945,68.0,86.0,dangerous
35.29999923706055,50.0,99.0,healthy
35.79999923706055,73.0,99.0,risky
35.10000228881836,42.0,98.0,healthy
35.900001525878906,65.0,99.0,healthy
35.60000228881836,61.0,99.0,risky
36.5,58.0,98.0,healthy
35.79999923706055,80.0,99.0,healthy
36.10000228881836,73.0,99.0,healthy
35.400001525878906,68.0,100.0,healthy
36.60000228881836,72.0,100.0,healthy
36.5,76.0,97.0,healthy
33.29999923706055,87.0,99.0,dangerous
35.60000228881836,83.0,100.0,healthy
36.20000076293945,68.0,96.0,healthy
35.10000228881836,56.0,99.0,healthy
35.70000076293945,53.0,98.0,healthy
31.700000762939453,66.0,99.0,risky
35.79999923706055,51.0,100.0,healthy
35.70000076293945,57.0,100.0,healthy
35.400001525878906,63.0,99.0,healthy
35.10000228881836,55.0,100.0,healthy
35.400001525878906,54.0,99.0,healthy
35.70000076293945,87.0,97.0,healthy
36.10000228881836,55.0,99.0,healthy
35.79999923706055,55.0,98.0,healthy
36.79999923706055,54.0,99.0,healthy
35.29999923706055,82.0,100.0,healthy
36.70000076293945,79.0,99.0,healthy
36.60000228881836,68.0,95.0,healthy
36.5,87.0,96.0,healthy
36.70000076293945,61.0,100.0,healthy
36.60000228881836,78.0,100.0,risky
35.10000228881836,88.0,94.0,healthy
35.5,87.0,95.0,healthy
36.10000228881836,61.0,100.0,healthy
36.5,65.0,99.0,healthy
36.10000228881836,82.0,100.0,healthy
35.29999923706055,51.0,100.0,healthy
36.29999923706055,54.0,100.0,healthy
36.29999923706055,68.0,99.0,risky
35.29999923706055,77.0,100.0,risky
35.60000228881836,66.0,98.0,healthy
35.29999923706055,71.0,96.0,healthy
35.0,66.0,98.0,healthy
36.0,71.0,98.0,healthy
36.10000228881836,90.0,98.0,healthy
36.10000228881836,72.0,98.0,healthy
36.70000076293945,71.0,96.0,healthy
36.400001525878906,86.0,100.0,healthy
36.70000076293945,63.0,100.0,healthy
36.10000228881836,96.0,100.0,healthy
36.0,73.0,99.0,healthy
36.70000076293945,78.0,96.0,healthy
35.70000076293945,88.0,100.0,risky
36.10000228881836,52.0,99.0,healthy
35.70000076293945,46.0,99.0,healthy
35.60000228881836,72.0,99.0,healthy
35.900001525878906,63.0,99.0,healthy
35.29999923706055,66.0,98.0,healthy
33.900001525878906,141.0,99.0,dangerous
35.79999923706055,59.0,99.0,healthy
36.10000228881836,83.0,99.0,healthy
36.10000228881836,49.0,99.0,risky
35.5,54.0,99.0,healthy
35.70000076293945,67.0,99.0,healthy
36.5,58.0,98.0,healthy
36.10000228881836,58.0,100.0,healthy
36.0,64.0,99.0,healthy
36.20000076293945,71.0,99.0,healthy
35.79999923706055,67.0,97.0,healthy
35.5,73.0,99.0,healthy
36.400001525878906,67.0,98.0,healthy
35.900001525878906,86.0,100.0,healthy
35.60000228881836,69.0,98.0,healthy
36.29999923706055,68.0,100.0,healthy
35.5,81.0,99.0,healthy
36.0,73.0,99.0,healthy
35.400001525878906,74.0,99.0,healthy
35.60000228881836,73.0,96.0,healthy
36.5,91.0,99.0,healthy
35.5,78.0,98.0,healthy
36.29999923706055,79.0,100.0,healthy
35.29999923706055,52.0,98.0,healthy
36.10000228881836,64.0,99.0,healthy
35.70000076293945,73.0,97.0,healthy
35.29999923706055,66.0,100.0,healthy
35.10000228881836,100.0,100.0,healthy
35.400001525878906,63.0,96.0,healthy
35.400001525878906,72.0,97.0,healthy
36.20000076293945,73.0,100.0,healthy
36.400001525878906,60.0,100.0,healthy
35.900001525878906,75.0,100.0,healthy
36.29999923706055,77.0,100.0,risky
36.5,105.0,99.0,healthy
36.29999923706055,64.0,99.0,risky
35.20000076293945,71.0,99.0,healthy
36.79999923706055,89.0,99.0,healthy
34.400001525878906,65.0,100.0,risky
37.900001525878906,117.0,98.0,healthy
37.0,90.0,100.0,healthy
34.0,145.0,99.0,dangerous
36.0,93.0,98.0,healthy
36.10000228881836,88.0,99.0,healthy
36.60000228881836,72.0,98.0,healthy
34.400001525878906,106.0,100.0,dangerous
36.0,63.0,98.0,risky
34.900001525878906,64.0,99.0,dangerous
36.10000228881836,78.0,98.0,healthy
35.70000076293945,63.0,100.0,healthy
36.5,71.0,98.0,risky
36.20000076293945,80.0,99.0,risky
36.0,56.0,99.0,healthy
35.0,94.0,100.0,healthy
36.29999923706055,45.0,98.0,healthy
36.29999923706055,66.0,100.0,healthy
36.20000076293945,63.0,99.0,healthy
36.29999923706055,68.0,100.0,healthy
35.70000076293945,72.0,99.0,healthy
35.79999923706055,57.0,100.0,healthy
35.79999923706055,86.0,90.0,dangerous
36.60000228881836,112.0,100.0,healthy
35.900001525878906,59.0,100.0,risky
36.29999923706055,60.0,97.0,healthy
37.900001525878906,91.0,100.0,healthy
36.400001525878906,81.0,99.0,healthy
35.60000228881836,60.0,99.0,healthy
35.70000076293945,65.0,98.0,healthy
35.70000076293945,62.0,100.0,healthy
36.29999923706055,79.0,97.0,healthy
34.70000076293945,78.0,99.0,risky
36.10000228881836,58.0,100.0,healthy
35.29999923706055,72.0,99.0,healthy
35.79999923706055,90.0,100.0,risky
35.5,59.0,100.0,healthy
36.5,69.0,100.0,healthy
35.5,52.0,98.0,risky
35.5,69.0,97.0,healthy
35.900001525878906,66.0,96.0,healthy
36.29999923706055,104.0,100.0,healthy
36.29999923706055,55.0,100.0,healthy
35.5,120.0,98.0,healthy
34.60000228881836,59.0,95.0,dangerous
31.80000114440918,63.0,100.0,dangerous
35.0,61.0,98.0,healthy
34.900001525878906,59.0,99.0,dangerous
36.29999923706055,49.0,99.0,healthy
35.60000228881836,63.0,99.0,healthy
36.60000228881836,76.0,98.0,healthy
36.70000076293945,71.0,99.0,healthy
35.5,88.0,98.0,healthy
36.0,61.0,99.0,healthy
36.79999923706055,56.0,98.0,healthy
34.70000076293945,108.0,100.0,dangerous
36.10000228881836,81.0,100.0,healthy
35.20000076293945,69.0,100.0,healthy
35.5,67.0,100.0,healthy
36.0,52.0,100.0,healthy
35.79999923706055,52.0,100.0,healthy
36.5,76.0,99.0,healthy
36.400001525878906,67.0,99.0,healthy
35.900001525878906,51.0,96.0,healthy
35.79999923706055,62.0,97.0,healthy
36.400001525878906,106.0,100.0,healthy
36.400001525878906,143.0,98.0,risky
36.0,64.0,99.0,healthy
35.900001525878906,68.0,100.0,healthy
36.60000228881836,76.0,98.0,healthy
37.20000076293945,98.0,100.0,healthy
36.0,56.0,100.0,healthy
35.70000076293945,78.0,100.0,healthy
36.0,78.0,100.0,healthy
36.20000076293945,68.0,94.0,healthy
37.400001525878906,63.0,99.0,healthy
36.400001525878906,96.0,96.0,healthy
35.10000228881836,94.0,98.0,healthy
35.900001525878906,89.0,100.0,healthy
35.70000076293945,60.0,99.0,healthy
36.20000076293945,76.0,99.0,healthy
36.0,110.0,100.0,healthy
36.5,55.0,100.0,healthy
33.400001525878906,64.0,100.0,risky
36.60000228881836,74.0,97.0,healthy
36.60000228881836,67.0,100.0,healthy
36.29999923706055,82.0,99.0,risky
36.0,54.0,99.0,healthy
35.400001525878906,67.0,100.0,healthy
36.79999923706055,56.0,99.0,healthy
36.60000228881836,84.0,99.0,healthy
36.5,66.0,97.0,healthy
35.900001525878906,80.0,99.0,healthy
35.79999923706055,74.0,95.0,healthy
36.20000076293945,70.0,98.0,healthy
37.20000076293945,89.0,99.0,healthy
36.20000076293945,71.0,85.0,dangerous
35.400001525878906,63.0,98.0,healthy
36.400001525878906,68.0,100.0,risky
35.70000076293945,51.0,100.0,healthy
36.20000076293945,63.0,99.0,healthy
35.20000076293945,50.0,98.0,healthy
35.400001525878906,60.0,100.0,healthy
35.70000076293945,60.0,98.0,healthy
35.5,88.0,100.0,healthy
36.0,79.0,99.0,healthy
36.0,75.0,98.0,healthy
35.5,65.0,98.0,healthy
35.900001525878906,50.0,100.0,healthy
36.10000228881836,104.0,99.0,risky
35.20000076293945,71.0,99.0,risky
35.79999923706055,50.0,100.0,healthy
36.0,54.0,99.0,healthy
36.10000228881836,77.0,99.0,healthy
36.400001525878906,81.0,98.0,healthy
36.20000076293945,71.0,100.0,healthy
35.900001525878906,43.0,97.0,healthy
35.79999923706055,65.0,85.0,dangerous
35.400001525878906,55.0,98.0,healthy
36.20000076293945,82.0,99.0,healthy
36.400001525878906,65.0,99.0,healthy
36.5,76.0,99.0,healthy
35.70000076293945,59.0,97.0,healthy
36.20000076293945,70.0,96.0,healthy
36.0,52.0,99.0,healthy
35.79999923706055,68.0,98.0,risky
35.400001525878906,61.0,100.0,healthy
35.20000076293945,56.0,99.0,healthy
36.20000076293945,60.0,99.0,risky
35.400001525878906,51.0,100.0,risky
35.29999923706055,68.0,95.0,healthy
36.10000228881836,78.0,97.0,healthy
36.20000076293945,92.0,99.0,healthy
36.20000076293945,59.0,97.0,healthy
36.20000076293945,61.0,99.0,healthy
35.79999923706055,60.0,99.0,healthy
35.900001525878906,79.0,98.0,healthy
36.0,53.0,100.0,healthy
36.10000228881836,115.0,99.0,healthy
35.5,61.0,98.0,risky
36.60000228881836,71.0,98.0,healthy
36.79999923706055,56.0,100.0,healthy
35.900001525878906,71.0,98.0,healthy
35.900001525878906,59.0,96.0,healthy
35.0,39.0,99.0,risky
36.29999923706055,75.0,99.0,healthy
36.79999923706055,68.0,97.0,healthy
34.10000228881836,51.0,99.0,dangerous
35.70000076293945,56.0,100.0,healthy
36.60000228881836,83.0,100.0,risky
35.70000076293945,50.0,99.0,healthy
35.79999923706055,55.0,100.0,healthy
36.60000228881836,77.0,98.0,risky
35.60000228881836,81.0,98.0,risky
35.900001525878906,58.0,99.0,healthy
28.200000762939453,75.0,100.0,risky
35.20000076293945,87.0,100.0,healthy
35.5,71.0,99.0,healthy
37.0,89.0,100.0,healthy
36.10000228881836,81.0,100.0,healthy
36.10000228881836,73.0,100.0,healthy
36.5,73.0,99.0,risky
35.900001525878906,45.0,99.0,healthy
36.0,114.0,99.0,risky
37.10000228881836,87.0,98.0,healthy
35.0,64.0,97.0,risky
35.29999923706055,118.0,100.0,risky
36.900001525878906,59.0,99.0,healthy
35.29999923706055,71.0,99.0,healthy
36.0,85.0,95.0,healthy
34.60000228881836,62.0,100.0,risky
35.900001525878906,99.0,99.0,healthy
35.400001525878906,67.0,100.0,healthy
36.400001525878906,61.0,99.0,healthy
35.900001525878906,55.0,99.0,healthy
36.900001525878906,63.0,100.0,healthy
35.29999923706055,63.0,97.0,healthy
35.79999923706055,92.0,97.0,healthy
36.10000228881836,55.0,99.0,healthy
35.20000076293945,77.0,99.0,healthy
35.70000076293945,67.0,97.0,healthy
36.20000076293945,66.0,99.0,healthy
36.0,53.0,98.0,healthy
36.10000228881836,46.0,99.0,healthy
35.70000076293945,68.0,97.0,healthy
35.79999923706055,71.0,98.0,healthy
35.900001525878906,57.0,100.0,risky
37.5,77.0,100.0,healthy
35.60000228881836,57.0,98.0,healthy
36.5,57.0,100.0,healthy
36.400001525878906,90.0,100.0,healthy
36.400001525878906,72.0,96.0,risky
37.10000228881836,117.0,97.0,healthy
36.29999923706055,75.0,99.0,healthy
36.400001525878906,71.0,99.0,healthy
36.0,61.0,97.0,healthy
36.0,64.0,100.0,healthy
35.400001525878906,60.0,98.0,healthy
36.10000228881836,51.0,100.0,healthy
36.20000076293945,92.0,99.0,healthy
34.5,78.0,100.0,risky
36.400001525878906,60.0,96.0,healthy
34.400001525878906,48.0,99.0,risky
35.400001525878906,55.0,99.0,healthy
35.5,48.0,99.0,healthy
35.70000076293945,99.0,100.0,healthy
35.70000076293945,68.0,98.0,healthy
37.0,64.0,100.0,healthy
36.20000076293945,65.0,99.0,healthy
35.79999923706055,107.0,97.0,risky
36.20000076293945,76.0,99.0,healthy
35.400001525878906,84.0,99.0,healthy
36.400001525878906,75.0,99.0,risky
35.79999923706055,89.0,100.0,risky
33.79999923706055,80.0,100.0,risky
36.29999923706055,59.0,98.0,healthy
37.900001525878906,104.0,97.0,risky
36.0,59.0,97.0,healthy
36.60000228881836,151.0,97.0,dangerous
36.5,72.0,96.0,healthy
35.10000228881836,65.0,97.0,healthy
28.100000381469727,73.0,100.0,dangerous
35.5,75.0,99.0,healthy
36.29999923706055,70.0,98.0,healthy
35.0,82.0,99.0,healthy
36.5,55.0,100.0,healthy
35.79999923706055,72.0,98.0,healthy
36.29999923706055,45.0,100.0,healthy
35.79999923706055,76.0,99.0,healthy
35.60000228881836,75.0,98.0,healthy
35.10000228881836,83.0,100.0,risky
35.5,81.0,99.0,healthy
36.10000228881836,67.0,98.0,healthy
35.60000228881836,65.0,98.0,healthy
36.79999923706055,83.0,95.0,healthy
36.400001525878906,53.0,100.0,healthy
36.29999923706055,89.0,97.0,healthy
35.70000076293945,72.0,98.0,healthy
37.20000076293945,96.0,98.0,healthy
33.400001525878906,65.0,100.0,risky
36.10000228881836,56.0,100.0,healthy
35.79999923706055,76.0,98.0,healthy
36.0,76.0,99.0,healthy
36.70000076293945,64.0,99.0,healthy
35.5,76.0,94.0,healthy
35.79999923706055,63.0,99.0,healthy
35.79999923706055,73.0,97.0,healthy
36.29999923706055,57.0,100.0,healthy
36.10000228881836,56.0,100.0,risky
35.29999923706055,102.0,100.0,healthy
36.400001525878906,76.0,100.0,healthy
36.0,63.0,100.0,healthy
35.60000228881836,124.0,97.0,dangerous
35.29999923706055,86.0,99.0,healthy
35.400001525878906,49.0,99.0,risky
35.400001525878906,54.0,98.0,healthy
35.900001525878906,71.0,100.0,healthy
35.20000076293945,67.0,100.0,healthy
36.400001525878906,63.0,100.0,healthy
36.29999923706055,76.0,99.0,healthy
29.0,74.0,96.0,dangerous
35.400001525878906,70.0,98.0,healthy
35.0,64.0,98.0,healthy
36.20000076293945,89.0,99.0,healthy
35.10000228881836,87.0,100.0,healthy
35.20000076293945,160.0,99.0,risky
36.10000228881836,68.0,95.0,healthy
36.20000076293945,45.0,100.0,healthy
36.29999923706055,63.0,100.0,healthy
36.0,75.0,99.0,healthy
35.400001525878906,51.0,100.0,healthy
36.10000228881836,82.0,99.0,healthy
35.900001525878906,66.0,100.0,healthy
35.70000076293945,83.0,100.0,healthy
36.400001525878906,55.0,100.0,healthy
28.600000381469727,80.0,95.0,dangerous
34.70000076293945,79.0,99.0,dangerous
36.20000076293945,69.0,100.0,risky
35.900001525878906,89.0,99.0,healthy
36.10000228881836,101.0,96.0,healthy
36.29999923706055,66.0,100.0,healthy
35.5,57.0,97.0,healthy
35.900001525878906,85.0,100.0,healthy
35.20000076293945,51.0,97.0,healthy
35.400001525878906,56.0,97.0,healthy
34.5,69.0,100.0,dangerous
35.60000228881836,52.0,99.0,healthy
36.10000228881836,68.0,99.0,healthy
36.5,86.0,95.0,healthy
36.60000228881836,80.0,100.0,healthy
35.900001525878906,103.0,99.0,healthy
36.400001525878906,56.0,99.0,healthy
36.0,70.0,100.0,healthy
29.700000762939453,80.0,97.0,dangerous
36.29999923706055,79.0,100.0,healthy
36.400001525878906,62.0,96.0,risky
36.20000076293945,50.0,96.0,healthy
36.60000228881836,54.0,97.0,healthy
35.79999923706055,83.0,98.0,healthy
35.5,48.0,97.0,healthy
36.0,82.0,94.0,healthy
36.400001525878906,58.0,98.0,healthy
36.400001525878906,77.0,100.0,healthy
35.900001525878906,66.0,99.0,healthy
35.60000228881836,67.0,100.0,healthy
32.900001525878906,79.0,100.0,risky
35.900001525878906,69.0,100.0,healthy
36.10000228881836,71.0,99.0,healthy
34.29999923706055,93.0,93.0,risky
35.29999923706055,77.0,99.0,healthy
36.5,77.0,99.0,healthy
36.20000076293945,87.0,98.0,healthy
35.60000228881836,85.0,94.0,healthy
35.60000228881836,61.0,98.0,healthy
35.400001525878906,60.0,99.0,healthy
36.60000228881836,55.0,98.0,healthy
36.0,71.0,99.0,healthy
35.79999923706055,110.0,100.0,healthy
35.60000228881836,65.0,99.0,healthy
30.200000762939453,52.0,99.0,risky
35.70000076293945,71.0,97.0,healthy
35.70000076293945,54.0,100.0,risky
35.400001525878906,101.0,100.0,healthy
36.70000076293945,84.0,99.0,healthy
35.70000076293945,51.0,100.0,healthy
36.0,54.0,98.0,healthy
36.20000076293945,76.0,99.0,risky
35.900001525878906,54.0,100.0,healthy
35.10000228881836,55.0,99.0,healthy
35.29999923706055,68.0,99.0,healthy
35.5,77.0,98.0,healthy
36.5,54.0,99.0,healthy
36.0,69.0,96.0,healthy
36.20000076293945,95.0,95.0,healthy
35.5,84.0,97.0,risky
36.900001525878906,138.0,96.0,dangerous
35.400001525878906,75.0,95.0,risky
36.400001525878906,71.0,100.0,risky
36.20000076293945,61.0,99.0,healthy
35.70000076293945,57.0,98.0,healthy
36.29999923706055,76.0,100.0,risky
30.0,54.0,99.0,risky
35.5,48.0,98.0,healthy
28.80000114440918,91.0,100.0,risky
36.400001525878906,57.0,100.0,healthy
35.400001525878906,69.0,98.0,healthy
36.20000076293945,76.0,99.0,healthy
36.400001525878906,69.0,100.0,risky
36.29999923706055,78.0,100.0,risky
36.0,56.0,99.0,healthy
36.400001525878906,68.0,100.0,healthy
36.20000076293945,66.0,99.0,healthy
34.900001525878906,78.0,100.0,risky
36.10000228881836,65.0,100.0,healthy
36.400001525878906,61.0,98.0,risky
35.0,63.0,99.0,healthy
36.29999923706055,59.0,99.0,healthy
35.900001525878906,65.0,97.0,healthy
36.60000228881836,71.0,98.0,healthy
36.20000076293945,80.0,100.0,healthy
36.5,67.0,98.0,healthy
36.20000076293945,47.0,97.0,healthy
35.79999923706055,54.0,99.0,healthy
35.29999923706055,66.0,99.0,healthy
36.20000076293945,52.0,100.0,healthy
34.10000228881836,64.0,98.0,risky
35.60000228881836,61.0,97.0,healthy
36.20000076293945,61.0,99.0,healthy
36.900001525878906,82.0,100.0,healthy
35.70000076293945,76.0,99.0,healthy
35.900001525878906,97.0,100.0,healthy
35.60000228881836,59.0,99.0,healthy
35.400001525878906,87.0,100.0,risky
35.70000076293945,86.0,99.0,healthy
36.10000228881836,61.0,98.0,healthy
36.400001525878906,90.0,100.0,healthy
35.400001525878906,63.0,100.0,healthy
35.900001525878906,64.0,100.0,healthy
35.900001525878906,68.0,97.0,healthy
36.10000228881836,71.0,99.0,healthy
36.0,62.0,99.0,healthy
36.20000076293945,60.0,98.0,healthy
35.79999923706055,74.0,100.0,healthy
36.400001525878906,70.0,98.0,risky
34.5,59.0,99.0,risky
36.79999923706055,79.0,95.0,healthy
35.400001525878906,58.0,100.0,healthy
35.70000076293945,86.0,100.0,healthy
35.29999923706055,52.0,98.0,healthy
35.900001525878906,55.0,97.0,healthy
35.79999923706055,61.0,96.0,healthy
37.10000228881836,69.0,99.0,healthy
35.5,52.0,98.0,healthy
35.60000228881836,74.0,100.0,healthy
36.29999923706055,78.0,99.0,healthy
35.29999923706055,75.0,100.0,healthy
36.79999923706055,83.0,97.0,healthy
37.10000228881836,101.0,95.0,healthy
35.79999923706055,65.0,99.0,healthy
36.400001525878906,70.0,97.0,healthy
36.70000076293945,58.0,98.0,healthy
35.900001525878906,83.0,99.0,risky
35.79999923706055,94.0,100.0,healthy
35.29999923706055,73.0,99.0,risky
36.10000228881836,46.0,97.0,healthy
35.900001525878906,59.0,100.0,healthy
36.0,91.0,99.0,healthy
36.20000076293945,79.0,99.0,healthy
36.400001525878906,77.0,100.0,risky
35.70000076293945,70.0,99.0,risky
33.5,68.0,99.0,dangerous
36.5,55.0,100.0,risky
36.79999923706055,57.0,98.0,healthy
35.900001525878906,70.0,98.0,healthy
35.900001525878906,67.0,100.0,healthy
34.70000076293945,77.0,99.0,risky
35.29999923706055,73.0,97.0,healthy
36.0,62.0,100.0,healthy
35.5,106.0,99.0,healthy
35.900001525878906,66.0,100.0,healthy
36.0,54.0,98.0,healthy
36.400001525878906,57.0,99.0,healthy
36.5,51.0,100.0,healthy
35.29999923706055,65.0,98.0,healthy
35.900001525878906,87.0,100.0,healthy
35.79999923706055,61.0,100.0,healthy
36.20000076293945,65.0,99.0,healthy
36.60000228881836,91.0,99.0,healthy
36.60000228881836,69.0,98.0,healthy
36.0,86.0,99.0,healthy
36.0,57.0,100.0,healthy
36.29999923706055,67.0,97.0,healthy
35.0,69.0,98.0,healthy
34.400001525878906,67.0,99.0,risky
36.10000228881836,45.0,99.0,healthy
35.5,49.0,97.0,healthy
35.20000076293945,67.0,98.0,healthy
35.70000076293945,51.0,98.0,healthy
35.79999923706055,56.0,95.0,healthy
36.900001525878906,75.0,93.0,healthy
35.70000076293945,79.0,96.0,risky
36.20000076293945,64.0,99.0,healthy
35.60000228881836,102.0,100.0,healthy
34.900001525878906,58.0,99.0,dangerous
35.0,49.0,99.0,healthy
35.20000076293945,103.0,99.0,risky
35.60000228881836,60.0,98.0,risky
35.0,73.0,100.0,healthy
35.20000076293945,72.0,99.0,risky
35.900001525878906,81.0,99.0,healthy
36.10000228881836,67.0,100.0,healthy
35.900001525878906,64.0,99.0,healthy
36.0,54.0,100.0,healthy
36.20000076293945,78.0,96.0,healthy
35.70000076293945,63.0,97.0,healthy
36.10000228881836,63.0,100.0,risky
35.79999923706055,79.0,94.0,healthy
36.70000076293945,77.0,97.0,healthy
36.0,75.0,100.0,healthy
35.400001525878906,85.0,86.0,dangerous
34.10000228881836,47.0,97.0,risky
36.400001525878906,79.0,100.0,risky
35.60000228881836,49.0,98.0,healthy
35.60000228881836,87.0,100.0,risky
35.79999923706055,59.0,99.0,healthy
35.79999923706055,64.0,95.0,healthy
36.20000076293945,85.0,99.0,healthy
35.900001525878906,60.0,100.0,healthy
35.70000076293945,69.0,99.0,risky
35.900001525878906,79.0,96.0,risky
35.70000076293945,60.0,97.0,healthy
36.20000076293945,83.0,99.0,risky
37.0,66.0,100.0,risky
36.900001525878906,68.0,98.0,healthy
36.10000228881836,61.0,98.0,healthy
35.900001525878906,63.0,99.0,risky
34.70000076293945,87.0,99.0,risky
35.400001525878906,75.0,95.0,healthy
35.400001525878906,58.0,100.0,healthy
36.0,82.0,99.0,healthy
36.5,84.0,99.0,healthy
35.900001525878906,65.0,99.0,healthy
35.5,81.0,100.0,healthy
35.60000228881836,87.0,97.0,healthy
36.0,68.0,99.0,healthy
36.400001525878906,76.0,98.0,healthy
36.20000076293945,69.0,100.0,risky
36.10000228881836,78.0,99.0,healthy
35.5,56.0,99.0,healthy
36.60000228881836,62.0,99.0,risky
36.79999923706055,60.0,100.0,healthy
35.900001525878906,53.0,100.0,healthy
35.900001525878906,52.0,100.0,healthy
35.29999923706055,91.0,100.0,healthy
36.20000076293945,87.0,100.0,healthy
36.79999923706055,71.0,94.0,healthy
36.400001525878906,103.0,99.0,healthy
36.0,96.0,100.0,risky
35.900001525878906,54.0,99.0,healthy
35.79999923706055,80.0,97.0,healthy
36.70000076293945,63.0,99.0,healthy
35.400001525878906,55.0,100.0,healthy
35.900001525878906,53.0,99.0,healthy
36.5,93.0,97.0,healthy
36.60000228881836,56.0,98.0,healthy
34.79999923706055,74.0,99.0,dangerous
36.20000076293945,67.0,99.0,risky
35.60000228881836,96.0,99.0,healthy
37.0,92.0,100.0,healthy
35.79999923706055,82.0,99.0,healthy
35.20000076293945,82.0,92.0,healthy
35.900001525878906,68.0,97.0,healthy
36.10000228881836,71.0,97.0,healthy
35.60000228881836,51.0,98.0,healthy
36.0,124.0,97.0,healthy
36.10000228881836,81.0,97.0,healthy
36.5,55.0,97.0,healthy
36.5,84.0,94.0,healthy
35.900001525878906,53.0,99.0,healthy
35.400001525878906,57.0,99.0,healthy
35.29999923706055,64.0,100.0,healthy
35.29999923706055,85.0,99.0,healthy
35.10000228881836,65.0,99.0,healthy
34.29999923706055,101.0,97.0,dangerous
35.70000076293945,59.0,99.0,healthy
36.60000228881836,79.0,99.0,healthy
35.70000076293945,69.0,98.0,healthy
36.10000228881836,114.0,99.0,healthy
35.60000228881836,77.0,99.0,healthy
36.29999923706055,93.0,99.0,healthy
35.10000228881836,69.0,87.0,dangerous
35.29999923706055,79.0,100.0,healthy
36.5,80.0,98.0,healthy
36.20000076293945,78.0,98.0,healthy
36.29999923706055,77.0,97.0,healthy
35.5,60.0,84.0,dangerous
36.29999923706055,75.0,100.0,healthy
36.20000076293945,63.0,98.0,healthy
36.70000076293945,92.0,99.0,healthy
36.5,96.0,100.0,risky
35.5,58.0,98.0,healthy
35.79999923706055,66.0,99.0,healthy
35.29999923706055,55.0,99.0,healthy
36.10000228881836,69.0,97.0,healthy
35.29999923706055,78.0,97.0,healthy
36.10000228881836,55.0,98.0,healthy
28.600000381469727,57.0,99.0,dangerous
35.900001525878906,84.0,98.0,healthy
36.0,98.0,94.0,healthy
35.70000076293945,66.0,98.0,risky
37.0,49.0,100.0,risky
35.60000228881836,74.0,98.0,healthy
35.5,57.0,93.0,healthy
35.0,63.0,99.0,healthy
35.900001525878906,61.0,99.0,healthy
37.20000076293945,91.0,100.0,healthy
36.29999923706055,67.0,100.0,healthy
37.29999923706055,79.0,97.0,healthy
36.29999923706055,74.0,98.0,healthy
35.79999923706055,63.0,100.0,healthy
35.60000228881836,72.0,98.0,healthy
35.70000076293945,62.0,98.0,healthy
36.10000228881836,70.0,98.0,risky
35.10000228881836,73.0,100.0,healthy
35.900001525878906,53.0,97.0,healthy
35.400001525878906,65.0,97.0,healthy
36.70000076293945,67.0,100.0,healthy
36.20000076293945,53.0,99.0,risky
35.5,105.0,100.0,healthy
36.5,70.0,97.0,risky
36.20000076293945,89.0,100.0,healthy
36.10000228881836,59.0,97.0,healthy
35.5,77.0,99.0,healthy
36.0,62.0,97.0,risky
36.0,66.0,98.0,healthy
35.400001525878906,66.0,100.0,risky
36.20000076293945,56.0,98.0,healthy
35.29999923706055,67.0,100.0,healthy
36.0,64.0,100.0,healthy
36.29999923706055,74.0,100.0,healthy
35.400001525878906,90.0,100.0,healthy
36.400001525878906,68.0,99.0,healthy
37.0,72.0,100.0,risky
36.60000228881836,75.0,98.0,healthy
35.79999923706055,61.0,98.0,healthy
35.60000228881836,56.0,99.0,healthy
35.5,89.0,100.0,risky
35.20000076293945,57.0,100.0,healthy
35.900001525878906,67.0,100.0,healthy
35.900001525878906,49.0,99.0,risky
36.70000076293945,64.0,100.0,healthy
36.29999923706055,69.0,99.0,healthy
36.20000076293945,65.0,98.0,healthy
35.900001525878906,74.0,95.0,healthy
35.79999923706055,62.0,100.0,healthy
36.400001525878906,70.0,98.0,healthy
34.900001525878906,84.0,99.0,dangerous
35.79999923706055,74.0,99.0,healthy
35.400001525878906,123.0,100.0,healthy
35.5,88.0,100.0,healthy
34.10000228881836,55.0,99.0,dangerous
35.60000228881836,67.0,97.0,healthy
35.5,65.0,99.0,healthy
36.20000076293945,69.0,100.0,healthy
36.20000076293945,56.0,100.0,healthy
35.5,77.0,100.0,risky
34.60000228881836,54.0,99.0,dangerous
37.400001525878906,85.0,100.0,healthy
35.79999923706055,64.0,100.0,healthy
35.400001525878906,57.0,100.0,healthy
36.20000076293945,82.0,97.0,healthy
35.70000076293945,60.0,98.0,healthy
36.5,81.0,99.0,risky
36.79999923706055,76.0,98.0,healthy
35.70000076293945,63.0,100.0,healthy
36.10000228881836,93.0,98.0,healthy
29.100000381469727,56.0,99.0,risky
36.70000076293945,73.0,100.0,healthy
34.900001525878906,82.0,100.0,dangerous
35.400001525878906,91.0,98.0,healthy
35.5,94.0,99.0,healthy
35.900001525878906,82.0,100.0,risky
35.60000228881836,90.0,96.0,healthy
35.60000228881836,62.0,99.0,healthy
35.70000076293945,56.0,98.0,healthy
34.70000076293945,61.0,78.0,dangerous
35.400001525878906,84.0,100.0,healthy
36.20000076293945,59.0,99.0,healthy
35.60000228881836,70.0,100.0,healthy
36.10000228881836,93.0,98.0,healthy
36.60000228881836,65.0,100.0,healthy
36.20000076293945,72.0,99.0,healthy
35.5,60.0,100.0,healthy
36.29999923706055,66.0,99.0,healthy
33.20000076293945,93.0,99.0,risky
35.70000076293945,61.0,99.0,healthy
35.5,65.0,100.0,healthy
35.29999923706055,73.0,96.0,healthy
33.900001525878906,92.0,100.0,risky
36.29999923706055,61.0,99.0,healthy
35.70000076293945,90.0,96.0,risky
35.79999923706055,61.0,97.0,healthy
37.0,56.0,100.0,healthy
35.60000228881836,65.0,100.0,healthy
35.5,69.0,99.0,healthy
35.70000076293945,79.0,99.0,healthy
36.60000228881836,78.0,99.0,healthy
36.10000228881836,75.0,96.0,healthy
36.10000228881836,54.0,100.0,healthy
35.400001525878906,63.0,96.0,healthy
35.79999923706055,87.0,99.0,healthy
35.60000228881836,61.0,99.0,healthy
34.79999923706055,52.0,100.0,risky
35.29999923706055,33.0,100.0,risky
34.60000228881836,75.0,100.0,dangerous
37.20000076293945,115.0,93.0,healthy
35.400001525878906,75.0,100.0,healthy
35.79999923706055,73.0,99.0,healthy
35.400001525878906,64.0,100.0,risky
34.400001525878906,68.0,100.0,dangerous
36.400001525878906,74.0,99.0,healthy
34.900001525878906,55.0,100.0,dangerous
36.400001525878906,46.0,100.0,healthy
35.400001525878906,66.0,99.0,healthy
36.20000076293945,81.0,89.0,dangerous
36.10000228881836,77.0,97.0,healthy
36.400001525878906,71.0,99.0,healthy
33.79999923706055,52.0,97.0,risky
36.0,61.0,100.0,healthy
36.0,72.0,98.0,healthy
35.70000076293945,87.0,100.0,risky
36.70000076293945,80.0,98.0,healthy
35.400001525878906,80.0,100.0,healthy
29.700000762939453,79.0,100.0,risky
36.60000228881836,73.0,96.0,healthy
35.10000228881836,75.0,98.0,risky
35.900001525878906,70.0,99.0,risky
36.400001525878906,49.0,99.0,healthy
35.79999923706055,90.0,98.0,healthy
36.0,63.0,98.0,healthy
35.400001525878906,86.0,99.0,healthy
35.10000228881836,126.0,100.0,healthy
35.70000076293945,59.0,98.0,healthy
36.400001525878906,82.0,99.0,risky
36.5,60.0,100.0,healthy
34.5,82.0,99.0,dangerous
35.79999923706055,67.0,98.0,healthy
35.70000076293945,72.0,99.0,healthy
35.79999923706055,59.0,99.0,healthy
34.79999923706055,59.0,100.0,dangerous
36.60000228881836,65.0,100.0,healthy
33.20000076293945,66.0,100.0,dangerous
36.400001525878906,46.0,97.0,healthy
35.5,53.0,99.0,healthy
36.29999923706055,52.0,99.0,healthy
35.79999923706055,80.0,100.0,risky
36.400001525878906,134.0,91.0,dangerous
36.0,80.0,99.0,healthy
35.79999923706055,59.0,99.0,healthy
36.70000076293945,84.0,99.0,healthy
35.5,75.0,97.0,healthy
36.400001525878906,78.0,100.0,healthy
36.0,95.0,99.0,healthy
35.900001525878906,74.0,98.0,healthy
35.70000076293945,71.0,98.0,healthy
35.400001525878906,83.0,98.0,healthy
36.0,85.0,98.0,healthy
36.10000228881836,57.0,99.0,healthy
35.900001525878906,91.0,96.0,healthy
35.29999923706055,51.0,98.0,healthy
29.399999618530273,60.0,99.0,dangerous
35.60000228881836,63.0,100.0,healthy
35.20000076293945,61.0,99.0,healthy
35.79999923706055,75.0,98.0,healthy
37.900001525878906,105.0,97.0,risky
36.0,70.0,100.0,risky
35.0,56.0,99.0,healthy
36.70000076293945,112.0,100.0,healthy
36.60000228881836,70.0,99.0,healthy
36.10000228881836,77.0,100.0,healthy
35.20000076293945,99.0,100.0,healthy
37.10000228881836,160.0,100.0,risky
35.79999923706055,87.0,94.0,healthy
35.5,55.0,100.0,healthy
35.900001525878906,56.0,99.0,healthy
35.20000076293945,88.0,98.0,healthy
36.20000076293945,96.0,99.0,healthy
36.5,62.0,100.0,healthy
34.79999923706055,69.0,99.0,risky
35.70000076293945,68.0,95.0,healthy
36.60000228881836,62.0,99.0,healthy
34.60000228881836,96.0,99.0,dangerous
34.400001525878906,74.0,100.0,risky
36.70000076293945,64.0,100.0,healthy
35.0,77.0,100.0,healthy
35.5,73.0,100.0,healthy
36.5,58.0,100.0,healthy
35.79999923706055,69.0,99.0,healthy
35.70000076293945,50.0,99.0,healthy
36.0,59.0,99.0,healthy
35.29999923706055,56.0,100.0,healthy
30.399999618530273,76.0,96.0,risky
35.79999923706055,103.0,89.0,dangerous
35.5,56.0,99.0,healthy
35.70000076293945,59.0,97.0,healthy
35.400001525878906,57.0,99.0,healthy
36.10000228881836,69.0,100.0,healthy
35.20000076293945,61.0,99.0,healthy
35.20000076293945,82.0,99.0,healthy
35.900001525878906,104.0,50.0,dangerous
35.5,68.0,99.0,healthy
36.400001525878906,76.0,99.0,healthy
35.60000228881836,58.0,98.0,healthy
37.29999923706055,78.0,99.0,healthy
35.900001525878906,58.0,100.0,healthy
35.79999923706055,50.0,87.0,dangerous
36.20000076293945,66.0,100.0,risky
36.10000228881836,75.0,100.0,healthy
35.60000228881836,79.0,94.0,healthy
35.900001525878906,64.0,87.0,dangerous
36.20000076293945,54.0,99.0,healthy
36.400001525878906,110.0,93.0,healthy
36.60000228881836,70.0,100.0,healthy
36.20000076293945,56.0,96.0,healthy
35.0,63.0,98.0,healthy
35.79999923706055,89.0,100.0,healthy
28.0,62.0,98.0,risky
36.60000228881836,82.0,99.0,risky
36.400001525878906,61.0,98.0,risky
35.400001525878906,59.0,97.0,healthy
35.5,76.0,99.0,healthy
35.20000076293945,75.0,99.0,healthy
35.29999923706055,85.0,100.0,healthy
36.20000076293945,68.0,99.0,healthy
35.60000228881836,71.0,100.0,healthy
36.29999923706055,73.0,100.0,healthy
34.900001525878906,88.0,99.0,risky
35.900001525878906,77.0,99.0,healthy
35.70000076293945,65.0,97.0,healthy
36.20000076293945,78.0,97.0,healthy
35.60000228881836,57.0,98.0,healthy
35.70000076293945,74.0,100.0,healthy
36.60000228881836,75.0,99.0,healthy
34.79999923706055,78.0,100.0,risky
36.400001525878906,75.0,98.0,healthy
36.5,78.0,99.0,risky
36.10000228881836,60.0,99.0,healthy
37.0,80.0,98.0,healthy
35.10000228881836,85.0,99.0,healthy
36.0,84.0,99.0,healthy
35.29999923706055,48.0,99.0,healthy
35.79999923706055,63.0,98.0,healthy
30.30000114440918,83.0,100.0,risky
35.70000076293945,74.0,100.0,risky
34.60000228881836,70.0,99.0,risky
36.400001525878906,79.0,99.0,healthy
36.0,53.0,99.0,healthy
35.29999923706055,70.0,99.0,healthy
35.70000076293945,58.0,100.0,healthy
35.900001525878906,87.0,100.0,healthy
35.20000076293945,60.0,98.0,healthy
35.10000228881836,86.0,98.0,risky
35.5,60.0,100.0,healthy
36.400001525878906,70.0,100.0,healthy
35.70000076293945,50.0,99.0,healthy
35.5,113.0,97.0,healthy
35.60000228881836,66.0,98.0,risky
36.0,73.0,100.0,healthy
35.60000228881836,111.0,100.0,risky
35.60000228881836,61.0,91.0,risky
36.5,63.0,98.0,healthy
36.10000228881836,53.0,99.0,risky
35.20000076293945,90.0,100.0,healthy
35.70000076293945,61.0,99.0,healthy
36.60000228881836,65.0,99.0,healthy
36.70000076293945,83.0,100.0,healthy
36.20000076293945,103.0,92.0,risky
35.900001525878906,89.0,94.0,healthy
35.29999923706055,77.0,99.0,healthy
36.20000076293945,70.0,94.0,healthy
36.400001525878906,65.0,95.0,healthy
36.29999923706055,55.0,99.0,healthy
36.0,75.0,98.0,healthy
36.10000228881836,92.0,99.0,healthy
37.10000228881836,77.0,91.0,risky
35.70000076293945,77.0,98.0,healthy
36.70000076293945,72.0,99.0,healthy
35.20000076293945,55.0,99.0,healthy
35.70000076293945,72.0,99.0,healthy
35.5,73.0,100.0,healthy
36.0,90.0,98.0,healthy
36.5,55.0,99.0,risky
36.10000228881836,73.0,100.0,healthy
36.5,67.0,100.0,healthy
35.400001525878906,61.0,100.0,healthy
35.70000076293945,56.0,100.0,healthy
35.60000228881836,60.0,100.0,healthy
35.900001525878906,53.0,100.0,healthy
36.900001525878906,64.0,98.0,healthy
35.60000228881836,78.0,99.0,healthy
35.900001525878906,64.0,98.0,healthy
36.900001525878906,57.0,99.0,healthy
35.29999923706055,47.0,99.0,healthy
36.400001525878906,54.0,98.0,healthy
35.400001525878906,68.0,97.0,healthy
36.20000076293945,87.0,99.0,risky
35.70000076293945,63.0,99.0,healthy
35.20000076293945,69.0,96.0,risky
35.60000228881836,67.0,100.0,healthy
35.400001525878906,59.0,100.0,healthy
36.10000228881836,69.0,99.0,risky
35.900001525878906,51.0,99.0,healthy
33.20000076293945,84.0,100.0,dangerous
35.60000228881836,65.0,100.0,healthy
35.70000076293945,54.0,99.0,healthy
35.900001525878906,56.0,100.0,healthy
35.79999923706055,60.0,98.0,healthy
37.900001525878906,80.0,99.0,risky
35.70000076293945,95.0,100.0,healthy
36.20000076293945,83.0,99.0,healthy
35.5,67.0,100.0,risky
35.70000076293945,70.0,99.0,healthy
36.20000076293945,67.0,99.0,healthy
35.79999923706055,61.0,98.0,healthy
35.29999923706055,49.0,100.0,healthy
36.10000228881836,84.0,98.0,healthy
35.29999923706055,68.0,100.0,healthy
36.20000076293945,72.0,98.0,healthy
36.10000228881836,128.0,99.0,healthy
35.900001525878906,62.0,100.0,healthy
36.0,92.0,99.0,healthy
35.60000228881836,57.0,99.0,healthy
35.900001525878906,66.0,99.0,risky
34.5,56.0,98.0,dangerous
35.5,58.0,99.0,healthy
35.79999923706055,78.0,97.0,healthy
35.10000228881836,84.0,100.0,healthy
36.0,60.0,100.0,healthy
35.900001525878906,78.0,98.0,healthy
33.70000076293945,71.0,98.0,risky
36.29999923706055,79.0,100.0,healthy
35.60000228881836,52.0,98.0,healthy
31.399999618530273,58.0,100.0,dangerous
35.900001525878906,56.0,100.0,risky
35.70000076293945,49.0,100.0,healthy
36.20000076293945,74.0,100.0,healthy
35.70000076293945,51.0,99.0,healthy
35.20000076293945,78.0,99.0,healthy
35.29999923706055,56.0,98.0,healthy
35.10000228881836,83.0,100.0,healthy
34.79999923706055,75.0,100.0,dangerous
36.20000076293945,65.0,99.0,healthy
36.10000228881836,64.0,99.0,risky
36.79999923706055,82.0,99.0,healthy
35.0,72.0,99.0,healthy
36.79999923706055,55.0,100.0,risky
35.70000076293945,70.0,99.0,healthy
35.0,65.0,99.0,risky
36.29999923706055,70.0,99.0,healthy
35.10000228881836,75.0,99.0,healthy
36.5,61.0,98.0,healthy
35.70000076293945,74.0,99.0,risky
35.5,57.0,100.0,healthy
36.29999923706055,95.0,99.0,healthy
35.400001525878906,61.0,95.0,healthy
36.0,52.0,99.0,healthy
28.700000762939453,80.0,98.0,dangerous
35.79999923706055,72.0,99.0,healthy
36.0,70.0,96.0,healthy
35.20000076293945,59.0,100.0,risky
35.400001525878906,63.0,100.0,healthy
36.0,65.0,94.0,risky
35.29999923706055,74.0,92.0,risky
36.5,71.0,97.0,healthy
35.5,78.0,100.0,healthy
35.900001525878906,80.0,98.0,risky
36.60000228881836,94.0,98.0,healthy
35.10000228881836,76.0,100.0,healthy
36.10000228881836,82.0,99.0,healthy
36.70000076293945,52.0,97.0,healthy
35.0,52.0,99.0,healthy
35.70000076293945,60.0,100.0,healthy
36.29999923706055,65.0,100.0,risky
36.10000228881836,83.0,99.0,healthy
36.60000228881836,60.0,98.0,healthy
35.900001525878906,60.0,100.0,healthy
35.900001525878906,62.0,100.0,healthy
35.29999923706055,59.0,99.0,healthy
36.400001525878906,79.0,98.0,healthy
36.70000076293945,81.0,99.0,healthy
36.29999923706055,70.0,100.0,healthy
35.70000076293945,65.0,99.0,healthy
35.70000076293945,59.0,100.0,healthy
33.400001525878906,69.0,98.0,risky
35.5,36.0,99.0,risky
35.60000228881836,67.0,99.0,healthy
36.0,56.0,100.0,healthy
36.5,94.0,98.0,healthy
35.70000076293945,89.0,100.0,healthy
34.60000228881836,87.0,98.0,dangerous
34.79999923706055,61.0,99.0,risky
37.29999923706055,78.0,98.0,healthy
36.400001525878906,72.0,99.0,risky
36.60000228881836,65.0,100.0,healthy
36.20000076293945,64.0,100.0,healthy
36.0,65.0,100.0,healthy
35.70000076293945,78.0,99.0,healthy
35.70000076293945,70.0,100.0,healthy
35.900001525878906,81.0,99.0,risky
36.5,62.0,100.0,healthy
35.70000076293945,87.0,99.0,healthy
36.10000228881836,83.0,99.0,healthy
35.5,52.0,99.0,healthy
35.900001525878906,115.0,96.0,healthy
35.5,58.0,100.0,healthy
35.79999923706055,52.0,99.0,healthy
35.79999923706055,48.0,97.0,healthy
36.20000076293945,66.0,99.0,healthy
36.0,70.0,100.0,healthy
35.70000076293945,62.0,98.0,risky
36.0,67.0,94.0,healthy
36.10000228881836,62.0,100.0,healthy
35.79999923706055,56.0,99.0,healthy
36.400001525878906,73.0,99.0,healthy
36.60000228881836,91.0,100.0,healthy
36.0,78.0,100.0,healthy
36.29999923706055,76.0,98.0,healthy
36.20000076293945,62.0,97.0,healthy
35.10000228881836,79.0,92.0,healthy
36.0,83.0,100.0,risky
35.70000076293945,61.0,99.0,healthy
36.79999923706055,85.0,99.0,healthy
28.80000114440918,92.0,98.0,dangerous
35.60000228881836,93.0,96.0,healthy
32.70000076293945,50.0,99.0,risky
36.29999923706055,79.0,100.0,healthy
35.60000228881836,54.0,100.0,healthy
36.79999923706055,65.0,100.0,healthy
36.400001525878906,63.0,99.0,healthy
35.60000228881836,65.0,95.0,healthy
36.900001525878906,65.0,99.0,healthy
37.10000228881836,65.0,100.0,healthy
35.5,64.0,98.0,healthy
35.400001525878906,57.0,99.0,healthy
35.400001525878906,73.0,99.0,risky
35.0,87.0,98.0,risky
36.29999923706055,85.0,99.0,healthy
36.60000228881836,84.0,98.0,healthy
35.400001525878906,73.0,100.0,healthy
35.79999923706055,97.0,99.0,healthy
35.900001525878906,69.0,97.0,healthy
35.5,57.0,100.0,healthy
35.900001525878906,76.0,97.0,risky
36.5,60.0,98.0,healthy
36.29999923706055,47.0,99.0,healthy
35.20000076293945,76.0,100.0,healthy
35.400001525878906,63.0,99.0,healthy
36.79999923706055,61.0,87.0,dangerous
36.400001525878906,88.0,100.0,healthy
36.400001525878906,68.0,99.0,healthy
35.79999923706055,57.0,99.0,healthy
35.29999923706055,62.0,100.0,healthy
35.900001525878906,87.0,100.0,healthy
37.0,82.0,99.0,healthy
35.70000076293945,51.0,97.0,healthy
36.0,70.0,100.0,healthy
35.400001525878906,59.0,100.0,risky
36.29999923706055,44.0,98.0,healthy
35.60000228881836,88.0,98.0,risky
36.20000076293945,66.0,100.0,healthy
36.70000076293945,87.0,99.0,healthy
36.20000076293945,65.0,99.0,healthy
35.70000076293945,56.0,95.0,healthy
29.100000381469727,97.0,99.0,risky
35.400001525878906,82.0,98.0,risky
34.70000076293945,58.0,98.0,risky
36.20000076293945,102.0,100.0,healthy
35.10000228881836,53.0,98.0,healthy
36.20000076293945,70.0,99.0,risky
36.0,67.0,100.0,healthy
35.5,66.0,99.0,healthy
35.10000228881836,53.0,100.0,healthy
36.10000228881836,82.0,100.0,healthy
35.79999923706055,81.0,99.0,healthy
36.20000076293945,64.0,99.0,healthy
35.79999923706055,66.0,100.0,healthy
35.10000228881836,56.0,99.0,healthy
35.70000076293945,63.0,97.0,healthy
34.900001525878906,69.0,100.0,risky
36.29999923706055,75.0,99.0,healthy
35.5,47.0,97.0,risky
35.70000076293945,58.0,99.0,healthy
36.5,58.0,100.0,healthy
35.900001525878906,58.0,99.0,risky
35.79999923706055,62.0,98.0,healthy
34.900001525878906,60.0,99.0,risky
35.79999923706055,75.0,100.0,healthy
35.79999923706055,69.0,99.0,risky
35.79999923706055,56.0,100.0,healthy
36.0,78.0,96.0,healthy
36.10000228881836,64.0,99.0,healthy
35.900001525878906,55.0,100.0,healthy
36.60000228881836,58.0,99.0,healthy
36.20000076293945,102.0,98.0,risky
35.900001525878906,62.0,99.0,healthy
36.29999923706055,76.0,99.0,healthy
34.5,69.0,100.0,risky
36.10000228881836,55.0,100.0,healthy
35.10000228881836,51.0,100.0,healthy
36.20000076293945,91.0,99.0,healthy
36.0,73.0,98.0,healthy
36.400001525878906,61.0,99.0,healthy
35.79999923706055,69.0,99.0,healthy
35.79999923706055,66.0,100.0,healthy
35.5,71.0,94.0,healthy
35.900001525878906,85.0,99.0,healthy
34.900001525878906,58.0,100.0,dangerous
36.0,80.0,99.0,healthy
35.60000228881836,55.0,99.0,healthy
34.70000076293945,83.0,100.0,risky
36.29999923706055,67.0,99.0,healthy
36.0,78.0,100.0,healthy
35.70000076293945,65.0,98.0,healthy
35.60000228881836,72.0,99.0,healthy
36.10000228881836,80.0,100.0,healthy
35.900001525878906,61.0,97.0,healthy
36.0,90.0,100.0,healthy
36.20000076293945,64.0,97.0,healthy
35.70000076293945,55.0,98.0,risky
36.10000228881836,63.0,97.0,healthy
36.10000228881836,104.0,88.0,dangerous
36.29999923706055,54.0,99.0,healthy
36.400001525878906,58.0,99.0,healthy
36.60000228881836,68.0,100.0,healthy
36.10000228881836,78.0,99.0,healthy
35.60000228881836,70.0,99.0,risky
37.0,57.0,98.0,healthy
36.10000228881836,58.0,99.0,healthy
35.60000228881836,78.0,97.0,risky
35.60000228881836,68.0,98.0,healthy
35.900001525878906,61.0,99.0,healthy
35.900001525878906,42.0,98.0,healthy
35.10000228881836,58.0,97.0,healthy
36.29999923706055,68.0,100.0,healthy
35.10000228881836,121.0,100.0,healthy
35.29999923706055,82.0,99.0,healthy
34.79999923706055,77.0,100.0,dangerous
36.400001525878906,78.0,100.0,healthy
35.900001525878906,54.0,99.0,healthy
36.10000228881836,79.0,100.0,healthy
35.29999923706055,75.0,96.0,healthy
35.60000228881836,72.0,93.0,healthy
35.60000228881836,61.0,98.0,healthy
32.0,66.0,100.0,risky
36.10000228881836,67.0,100.0,healthy
35.5,75.0,96.0,risky
36.0,85.0,99.0,healthy
35.70000076293945,76.0,99.0,healthy
36.400001525878906,97.0,99.0,healthy
35.60000228881836,49.0,98.0,healthy
36.0,71.0,99.0,healthy
36.20000076293945,69.0,100.0,healthy
36.60000228881836,72.0,100.0,risky
37.10000228881836,70.0,97.0,risky
36.5,79.0,99.0,healthy
36.0,64.0,98.0,healthy
35.70000076293945,78.0,100.0,healthy
35.60000228881836,99.0,100.0,healthy
34.70000076293945,70.0,100.0,dangerous
36.20000076293945,54.0,94.0,healthy
36.29999923706055,69.0,97.0,healthy
35.29999923706055,104.0,100.0,healthy
35.900001525878906,54.0,99.0,healthy
36.5,64.0,100.0,healthy
35.10000228881836,52.0,96.0,healthy
35.70000076293945,108.0,100.0,healthy
36.10000228881836,69.0,100.0,healthy
35.10000228881836,79.0,100.0,healthy
35.60000228881836,49.0,100.0,healthy
35.79999923706055,81.0,99.0,healthy
35.70000076293945,88.0,98.0,healthy
35.60000228881836,51.0,95.0,healthy
36.10000228881836,68.0,99.0,healthy
36.0,78.0,99.0,risky
35.400001525878906,97.0,96.0,healthy
36.5,61.0,100.0,healthy
28.600000381469727,78.0,98.0,dangerous
36.0,74.0,98.0,risky
36.10000228881836,53.0,100.0,healthy
36.400001525878906,57.0,98.0,healthy
36.0,58.0,100.0,healthy
29.80000114440918,62.0,100.0,dangerous
35.70000076293945,71.0,99.0,healthy
35.60000228881836,75.0,99.0,healthy
35.5,51.0,99.0,healthy
35.60000228881836,73.0,96.0,healthy
36.20000076293945,79.0,99.0,healthy
36.29999923706055,49.0,100.0,healthy
36.0,85.0,100.0,healthy
36.400001525878906,50.0,99.0,healthy
36.0,59.0,98.0,healthy
36.0,80.0,98.0,healthy
36.400001525878906,90.0,92.0,healthy
36.20000076293945,80.0,100.0,healthy
35.0,62.0,100.0,healthy
36.20000076293945,66.0,90.0,risky
30.700000762939453,54.0,99.0,dangerous
35.70000076293945,55.0,99.0,risky
35.60000228881836,52.0,100.0,healthy
35.60000228881836,84.0,100.0,healthy
36.60000228881836,69.0,98.0,healthy
36.20000076293945,92.0,99.0,healthy
35.70000076293945,96.0,99.0,risky
36.0,59.0,99.0,healthy
34.70000076293945,70.0,100.0,dangerous
35.79999923706055,73.0,100.0,risky
36.20000076293945,46.0,97.0,healthy
35.20000076293945,88.0,99.0,healthy
36.29999923706055,60.0,99.0,healthy
34.29999923706055,88.0,98.0,risky
35.60000228881836,81.0,97.0,healthy
36.20000076293945,71.0,100.0,healthy
35.70000076293945,89.0,100.0,healthy
36.0,71.0,99.0,healthy
35.5,91.0,100.0,healthy
35.79999923706055,68.0,99.0,healthy
36.20000076293945,57.0,100.0,healthy
35.79999923706055,61.0,100.0,healthy
35.79999923706055,90.0,100.0,risky
36.900001525878906,52.0,97.0,healthy
36.10000228881836,54.0,99.0,healthy
35.900001525878906,70.0,100.0,healthy
35.20000076293945,66.0,98.0,healthy
35.900001525878906,77.0,97.0,healthy
35.60000228881836,50.0,100.0,healthy
36.10000228881836,67.0,98.0,healthy
36.20000076293945,72.0,98.0,healthy
35.5,53.0,99.0,healthy
36.10000228881836,72.0,96.0,risky
36.5,83.0,96.0,healthy
35.900001525878906,66.0,100.0,healthy
35.10000228881836,115.0,100.0,healthy
36.29999923706055,55.0,96.0,healthy
35.79999923706055,69.0,100.0,healthy
35.70000076293945,64.0,96.0,healthy
35.70000076293945,58.0,99.0,healthy
35.20000076293945,76.0,97.0,healthy
36.29999923706055,50.0,98.0,healthy
36.5,88.0,100.0,healthy
29.899999618530273,63.0,97.0,risky
37.400001525878906,85.0,98.0,healthy
35.29999923706055,66.0,97.0,healthy
31.100000381469727,77.0,100.0,dangerous
35.10000228881836,70.0,99.0,healthy
34.60000228881836,63.0,98.0,risky
36.29999923706055,67.0,100.0,healthy
35.20000076293945,76.0,99.0,healthy
35.70000076293945,51.0,100.0,healthy
36.60000228881836,72.0,100.0,healthy
36.60000228881836,73.0,100.0,healthy
36.20000076293945,73.0,99.0,healthy
36.0,93.0,87.0,dangerous
35.900001525878906,60.0,99.0,healthy
36.20000076293945,70.0,100.0,healthy
35.70000076293945,76.0,99.0,healthy
35.400001525878906,60.0,100.0,risky
35.400001525878906,75.0,96.0,healthy
35.70000076293945,56.0,99.0,healthy
36.10000228881836,104.0,95.0,risky
35.60000228881836,83.0,100.0,healthy
35.70000076293945,62.0,98.0,healthy
35.70000076293945,62.0,98.0,healthy
35.79999923706055,59.0,99.0,healthy
35.5,88.0,100.0,healthy
35.70000076293945,71.0,95.0,healthy
35.79999923706055,69.0,100.0,healthy
36.20000076293945,81.0,99.0,healthy
35.29999923706055,77.0,99.0,healthy
35.79999923706055,97.0,100.0,healthy
32.29999923706055,59.0,98.0,risky
36.10000228881836,62.0,99.0,healthy
35.79999923706055,86.0,99.0,healthy
35.60000228881836,50.0,98.0,healthy
36.5,94.0,99.0,risky
36.0,78.0,98.0,risky
35.79999923706055,112.0,98.0,risky
36.10000228881836,69.0,99.0,healthy
36.20000076293945,51.0,98.0,healthy
36.20000076293945,73.0,100.0,healthy
35.900001525878906,77.0,97.0,healthy
37.0,84.0,100.0,healthy
36.0,51.0,98.0,healthy
36.29999923706055,73.0,100.0,healthy
35.400001525878906,57.0,99.0,healthy
37.0,60.0,100.0,risky
36.29999923706055,54.0,98.0,healthy
35.900001525878906,84.0,97.0,healthy
36.900001525878906,65.0,99.0,healthy
35.400001525878906,67.0,100.0,healthy
36.29999923706055,67.0,99.0,healthy
35.900001525878906,57.0,98.0,healthy
30.399999618530273,76.0,100.0,risky
35.70000076293945,93.0,96.0,risky
35.29999923706055,50.0,99.0,healthy
35.70000076293945,62.0,99.0,healthy
35.79999923706055,59.0,99.0,healthy
35.400001525878906,64.0,99.0,healthy
36.10000228881836,59.0,100.0,healthy
35.70000076293945,63.0,100.0,healthy
35.79999923706055,68.0,99.0,healthy
35.79999923706055,73.0,100.0,healthy
35.60000228881836,65.0,100.0,healthy
35.10000228881836,87.0,99.0,healthy
36.5,65.0,99.0,healthy
35.0,79.0,99.0,healthy
36.20000076293945,66.0,99.0,healthy
35.20000076293945,56.0,95.0,healthy
35.70000076293945,120.0,99.0,healthy
36.400001525878906,72.0,98.0,healthy
35.79999923706055,66.0,99.0,healthy
36.60000228881836,81.0,98.0,healthy
34.29999923706055,50.0,99.0,risky
35.20000076293945,71.0,99.0,healthy
35.70000076293945,57.0,98.0,healthy
34.900001525878906,96.0,99.0,dangerous
35.79999923706055,62.0,99.0,healthy
36.29999923706055,61.0,99.0,healthy
35.400001525878906,66.0,100.0,risky
35.79999923706055,61.0,96.0,healthy
35.400001525878906,58.0,99.0,healthy
36.20000076293945,73.0,99.0,healthy
35.60000228881836,53.0,99.0,healthy
35.70000076293945,69.0,95.0,healthy
35.70000076293945,55.0,100.0,healthy
36.20000076293945,76.0,99.0,healthy
36.70000076293945,87.0,100.0,healthy
35.5,72.0,100.0,healthy
36.20000076293945,56.0,100.0,healthy
36.70000076293945,81.0,92.0,risky
35.70000076293945,78.0,100.0,healthy
36.0,66.0,99.0,healthy
35.70000076293945,66.0,99.0,healthy
35.60000228881836,58.0,99.0,healthy
35.900001525878906,77.0,98.0,healthy
37.29999923706055,68.0,100.0,healthy
36.400001525878906,47.0,99.0,healthy
36.20000076293945,54.0,99.0,risky
35.20000076293945,45.0,99.0,healthy
35.5,86.0,98.0,healthy
34.29999923706055,53.0,98.0,risky
35.900001525878906,77.0,97.0,healthy
35.60000228881836,71.0,100.0,healthy
36.0,63.0,100.0,healthy
36.5,90.0,99.0,healthy
35.400001525878906,59.0,100.0,healthy
35.79999923706055,73.0,99.0,risky
36.20000076293945,81.0,95.0,healthy
35.0,61.0,98.0,healthy
34.79999923706055,105.0,99.0,risky
36.60000228881836,67.0,99.0,healthy
35.79999923706055,56.0,100.0,healthy
36.60000228881836,107.0,100.0,healthy
36.400001525878906,70.0,100.0,healthy
36.0,66.0,99.0,healthy
36.5,55.0,100.0,healthy
36.0,65.0,100.0,healthy
36.29999923706055,50.0,100.0,healthy
35.5,58.0,100.0,healthy
34.10000228881836,67.0,98.0,risky
36.20000076293945,64.0,100.0,healthy
36.400001525878906,70.0,99.0,healthy
36.10000228881836,61.0,100.0,healthy
35.70000076293945,68.0,100.0,healthy
35.900001525878906,116.0,98.0,healthy
36.20000076293945,75.0,97.0,healthy
36.400001525878906,62.0,100.0,risky
36.29999923706055,138.0,94.0,risky
36.5,76.0,99.0,healthy
36.29999923706055,49.0,100.0,healthy
35.79999923706055,68.0,100.0,healthy
36.29999923706055,70.0,100.0,healthy
35.60000228881836,79.0,100.0,healthy
36.400001525878906,70.0,100.0,healthy
36.10000228881836,76.0,99.0,healthy
36.0,74.0,100.0,healthy
35.29999923706055,47.0,98.0,healthy
35.70000076293945,66.0,97.0,healthy
35.0,45.0,99.0,healthy
36.400001525878906,72.0,97.0,risky
36.20000076293945,70.0,100.0,healthy
36.10000228881836,54.0,100.0,healthy
36.5,75.0,100.0,healthy
35.900001525878906,69.0,100.0,risky
36.29999923706055,97.0,99.0,healthy
36.10000228881836,66.0,99.0,healthy
35.60000228881836,60.0,96.0,healthy
35.20000076293945,71.0,98.0,risky
35.900001525878906,54.0,99.0,healthy
35.60000228881836,112.0,99.0,healthy
36.20000076293945,66.0,97.0,healthy
36.0,57.0,97.0,healthy
35.900001525878906,61.0,100.0,healthy
35.400001525878906,54.0,99.0,healthy
35.10000228881836,52.0,97.0,healthy
34.60000228881836,95.0,100.0,dangerous
36.0,74.0,99.0,healthy
35.70000076293945,87.0,99.0,healthy
35.60000228881836,78.0,100.0,healthy
36.60000228881836,49.0,100.0,healthy
36.20000076293945,63.0,94.0,healthy
36.400001525878906,70.0,99.0,risky
36.10000228881836,48.0,99.0,healthy
36.60000228881836,107.0,99.0,risky
35.10000228881836,67.0,99.0,healthy
36.20000076293945,73.0,98.0,healthy
34.10000228881836,70.0,98.0,dangerous
34.0,47.0,100.0,risky
36.20000076293945,66.0,99.0,healthy
35.400001525878906,89.0,100.0,healthy
35.29999923706055,69.0,98.0,healthy
35.79999923706055,76.0,96.0,risky
35.900001525878906,65.0,99.0,healthy
35.29999923706055,77.0,99.0,healthy
34.60000228881836,79.0,99.0,dangerous
35.70000076293945,62.0,99.0,healthy
35.60000228881836,78.0,98.0,healthy
35.400001525878906,59.0,97.0,healthy
35.900001525878906,59.0,97.0,healthy
35.60000228881836,62.0,98.0,healthy
36.0,97.0,99.0,healthy
35.20000076293945,64.0,99.0,healthy
35.900001525878906,75.0,98.0,healthy
36.20000076293945,70.0,100.0,healthy
35.400001525878906,66.0,98.0,healthy
35.79999923706055,66.0,98.0,healthy
35.400001525878906,59.0,97.0,risky
35.0,59.0,99.0,healthy
35.20000076293945,76.0,99.0,healthy
35.0,76.0,100.0,healthy
36.29999923706055,118.0,100.0,healthy
35.900001525878906,59.0,97.0,healthy
35.79999923706055,71.0,99.0,risky
35.900001525878906,73.0,96.0,risky
36.0,75.0,98.0,healthy
34.70000076293945,75.0,100.0,dangerous
36.0,74.0,99.0,risky
36.20000076293945,81.0,98.0,healthy
36.5,74.0,98.0,healthy
36.0,55.0,99.0,healthy
36.29999923706055,81.0,100.0,healthy
36.0,58.0,98.0,healthy
35.0,64.0,100.0,healthy
36.400001525878906,52.0,99.0,risky
36.29999923706055,71.0,98.0,healthy
36.70000076293945,107.0,93.0,healthy
35.70000076293945,52.0,100.0,healthy
35.60000228881836,73.0,99.0,healthy
35.0,62.0,99.0,healthy
35.29999923706055,64.0,99.0,healthy
35.900001525878906,64.0,98.0,healthy
35.5,76.0,99.0,risky
36.10000228881836,63.0,100.0,healthy
36.29999923706055,54.0,100.0,healthy
35.400001525878906,66.0,98.0,healthy
35.70000076293945,72.0,97.0,healthy
35.29999923706055,66.0,99.0,healthy
35.79999923706055,71.0,99.0,healthy
36.20000076293945,63.0,97.0,healthy
36.10000228881836,56.0,99.0,healthy
35.900001525878906,63.0,98.0,healthy
35.70000076293945,88.0,99.0,healthy
35.400001525878906,64.0,96.0,risky
35.70000076293945,77.0,99.0,risky
35.70000076293945,53.0,98.0,healthy
36.70000076293945,69.0,99.0,healthy
34.900001525878906,74.0,99.0,dangerous
35.60000228881836,50.0,99.0,healthy
35.5,52.0,100.0,healthy
36.29999923706055,62.0,100.0,healthy
36.0,55.0,100.0,healthy
35.20000076293945,68.0,99.0,healthy
35.70000076293945,99.0,93.0,healthy
36.29999923706055,75.0,100.0,healthy
35.60000228881836,60.0,100.0,healthy
35.70000076293945,49.0,98.0,healthy
35.60000228881836,58.0,100.0,healthy
35.29999923706055,45.0,95.0,healthy
36.29999923706055,76.0,98.0,healthy
35.900001525878906,57.0,93.0,healthy
35.79999923706055,80.0,100.0,healthy
35.900001525878906,79.0,100.0,healthy
36.5,97.0,98.0,healthy
36.10000228881836,65.0,100.0,healthy
32.10000228881836,62.0,99.0,dangerous
34.70000076293945,55.0,97.0,risky
36.400001525878906,104.0,95.0,healthy
36.79999923706055,64.0,98.0,healthy
35.70000076293945,63.0,99.0,healthy
36.400001525878906,76.0,100.0,healthy
35.60000228881836,66.0,99.0,healthy
36.5,66.0,99.0,risky
36.0,62.0,99.0,healthy
36.0,54.0,100.0,risky
36.5,71.0,98.0,healthy
35.79999923706055,59.0,100.0,healthy
35.60000228881836,80.0,100.0,healthy
35.5,69.0,100.0,healthy
35.70000076293945,70.0,99.0,healthy
34.70000076293945,76.0,99.0,dangerous
35.79999923706055,67.0,99.0,healthy
36.20000076293945,93.0,97.0,healthy
35.10000228881836,71.0,100.0,healthy
36.0,88.0,100.0,healthy
35.900001525878906,58.0,99.0,healthy
35.5,62.0,100.0,healthy
29.80000114440918,47.0,96.0,risky
35.70000076293945,60.0,100.0,healthy
35.60000228881836,73.0,98.0,healthy
35.70000076293945,63.0,100.0,healthy
35.70000076293945,46.0,92.0,healthy
34.900001525878906,111.0,99.0,dangerous
36.70000076293945,74.0,97.0,healthy
36.20000076293945,60.0,99.0,healthy
35.400001525878906,81.0,98.0,risky
35.400001525878906,69.0,100.0,healthy
35.5,63.0,99.0,healthy
36.0,79.0,100.0,healthy
31.5,93.0,96.0,dangerous
36.0,53.0,99.0,healthy
35.900001525878906,69.0,96.0,healthy
35.10000228881836,70.0,99.0,healthy
35.20000076293945,48.0,97.0,healthy
34.5,69.0,100.0,dangerous
36.0,70.0,99.0,healthy
35.70000076293945,83.0,96.0,healthy
35.400001525878906,87.0,100.0,risky
35.79999923706055,68.0,98.0,healthy
35.29999923706055,52.0,95.0,healthy
36.0,54.0,100.0,healthy
36.5,59.0,99.0,healthy
36.5,75.0,96.0,healthy
35.79999923706055,62.0,99.0,healthy
36.10000228881836,58.0,98.0,healthy
35.79999923706055,89.0,100.0,risky
34.900001525878906,54.0,97.0,risky
36.0,65.0,94.0,healthy
35.900001525878906,58.0,92.0,healthy
35.60000228881836,56.0,100.0,healthy
35.70000076293945,79.0,100.0,risky
35.79999923706055,57.0,100.0,healthy
35.60000228881836,65.0,96.0,healthy
36.400001525878906,71.0,99.0,healthy
36.900001525878906,77.0,100.0,healthy
37.29999923706055,72.0,100.0,healthy
36.400001525878906,80.0,99.0,healthy
36.0,83.0,98.0,healthy
36.0,65.0,100.0,healthy
34.5,71.0,99.0,dangerous
36.10000228881836,93.0,98.0,healthy
36.10000228881836,65.0,98.0,healthy
35.70000076293945,65.0,100.0,healthy
36.10000228881836,83.0,100.0,healthy
36.10000228881836,54.0,99.0,healthy
35.60000228881836,75.0,99.0,healthy
33.0,79.0,98.0,dangerous
35.70000076293945,62.0,100.0,healthy
35.60000228881836,60.0,99.0,healthy
36.0,100.0,97.0,risky
36.29999923706055,55.0,100.0,healthy
36.0,56.0,96.0,healthy
36.400001525878906,52.0,98.0,healthy
36.29999923706055,63.0,99.0,healthy
36.10000228881836,54.0,97.0,healthy
35.60000228881836,55.0,99.0,healthy
36.0,74.0,99.0,healthy
35.79999923706055,59.0,99.0,healthy
36.29999923706055,73.0,99.0,healthy
36.29999923706055,73.0,100.0,healthy
36.70000076293945,58.0,96.0,healthy
36.0,60.0,97.0,healthy
36.20000076293945,63.0,100.0,healthy
35.60000228881836,56.0,100.0,healthy
36.0,53.0,98.0,healthy
35.20000076293945,61.0,99.0,risky
28.200000762939453,50.0,100.0,risky
36.20000076293945,71.0,100.0,healthy
35.70000076293945,60.0,99.0,healthy
35.5,59.0,100.0,healthy
35.5,78.0,99.0,healthy
34.5,61.0,100.0,dangerous
35.900001525878906,63.0,100.0,healthy
36.29999923706055,98.0,98.0,healthy
35.900001525878906,66.0,100.0,healthy
30.5,55.0,100.0,dangerous
34.79999923706055,71.0,100.0,risky
32.70000076293945,65.0,99.0,dangerous
35.70000076293945,61.0,100.0,healthy
35.70000076293945,57.0,100.0,risky
35.10000228881836,62.0,100.0,healthy
36.70000076293945,65.0,100.0,healthy
35.400001525878906,62.0,100.0,healthy
35.79999923706055,66.0,99.0,healthy
36.5,51.0,98.0,healthy
36.0,77.0,100.0,healthy
36.0,73.0,99.0,healthy
36.20000076293945,58.0,100.0,healthy
35.60000228881836,71.0,100.0,healthy
35.900001525878906,51.0,99.0,healthy
36.10000228881836,58.0,99.0,healthy
28.80000114440918,63.0,99.0,risky
36.0,83.0,95.0,healthy
35.5,76.0,97.0,healthy
35.79999923706055,126.0,97.0,healthy
35.10000228881836,61.0,100.0,healthy
35.70000076293945,53.0,100.0,healthy
35.29999923706055,105.0,98.0,healthy
36.29999923706055,71.0,100.0,healthy
36.10000228881836,64.0,98.0,healthy
35.900001525878906,61.0,98.0,healthy
35.60000228881836,54.0,98.0,healthy
28.0,63.0,98.0,risky
36.60000228881836,68.0,99.0,healthy
36.0,77.0,98.0,risky
35.29999923706055,52.0,96.0,healthy
35.60000228881836,62.0,97.0,risky
36.5,81.0,98.0,healthy
36.0,67.0,98.0,healthy
35.70000076293945,54.0,95.0,healthy
35.900001525878906,61.0,99.0,healthy
36.20000076293945,90.0,98.0,healthy
35.79999923706055,77.0,100.0,healthy
36.5,77.0,100.0,healthy
36.20000076293945,62.0,100.0,risky
36.20000076293945,84.0,99.0,healthy
36.29999923706055,61.0,96.0,healthy
35.5,66.0,100.0,healthy
35.900001525878906,66.0,99.0,healthy
35.900001525878906,59.0,99.0,healthy
36.20000076293945,68.0,97.0,healthy
36.0,59.0,98.0,healthy
36.29999923706055,54.0,100.0,healthy
35.29999923706055,46.0,100.0,healthy
35.79999923706055,79.0,98.0,healthy
36.60000228881836,58.0,99.0,healthy
36.20000076293945,90.0,99.0,healthy
35.900001525878906,74.0,97.0,healthy
35.60000228881836,69.0,99.0,healthy
34.79999923706055,66.0,100.0,dangerous
36.60000228881836,52.0,100.0,healthy
35.900001525878906,59.0,96.0,healthy
36.29999923706055,65.0,100.0,healthy
36.29999923706055,82.0,100.0,healthy
35.5,70.0,99.0,healthy
36.29999923706055,54.0,100.0,healthy
36.0,59.0,99.0,healthy
35.0,103.0,99.0,healthy
35.900001525878906,73.0,99.0,healthy
35.400001525878906,67.0,100.0,healthy
33.400001525878906,59.0,97.0,risky
36.20000076293945,42.0,100.0,healthy
36.5,73.0,100.0,healthy
35.900001525878906,51.0,100.0,healthy
35.400001525878906,73.0,99.0,healthy
35.5,50.0,99.0,healthy
35.900001525878906,61.0,98.0,healthy
36.5,53.0,96.0,healthy
35.900001525878906,92.0,97.0,healthy
35.0,60.0,99.0,healthy
36.79999923706055,90.0,99.0,risky
35.900001525878906,93.0,98.0,healthy
35.79999923706055,57.0,99.0,healthy
35.900001525878906,74.0,97.0,healthy
35.5,72.0,98.0,healthy
36.29999923706055,52.0,99.0,healthy
36.10000228881836,72.0,95.0,healthy
35.70000076293945,54.0,97.0,healthy
35.900001525878906,53.0,98.0,healthy
34.900001525878906,82.0,99.0,risky
36.70000076293945,61.0,96.0,healthy
35.900001525878906,83.0,100.0,risky
32.60000228881836,76.0,98.0,dangerous
35.60000228881836,49.0,100.0,healthy
36.79999923706055,66.0,99.0,healthy
35.79999923706055,82.0,99.0,healthy
36.5,82.0,98.0,healthy
35.400001525878906,66.0,99.0,healthy
36.20000076293945,60.0,99.0,healthy
36.0,73.0,99.0,risky
35.5,71.0,99.0,healthy
35.79999923706055,56.0,98.0,healthy
36.400001525878906,84.0,99.0,healthy
36.20000076293945,67.0,97.0,healthy
36.400001525878906,72.0,100.0,healthy
35.60000228881836,72.0,100.0,healthy
35.70000076293945,62.0,100.0,healthy
35.900001525878906,73.0,98.0,healthy
35.5,55.0,99.0,healthy
35.60000228881836,51.0,94.0,healthy
35.60000228881836,97.0,88.0,risky
35.0,56.0,100.0,healthy
35.900001525878906,55.0,100.0,healthy
35.900001525878906,64.0,100.0,healthy
34.900001525878906,45.0,99.0,dangerous
28.5,69.0,97.0,dangerous
36.0,82.0,100.0,healthy
35.900001525878906,58.0,99.0,healthy
34.70000076293945,67.0,100.0,risky
35.10000228881836,89.0,98.0,healthy
35.70000076293945,60.0,97.0,healthy
37.0,71.0,100.0,healthy
36.5,59.0,96.0,healthy
36.10000228881836,63.0,98.0,healthy
36.70000076293945,87.0,100.0,healthy
36.400001525878906,62.0,98.0,healthy
36.10000228881836,61.0,100.0,healthy
35.70000076293945,57.0,99.0,healthy
36.400001525878906,59.0,99.0,risky
36.20000076293945,92.0,94.0,healthy
35.400001525878906,65.0,100.0,healthy
36.0,88.0,98.0,healthy
35.70000076293945,78.0,100.0,healthy
31.30000114440918,75.0,100.0,dangerous
35.10000228881836,96.0,98.0,risky
36.29999923706055,51.0,95.0,healthy
34.60000228881836,50.0,99.0,dangerous
35.60000228881836,56.0,100.0,healthy
36.70000076293945,62.0,94.0,healthy
35.20000076293945,65.0,99.0,healthy
35.29999923706055,69.0,100.0,healthy
35.400001525878906,100.0,100.0,risky
35.5,64.0,97.0,risky
35.70000076293945,51.0,97.0,healthy
36.10000228881836,47.0,100.0,healthy
35.79999923706055,80.0,100.0,healthy
36.20000076293945,48.0,99.0,healthy
35.400001525878906,73.0,100.0,healthy
36.70000076293945,59.0,99.0,healthy
35.900001525878906,61.0,99.0,healthy
35.5,80.0,100.0,healthy
35.400001525878906,52.0,99.0,healthy
35.20000076293945,92.0,99.0,healthy
36.10000228881836,82.0,100.0,risky
35.60000228881836,63.0,98.0,healthy
36.79999923706055,59.0,99.0,healthy
36.5,70.0,97.0,healthy
36.20000076293945,77.0,100.0,healthy
35.60000228881836,62.0,100.0,healthy
34.60000228881836,65.0,98.0,risky
36.29999923706055,70.0,100.0,healthy
36.29999923706055,82.0,98.0,healthy
35.20000076293945,41.0,100.0,healthy
32.400001525878906,66.0,100.0,risky
36.70000076293945,55.0,97.0,healthy
35.400001525878906,83.0,98.0,healthy
35.70000076293945,75.0,98.0,healthy
35.70000076293945,95.0,100.0,healthy
35.900001525878906,79.0,100.0,healthy
35.29999923706055,70.0,100.0,healthy
36.5,75.0,97.0,healthy
36.0,53.0,99.0,healthy
35.60000228881836,56.0,98.0,healthy
35.70000076293945,80.0,97.0,healthy
35.900001525878906,64.0,99.0,risky
35.900001525878906,57.0,99.0,healthy
35.900001525878906,85.0,100.0,healthy
36.29999923706055,71.0,98.0,healthy
36.0,64.0,99.0,healthy
35.60000228881836,59.0,100.0,risky
36.10000228881836,56.0,100.0,healthy
35.20000076293945,78.0,100.0,healthy
36.10000228881836,79.0,100.0,healthy
36.5,85.0,90.0,dangerous
36.0,100.0,97.0,healthy
35.70000076293945,70.0,100.0,risky
35.20000076293945,62.0,96.0,risky
36.400001525878906,87.0,98.0,healthy
35.20000076293945,59.0,99.0,risky
35.60000228881836,59.0,100.0,risky
35.70000076293945,87.0,99.0,risky
35.60000228881836,65.0,98.0,healthy
35.400001525878906,66.0,100.0,healthy
35.60000228881836,58.0,100.0,healthy
35.5,52.0,100.0,healthy
35.900001525878906,75.0,100.0,healthy
36.20000076293945,58.0,100.0,healthy
35.20000076293945,63.0,98.0,healthy
36.400001525878906,53.0,97.0,healthy
36.0,80.0,97.0,healthy
36.20000076293945,83.0,99.0,healthy
35.70000076293945,65.0,99.0,healthy
35.5,54.0,99.0,healthy
35.70000076293945,82.0,99.0,healthy
36.29999923706055,64.0,99.0,healthy
34.10000228881836,73.0,100.0,risky
35.79999923706055,56.0,100.0,healthy
36.0,77.0,100.0,healthy
35.70000076293945,69.0,100.0,healthy
35.60000228881836,38.0,97.0,risky
36.29999923706055,60.0,98.0,healthy
36.5,68.0,99.0,healthy
35.900001525878906,79.0,94.0,healthy
35.79999923706055,54.0,100.0,healthy
35.79999923706055,59.0,98.0,healthy
36.10000228881836,63.0,100.0,healthy
35.70000076293945,75.0,100.0,healthy
35.70000076293945,77.0,100.0,risky
35.900001525878906,67.0,100.0,healthy
35.60000228881836,49.0,97.0,healthy
35.20000076293945,42.0,99.0,healthy
36.60000228881836,97.0,98.0,risky
35.60000228881836,65.0,99.0,healthy
35.79999923706055,52.0,99.0,risky
36.10000228881836,78.0,100.0,healthy
35.79999923706055,57.0,99.0,healthy
36.0,78.0,97.0,risky
36.10000228881836,70.0,99.0,healthy
35.79999923706055,62.0,100.0,healthy
36.0,48.0,99.0,healthy
36.0,66.0,100.0,healthy
35.79999923706055,73.0,99.0,healthy
36.0,75.0,100.0,healthy
36.400001525878906,46.0,98.0,healthy
36.20000076293945,71.0,99.0,healthy
35.79999923706055,65.0,100.0,healthy
36.20000076293945,64.0,100.0,healthy
36.20000076293945,82.0,99.0,healthy
36.29999923706055,72.0,99.0,healthy
36.20000076293945,59.0,98.0,healthy
36.0,68.0,98.0,healthy
35.900001525878906,77.0,97.0,healthy
36.20000076293945,57.0,98.0,risky
35.79999923706055,58.0,97.0,risky
35.900001525878906,63.0,98.0,healthy
36.0,72.0,99.0,healthy
35.900001525878906,86.0,99.0,healthy
35.900001525878906,64.0,96.0,healthy
35.10000228881836,68.0,99.0,healthy
35.5,88.0,97.0,healthy
35.900001525878906,78.0,100.0,healthy
36.400001525878906,72.0,100.0,healthy
35.60000228881836,60.0,100.0,healthy
36.29999923706055,49.0,100.0,healthy
35.5,67.0,99.0,healthy
35.900001525878906,55.0,100.0,risky
35.900001525878906,64.0,98.0,healthy
35.900001525878906,74.0,97.0,healthy
35.60000228881836,75.0,99.0,healthy
35.60000228881836,71.0,100.0,healthy
36.5,89.0,99.0,healthy
28.30000114440918,87.0,98.0,dangerous
35.20000076293945,75.0,100.0,healthy
35.70000076293945,60.0,100.0,healthy
35.60000228881836,61.0,99.0,healthy
36.400001525878906,48.0,100.0,risky
35.400001525878906,59.0,98.0,healthy
35.60000228881836,68.0,100.0,healthy
36.400001525878906,77.0,100.0,healthy
35.70000076293945,65.0,97.0,healthy
35.60000228881836,71.0,99.0,healthy
35.79999923706055,52.0,100.0,healthy
36.20000076293945,49.0,96.0,healthy
35.20000076293945,84.0,99.0,healthy
36.0,60.0,100.0,healthy
36.10000228881836,69.0,100.0,healthy
36.60000228881836,54.0,96.0,healthy
35.900001525878906,66.0,100.0,healthy
35.70000076293945,53.0,98.0,healthy
35.70000076293945,66.0,99.0,risky
35.20000076293945,65.0,98.0,healthy
35.5,55.0,100.0,risky
36.20000076293945,66.0,100.0,healthy
36.29999923706055,71.0,100.0,healthy
35.400001525878906,58.0,100.0,healthy
35.60000228881836,56.0,92.0,healthy
35.79999923706055,58.0,100.0,healthy
35.900001525878906,71.0,99.0,healthy
36.20000076293945,70.0,99.0,risky
35.5,57.0,99.0,healthy
35.60000228881836,63.0,99.0,healthy
35.70000076293945,42.0,97.0,dangerous
36.400001525878906,62.0,98.0,healthy
37.0,79.0,100.0,healthy
34.79999923706055,55.0,99.0,risky
36.5,68.0,97.0,healthy
36.60000228881836,59.0,99.0,healthy
36.5,60.0,99.0,healthy
35.70000076293945,68.0,100.0,healthy
34.79999923706055,75.0,98.0,dangerous
35.900001525878906,56.0,98.0,healthy
36.60000228881836,76.0,98.0,healthy
36.29999923706055,81.0,100.0,healthy
35.79999923706055,55.0,99.0,healthy
36.29999923706055,68.0,98.0,healthy
36.20000076293945,63.0,99.0,healthy
35.5,75.0,99.0,healthy
35.60000228881836,59.0,95.0,healthy
36.400001525878906,62.0,100.0,healthy
35.5,78.0,100.0,risky
36.10000228881836,68.0,98.0,healthy
35.60000228881836,61.0,99.0,healthy
36.10000228881836,77.0,99.0,healthy
36.900001525878906,68.0,99.0,healthy
36.0,61.0,100.0,healthy
36.900001525878906,99.0,95.0,healthy
35.79999923706055,55.0,100.0,healthy
35.70000076293945,93.0,100.0,healthy
36.0,85.0,98.0,healthy
36.400001525878906,77.0,99.0,healthy
37.0,73.0,97.0,risky
35.29999923706055,83.0,99.0,risky
35.5,72.0,99.0,healthy
36.29999923706055,74.0,100.0,healthy
36.79999923706055,53.0,100.0,healthy
36.10000228881836,69.0,100.0,healthy
35.5,101.0,99.0,healthy
35.5,60.0,100.0,healthy
35.29999923706055,75.0,99.0,healthy
35.5,64.0,99.0,healthy
35.79999923706055,69.0,100.0,healthy
35.900001525878906,70.0,99.0,healthy
35.29999923706055,62.0,100.0,healthy
35.79999923706055,69.0,99.0,healthy
36.20000076293945,69.0,99.0,healthy
36.10000228881836,79.0,96.0,healthy
35.900001525878906,56.0,99.0,healthy
36.20000076293945,43.0,99.0,healthy
35.79999923706055,58.0,98.0,healthy
35.400001525878906,96.0,96.0,healthy
36.29999923706055,48.0,98.0,healthy
36.20000076293945,77.0,100.0,healthy
37.29999923706055,73.0,98.0,healthy
35.60000228881836,57.0,100.0,risky
35.70000076293945,59.0,99.0,healthy
35.0,87.0,100.0,healthy
36.20000076293945,112.0,97.0,healthy
35.60000228881836,73.0,100.0,healthy
35.10000228881836,86.0,99.0,risky
35.900001525878906,70.0,99.0,healthy
36.5,64.0,100.0,healthy
36.29999923706055,62.0,99.0,healthy
35.29999923706055,54.0,98.0,healthy
32.60000228881836,93.0,99.0,risky
35.79999923706055,66.0,97.0,healthy
35.29999923706055,64.0,100.0,healthy
36.0,59.0,97.0,risky
32.60000228881836,76.0,100.0,risky
28.80000114440918,63.0,98.0,risky
36.0,77.0,97.0,healthy
35.400001525878906,48.0,100.0,healthy
33.29999923706055,68.0,98.0,risky
36.20000076293945,71.0,99.0,healthy
36.400001525878906,80.0,100.0,healthy
35.900001525878906,98.0,100.0,healthy
35.60000228881836,88.0,100.0,healthy
36.20000076293945,65.0,100.0,healthy
34.70000076293945,62.0,99.0,risky
35.400001525878906,59.0,97.0,healthy
36.400001525878906,53.0,99.0,healthy
35.5,51.0,97.0,healthy
35.5,86.0,100.0,risky
35.900001525878906,82.0,99.0,healthy
35.60000228881836,93.0,97.0,healthy
35.70000076293945,63.0,100.0,healthy
35.60000228881836,79.0,96.0,healthy
35.900001525878906,86.0,98.0,healthy
36.400001525878906,104.0,100.0,healthy
35.900001525878906,67.0,100.0,healthy
36.20000076293945,71.0,100.0,risky
35.400001525878906,52.0,100.0,healthy
35.79999923706055,74.0,99.0,healthy
35.5,96.0,98.0,healthy
34.70000076293945,59.0,100.0,dangerous
36.900001525878906,96.0,100.0,healthy
35.5,80.0,99.0,healthy
36.20000076293945,70.0,98.0,healthy
35.60000228881836,66.0,100.0,healthy
36.10000228881836,78.0,100.0,healthy
36.70000076293945,81.0,100.0,healthy
36.400001525878906,61.0,99.0,healthy
36.400001525878906,57.0,100.0,healthy
35.900001525878906,52.0,97.0,healthy
35.20000076293945,72.0,99.0,risky
35.60000228881836,62.0,99.0,risky
36.10000228881836,63.0,99.0,healthy
35.79999923706055,63.0,100.0,healthy
36.400001525878906,98.0,98.0,risky
35.70000076293945,67.0,99.0,healthy
35.29999923706055,86.0,97.0,healthy
35.60000228881836,68.0,98.0,healthy
35.900001525878906,72.0,99.0,healthy
36.0,79.0,100.0,healthy
35.29999923706055,59.0,98.0,healthy
35.400001525878906,68.0,98.0,healthy
35.900001525878906,61.0,100.0,healthy
37.20000076293945,118.0,100.0,healthy
35.900001525878906,62.0,100.0,healthy
36.5,78.0,100.0,healthy
35.400001525878906,71.0,100.0,healthy
35.900001525878906,73.0,99.0,healthy
35.79999923706055,76.0,98.0,risky
35.29999923706055,64.0,98.0,healthy
36.20000076293945,62.0,99.0,risky
36.900001525878906,96.0,97.0,healthy
35.70000076293945,54.0,100.0,healthy
36.10000228881836,78.0,99.0,healthy
36.0,84.0,96.0,healthy
35.900001525878906,85.0,100.0,healthy
35.70000076293945,56.0,97.0,healthy
35.70000076293945,47.0,99.0,healthy
36.60000228881836,146.0,98.0,risky
35.900001525878906,68.0,99.0,risky
34.900001525878906,78.0,99.0,dangerous
35.79999923706055,66.0,99.0,healthy
35.60000228881836,54.0,98.0,healthy
35.20000076293945,74.0,100.0,risky
36.5,77.0,92.0,healthy
35.0,75.0,99.0,healthy
37.20000076293945,95.0,100.0,healthy
35.0,74.0,99.0,healthy
35.0,54.0,99.0,healthy
37.79999923706055,85.0,98.0,healthy
36.79999923706055,93.0,94.0,risky
36.20000076293945,74.0,98.0,healthy
36.29999923706055,81.0,99.0,healthy
36.29999923706055,58.0,98.0,risky
35.10000228881836,60.0,98.0,healthy
35.60000228881836,57.0,99.0,healthy
35.0,52.0,99.0,healthy
35.400001525878906,66.0,100.0,healthy
36.400001525878906,70.0,99.0,healthy
36.10000228881836,66.0,98.0,healthy
36.70000076293945,64.0,98.0,risky
35.20000076293945,73.0,90.0,dangerous
36.10000228881836,46.0,100.0,healthy
36.29999923706055,77.0,96.0,risky
35.29999923706055,55.0,99.0,healthy
36.10000228881836,88.0,99.0,risky
28.899999618530273,114.0,100.0,dangerous
36.10000228881836,72.0,98.0,healthy
36.5,61.0,100.0,healthy
32.70000076293945,60.0,100.0,risky
36.10000228881836,60.0,100.0,healthy
36.400001525878906,62.0,97.0,risky
36.20000076293945,56.0,97.0,healthy
35.10000228881836,54.0,92.0,healthy
35.900001525878906,63.0,99.0,healthy
36.0,52.0,99.0,healthy
36.79999923706055,88.0,99.0,healthy
35.20000076293945,81.0,99.0,healthy
36.29999923706055,76.0,98.0,healthy
35.5,43.0,99.0,healthy
35.70000076293945,76.0,100.0,healthy
36.400001525878906,69.0,94.0,healthy
35.70000076293945,68.0,98.0,healthy
36.10000228881836,69.0,99.0,healthy
36.0,71.0,87.0,dangerous
36.10000228881836,54.0,100.0,healthy
36.20000076293945,72.0,99.0,healthy
35.60000228881836,69.0,98.0,healthy
35.400001525878906,59.0,100.0,healthy
36.29999923706055,90.0,99.0,risky
35.79999923706055,55.0,96.0,healthy
28.30000114440918,112.0,100.0,risky
35.900001525878906,67.0,98.0,healthy
36.0,72.0,96.0,healthy
35.70000076293945,77.0,98.0,healthy
35.5,60.0,100.0,healthy
36.60000228881836,53.0,99.0,healthy
36.400001525878906,73.0,99.0,healthy
36.10000228881836,81.0,96.0,risky
35.10000228881836,62.0,100.0,healthy
36.20000076293945,67.0,94.0,healthy
36.0,69.0,100.0,healthy
35.60000228881836,53.0,99.0,healthy
36.0,61.0,98.0,healthy
36.0,64.0,100.0,healthy
35.900001525878906,59.0,99.0,healthy
35.29999923706055,73.0,100.0,risky
36.0,71.0,99.0,healthy
35.5,78.0,99.0,healthy
35.79999923706055,67.0,100.0,healthy
35.5,57.0,100.0,healthy
36.10000228881836,52.0,99.0,healthy
34.400001525878906,66.0,99.0,dangerous
36.29999923706055,56.0,97.0,healthy
36.10000228881836,60.0,98.0,healthy
35.60000228881836,71.0,98.0,healthy
35.70000076293945,53.0,99.0,healthy
35.79999923706055,87.0,100.0,healthy
36.70000076293945,106.0,100.0,risky
35.400001525878906,78.0,99.0,healthy
36.400001525878906,64.0,96.0,healthy
36.60000228881836,83.0,95.0,healthy
36.400001525878906,75.0,100.0,risky
36.400001525878906,61.0,98.0,healthy
35.900001525878906,62.0,99.0,healthy
36.400001525878906,83.0,100.0,healthy
35.400001525878906,59.0,100.0,healthy
35.5,69.0,99.0,healthy
35.70000076293945,73.0,96.0,healthy
35.60000228881836,71.0,97.0,healthy
35.70000076293945,61.0,100.0,healthy
36.0,63.0,94.0,healthy
35.70000076293945,50.0,97.0,healthy
36.20000076293945,48.0,100.0,healthy
33.400001525878906,62.0,99.0,dangerous
36.10000228881836,53.0,95.0,healthy
35.29999923706055,60.0,98.0,healthy
36.29999923706055,56.0,100.0,healthy
36.20000076293945,82.0,99.0,healthy
35.79999923706055,75.0,99.0,healthy
36.5,67.0,97.0,risky
36.20000076293945,77.0,99.0,healthy
35.79999923706055,56.0,100.0,healthy
35.29999923706055,56.0,100.0,healthy
35.900001525878906,55.0,100.0,healthy
35.400001525878906,72.0,98.0,healthy
35.10000228881836,80.0,92.0,healthy
35.0,65.0,100.0,healthy
38.10000228881836,94.0,99.0,risky
35.70000076293945,73.0,97.0,risky
36.0,54.0,99.0,healthy
36.400001525878906,55.0,99.0,healthy
35.29999923706055,81.0,94.0,healthy
36.900001525878906,76.0,98.0,healthy
35.60000228881836,50.0,98.0,healthy
35.70000076293945,72.0,97.0,healthy
34.79999923706055,49.0,100.0,risky
35.0,50.0,99.0,healthy
36.60000228881836,69.0,100.0,healthy
36.29999923706055,57.0,100.0,healthy
35.20000076293945,103.0,100.0,healthy
36.60000228881836,107.0,98.0,healthy
35.79999923706055,69.0,99.0,healthy
34.5,70.0,99.0,dangerous
36.20000076293945,60.0,97.0,healthy
35.10000228881836,78.0,97.0,healthy
37.400001525878906,86.0,99.0,healthy
36.0,64.0,100.0,healthy
35.70000076293945,77.0,100.0,healthy
36.79999923706055,59.0,98.0,healthy
35.900001525878906,58.0,97.0,healthy
34.60000228881836,89.0,98.0,dangerous
35.70000076293945,58.0,99.0,healthy
35.29999923706055,72.0,94.0,healthy
37.29999923706055,87.0,98.0,healthy
35.900001525878906,67.0,99.0,healthy
36.60000228881836,81.0,100.0,risky
35.60000228881836,66.0,98.0,healthy
35.5,78.0,98.0,healthy
35.60000228881836,61.0,100.0,healthy
35.70000076293945,70.0,100.0,healthy
35.70000076293945,65.0,98.0,healthy
36.5,62.0,98.0,healthy
35.29999923706055,119.0,95.0,risky
35.79999923706055,52.0,99.0,healthy
35.400001525878906,118.0,99.0,risky
36.20000076293945,58.0,100.0,healthy
36.0,84.0,98.0,risky
37.0,84.0,96.0,healthy
36.10000228881836,64.0,100.0,healthy
36.0,75.0,100.0,healthy
35.79999923706055,60.0,99.0,risky
35.79999923706055,60.0,99.0,healthy
35.60000228881836,111.0,100.0,risky
35.400001525878906,72.0,97.0,healthy
35.400001525878906,64.0,92.0,healthy
36.5,66.0,96.0,healthy
35.60000228881836,82.0,99.0,risky
36.60000228881836,69.0,100.0,healthy
36.5,80.0,100.0,healthy
28.399999618530273,72.0,99.0,risky
35.900001525878906,64.0,97.0,healthy
35.70000076293945,48.0,100.0,healthy
35.60000228881836,74.0,100.0,healthy
37.79999923706055,91.0,99.0,healthy
35.29999923706055,84.0,100.0,healthy
36.0,69.0,100.0,healthy
36.0,55.0,100.0,healthy
35.20000076293945,64.0,98.0,healthy
34.60000228881836,66.0,100.0,risky
36.29999923706055,57.0,97.0,healthy
35.29999923706055,92.0,98.0,healthy
35.70000076293945,114.0,99.0,risky
35.79999923706055,76.0,100.0,healthy
36.0,69.0,98.0,healthy
35.900001525878906,80.0,99.0,healthy
35.29999923706055,47.0,97.0,healthy
35.60000228881836,89.0,99.0,healthy
36.70000076293945,72.0,100.0,healthy
34.0,83.0,99.0,risky
35.5,56.0,100.0,healthy
36.5,56.0,92.0,healthy
34.900001525878906,60.0,99.0,risky
35.79999923706055,61.0,100.0,healthy
36.20000076293945,72.0,98.0,healthy
36.20000076293945,73.0,98.0,healthy
35.400001525878906,59.0,100.0,risky
36.20000076293945,81.0,97.0,healthy
36.29999923706055,68.0,100.0,healthy
35.60000228881836,67.0,99.0,healthy
35.79999923706055,63.0,98.0,healthy
36.10000228881836,59.0,98.0,healthy
35.60000228881836,65.0,98.0,risky
35.0,76.0,100.0,healthy
36.0,55.0,100.0,risky
35.79999923706055,48.0,97.0,healthy
35.70000076293945,53.0,98.0,healthy
35.900001525878906,60.0,99.0,healthy
35.5,96.0,98.0,healthy
34.900001525878906,75.0,100.0,dangerous
35.400001525878906,95.0,97.0,healthy
35.5,104.0,99.0,healthy
35.5,87.0,100.0,healthy
37.0,78.0,99.0,healthy
35.79999923706055,79.0,99.0,risky
36.0,58.0,99.0,healthy
34.10000228881836,62.0,98.0,risky
35.400001525878906,49.0,100.0,healthy
36.10000228881836,82.0,99.0,healthy
35.60000228881836,69.0,100.0,healthy
36.20000076293945,75.0,98.0,healthy
35.29999923706055,63.0,98.0,healthy
35.400001525878906,45.0,99.0,healthy
36.400001525878906,64.0,99.0,healthy
35.900001525878906,82.0,97.0,healthy
36.20000076293945,65.0,100.0,healthy
35.79999923706055,51.0,100.0,healthy
35.900001525878906,92.0,98.0,healthy
35.5,47.0,99.0,healthy
35.5,69.0,100.0,healthy
35.60000228881836,55.0,97.0,healthy
36.20000076293945,57.0,99.0,healthy
34.60000228881836,66.0,100.0,dangerous
35.70000076293945,55.0,99.0,healthy
36.900001525878906,62.0,99.0,healthy
35.70000076293945,60.0,100.0,healthy
36.0,61.0,98.0,healthy
35.79999923706055,59.0,100.0,healthy
36.29999923706055,60.0,100.0,healthy
35.0,63.0,99.0,healthy
36.400001525878906,47.0,99.0,healthy
34.900001525878906,84.0,99.0,dangerous
36.5,80.0,100.0,healthy
35.60000228881836,60.0,97.0,healthy
36.70000076293945,57.0,100.0,healthy
36.0,56.0,97.0,healthy
36.5,81.0,100.0,healthy
36.29999923706055,65.0,100.0,healthy
36.29999923706055,74.0,100.0,healthy
35.20000076293945,69.0,99.0,healthy
35.400001525878906,47.0,96.0,healthy
36.20000076293945,63.0,100.0,risky
35.20000076293945,59.0,100.0,healthy
36.20000076293945,83.0,97.0,healthy
35.60000228881836,57.0,99.0,healthy
36.0,72.0,100.0,healthy
36.20000076293945,58.0,100.0,healthy
36.400001525878906,83.0,99.0,healthy
36.400001525878906,75.0,100.0,risky
37.20000076293945,82.0,98.0,healthy
35.70000076293945,65.0,96.0,risky
36.70000076293945,62.0,99.0,healthy
31.899999618530273,69.0,91.0,dangerous
35.60000228881836,88.0,100.0,healthy
36.20000076293945,62.0,100.0,healthy
36.0,80.0,99.0,healthy
36.0,63.0,99.0,healthy
35.70000076293945,57.0,98.0,risky
36.0,111.0,100.0,healthy
35.20000076293945,73.0,97.0,healthy
36.5,67.0,100.0,healthy
35.900001525878906,65.0,99.0,risky
35.20000076293945,81.0,99.0,healthy
35.79999923706055,101.0,98.0,healthy
34.60000228881836,62.0,99.0,risky
36.79999923706055,57.0,100.0,healthy
35.70000076293945,74.0,99.0,healthy
35.70000076293945,73.0,93.0,healthy
36.5,57.0,100.0,healthy
35.79999923706055,57.0,100.0,healthy
35.900001525878906,83.0,98.0,healthy
36.79999923706055,77.0,99.0,healthy
36.60000228881836,57.0,100.0,healthy
35.5,46.0,100.0,healthy
35.400001525878906,65.0,100.0,healthy
36.0,62.0,100.0,healthy
36.60000228881836,83.0,98.0,healthy
33.20000076293945,67.0,98.0,risky
34.400001525878906,62.0,98.0,risky
35.0,66.0,100.0,healthy
36.20000076293945,59.0,97.0,healthy
36.20000076293945,84.0,99.0,healthy
36.60000228881836,84.0,95.0,healthy
36.29999923706055,106.0,100.0,healthy
31.100000381469727,110.0,100.0,dangerous
36.60000228881836,82.0,100.0,healthy
36.0,54.0,100.0,healthy
35.900001525878906,69.0,100.0,healthy
36.60000228881836,56.0,97.0,healthy
35.79999923706055,80.0,100.0,healthy
36.10000228881836,72.0,99.0,healthy
35.0,61.0,98.0,healthy
36.400001525878906,48.0,99.0,healthy
36.5,65.0,96.0,healthy
35.79999923706055,68.0,99.0,healthy
37.20000076293945,73.0,100.0,risky
36.20000076293945,59.0,100.0,healthy
35.900001525878906,89.0,97.0,healthy
35.29999923706055,91.0,96.0,healthy
36.0,57.0,100.0,healthy
35.400001525878906,68.0,99.0,healthy
36.20000076293945,98.0,100.0,risky
35.20000076293945,70.0,90.0,risky
36.0,65.0,100.0,healthy
35.5,69.0,97.0,healthy
35.10000228881836,80.0,100.0,healthy
34.900001525878906,82.0,100.0,dangerous
36.10000228881836,90.0,100.0,healthy
35.10000228881836,68.0,98.0,healthy
35.70000076293945,75.0,100.0,healthy
35.79999923706055,92.0,99.0,healthy
36.0,82.0,100.0,risky
35.400001525878906,66.0,98.0,healthy
